anio_enfr,codprov_censo,prov_nombre,region_deis,grupo_edad10,sexo,defun_n,defun_mean,lx,Tx,ex,AVP
2005,02,CABA,Centro,30 a 39,Mujer,1,0.3333333333333333,98257.61885,4983143.736,50.71508748453657,16.90502916151219
2005,02,CABA,Centro,30 a 39,Varón,4,1.3333333333333333,96997.57994,4397739.3413,45.33865013972843,60.451533519637906
2005,02,CABA,Centro,40 a 49,Mujer,5,1.6666666666666667,97340.83661,4492775.462499999,46.15509398692027,76.92515664486712
2005,02,CABA,Centro,40 a 49,Varón,5,1.6666666666666667,95386.37498,3914498.4263,41.03833935528808,68.39723225881347
2005,02,CABA,Centro,50 a 59,Mujer,24,8,95441.65065,4007943.3663,41.99365097946365,335.9492078357092
2005,02,CABA,Centro,50 a 59,Varón,46,15.333333333333334,92417.20236,3440462.4833,37.227511712571605,570.8218462594313
2005,02,CABA,Centro,60 a 69,Mujer,55,18.333333333333332,91170.49198,3534888.1766999997,38.772283662519285,710.8252004795202
2005,02,CABA,Centro,60 a 69,Varón,86,28.666666666666668,85071.85545,2985441.5738,35.09317573959179,1006.0043712016314
2005,02,CABA,Centro,70 a 79,Mujer,138,46,81312.23623,3089197.6009,37.991792430377735,1747.6224517973758
2005,02,CABA,Centro,70 a 79,Varón,158,52.666666666666664,68546.20957,2577191.6172,37.59787205400685,1980.1545948443606
2005,02,CABA,Centro,80+,Mujer,291,97,97889.69055,2704000.1218,27.622930531370443,2679.424261542933
2005,02,CABA,Centro,80+,Varón,141,47,96298.78607,2266735.9454,23.538572373615384,1106.3129015599231
2005,06,Buenos Aires,Centro,30 a 39,Mujer,24,8,98257.61885,4983143.736,50.71508748453657,405.72069987629254
2005,06,Buenos Aires,Centro,30 a 39,Varón,28,9.333333333333334,96997.57994,4397739.3413,45.33865013972843,423.16073463746534
2005,06,Buenos Aires,Centro,40 a 49,Mujer,89,29.666666666666668,97340.83661,4492775.462499999,46.15509398692027,1369.2677882786347
2005,06,Buenos Aires,Centro,40 a 49,Varón,125,41.666666666666664,95386.37498,3914498.4263,41.03833935528808,1709.9308064703366
2005,06,Buenos Aires,Centro,50 a 59,Mujer,255,85,95441.65065,4007943.3663,41.99365097946365,3569.46033325441
2005,06,Buenos Aires,Centro,50 a 59,Varón,430,143.33333333333334,92417.20236,3440462.4833,37.227511712571605,5335.943345468597
2005,06,Buenos Aires,Centro,60 a 69,Mujer,714,238,91170.49198,3534888.1766999997,38.772283662519285,9227.803511679589
2005,06,Buenos Aires,Centro,60 a 69,Varón,1010,336.6666666666667,85071.85545,2985441.5738,35.09317573959179,11814.702498995905
2005,06,Buenos Aires,Centro,70 a 79,Mujer,1257,419,81312.23623,3089197.6009,37.991792430377735,15918.561028328271
2005,06,Buenos Aires,Centro,70 a 79,Varón,1502,500.6666666666667,68546.20957,2577191.6172,37.59787205400685,18824.00127503943
2005,06,Buenos Aires,Centro,80+,Mujer,1476,492,97889.69055,2704000.1218,27.622930531370443,13590.481821434258
2005,06,Buenos Aires,Centro,80+,Varón,916,305.3333333333333,96298.78607,2266735.9454,23.538572373615384,7187.110764743897
2005,10,Catamarca,NOA2,30 a 39,Mujer,2,0.6666666666666666,98257.61885,4983143.736,50.71508748453657,33.81005832302438
2005,10,Catamarca,NOA2,30 a 39,Varón,1,0.3333333333333333,96997.57994,4397739.3413,45.33865013972843,15.112883379909476
2005,10,Catamarca,NOA2,40 a 49,Mujer,4,1.3333333333333333,97340.83661,4492775.462499999,46.15509398692027,61.54012531589369
2005,10,Catamarca,NOA2,40 a 49,Varón,5,1.6666666666666667,95386.37498,3914498.4263,41.03833935528808,68.39723225881347
2005,10,Catamarca,NOA2,50 a 59,Mujer,20,6.666666666666667,95441.65065,4007943.3663,41.99365097946365,279.95767319642437
2005,10,Catamarca,NOA2,50 a 59,Varón,19,6.333333333333333,92417.20236,3440462.4833,37.227511712571605,235.77424084628683
2005,10,Catamarca,NOA2,60 a 69,Mujer,15,5,91170.49198,3534888.1766999997,38.772283662519285,193.8614183125964
2005,10,Catamarca,NOA2,60 a 69,Varón,23,7.666666666666667,85071.85545,2985441.5738,35.09317573959179,269.04768067020376
2005,10,Catamarca,NOA2,70 a 79,Mujer,38,12.666666666666666,81312.23623,3089197.6009,37.991792430377735,481.22937078478463
2005,10,Catamarca,NOA2,70 a 79,Varón,40,13.333333333333334,68546.20957,2577191.6172,37.59787205400685,501.30496072009134
2005,10,Catamarca,NOA2,80+,Mujer,30,10,97889.69055,2704000.1218,27.622930531370443,276.22930531370446
2005,10,Catamarca,NOA2,80+,Varón,31,10.333333333333334,96298.78607,2266735.9454,23.538572373615384,243.23191452735898
2005,14,Córdoba,Centro,30 a 39,Mujer,10,3.3333333333333335,98257.61885,4983143.736,50.71508748453657,169.0502916151219
2005,14,Córdoba,Centro,30 a 39,Varón,8,2.6666666666666665,96997.57994,4397739.3413,45.33865013972843,120.90306703927581
2005,14,Córdoba,Centro,40 a 49,Mujer,25,8.333333333333334,97340.83661,4492775.462499999,46.15509398692027,384.62578322433563
2005,14,Córdoba,Centro,40 a 49,Varón,36,12,95386.37498,3914498.4263,41.03833935528808,492.46007226345694
2005,14,Córdoba,Centro,50 a 59,Mujer,112,37.333333333333336,95441.65065,4007943.3663,41.99365097946365,1567.7629698999765
2005,14,Córdoba,Centro,50 a 59,Varón,201,67,92417.20236,3440462.4833,37.227511712571605,2494.2432847422974
2005,14,Córdoba,Centro,60 a 69,Mujer,290,96.66666666666667,91170.49198,3534888.1766999997,38.772283662519285,3747.987420710198
2005,14,Córdoba,Centro,60 a 69,Varón,406,135.33333333333334,85071.85545,2985441.5738,35.09317573959179,4749.276450091423
2005,14,Córdoba,Centro,70 a 79,Mujer,445,148.33333333333334,81312.23623,3089197.6009,37.991792430377735,5635.449210506031
2005,14,Córdoba,Centro,70 a 79,Varón,576,192,68546.20957,2577191.6172,37.59787205400685,7218.7914343693155
2005,14,Córdoba,Centro,80+,Mujer,539,179.66666666666666,97889.69055,2704000.1218,27.622930531370443,4962.919852136222
2005,14,Córdoba,Centro,80+,Varón,299,99.66666666666667,96298.78607,2266735.9454,23.538572373615384,2346.0110465703333
2005,18,Corrientes,NEA,30 a 39,Mujer,3,1,98257.61885,4983143.736,50.71508748453657,50.71508748453657
2005,18,Corrientes,NEA,30 a 39,Varón,0,0,96997.57994,4397739.3413,45.33865013972843,0
2005,18,Corrientes,NEA,40 a 49,Mujer,7,2.3333333333333335,97340.83661,4492775.462499999,46.15509398692027,107.69521930281397
2005,18,Corrientes,NEA,40 a 49,Varón,12,4,95386.37498,3914498.4263,41.03833935528808,164.15335742115232
2005,18,Corrientes,NEA,50 a 59,Mujer,23,7.666666666666667,95441.65065,4007943.3663,41.99365097946365,321.95132417588803
2005,18,Corrientes,NEA,50 a 59,Varón,38,12.666666666666666,92417.20236,3440462.4833,37.227511712571605,471.54848169257366
2005,18,Corrientes,NEA,60 a 69,Mujer,64,21.333333333333332,91170.49198,3534888.1766999997,38.772283662519285,827.1420514670781
2005,18,Corrientes,NEA,60 a 69,Varón,85,28.333333333333332,85071.85545,2985441.5738,35.09317573959179,994.3066459551007
2005,18,Corrientes,NEA,70 a 79,Mujer,99,33,81312.23623,3089197.6009,37.991792430377735,1253.7291502024652
2005,18,Corrientes,NEA,70 a 79,Varón,94,31.333333333333332,68546.20957,2577191.6172,37.59787205400685,1178.0666576922147
2005,18,Corrientes,NEA,80+,Mujer,79,26.333333333333332,97889.69055,2704000.1218,27.622930531370443,727.4038373260883
2005,18,Corrientes,NEA,80+,Varón,41,13.666666666666666,96298.78607,2266735.9454,23.538572373615384,321.6938224394102
2005,22,Chaco,NEA,30 a 39,Mujer,2,0.6666666666666666,98257.61885,4983143.736,50.71508748453657,33.81005832302438
2005,22,Chaco,NEA,30 a 39,Varón,3,1,96997.57994,4397739.3413,45.33865013972843,45.33865013972843
2005,22,Chaco,NEA,40 a 49,Mujer,10,3.3333333333333335,97340.83661,4492775.462499999,46.15509398692027,153.85031328973423
2005,22,Chaco,NEA,40 a 49,Varón,7,2.3333333333333335,95386.37498,3914498.4263,41.03833935528808,95.75612516233886
2005,22,Chaco,NEA,50 a 59,Mujer,30,10,95441.65065,4007943.3663,41.99365097946365,419.93650979463655
2005,22,Chaco,NEA,50 a 59,Varón,56,18.666666666666668,92417.20236,3440462.4833,37.227511712571605,694.9135519680034
2005,22,Chaco,NEA,60 a 69,Mujer,78,26,91170.49198,3534888.1766999997,38.772283662519285,1008.0793752255014
2005,22,Chaco,NEA,60 a 69,Varón,72,24,85071.85545,2985441.5738,35.09317573959179,842.236217750203
2005,22,Chaco,NEA,70 a 79,Mujer,103,34.333333333333336,81312.23623,3089197.6009,37.991792430377735,1304.384873442969
2005,22,Chaco,NEA,70 a 79,Varón,92,30.666666666666668,68546.20957,2577191.6172,37.59787205400685,1153.0014096562102
2005,22,Chaco,NEA,80+,Mujer,79,26.333333333333332,97889.69055,2704000.1218,27.622930531370443,727.4038373260883
2005,22,Chaco,NEA,80+,Varón,42,14,96298.78607,2266735.9454,23.538572373615384,329.5400132306154
2005,26,Chubut,Patagonia Sur,30 a 39,Mujer,2,0.6666666666666666,98257.61885,4983143.736,50.71508748453657,33.81005832302438
2005,26,Chubut,Patagonia Sur,30 a 39,Varón,2,0.6666666666666666,96997.57994,4397739.3413,45.33865013972843,30.225766759818953
2005,26,Chubut,Patagonia Sur,40 a 49,Mujer,1,0.3333333333333333,97340.83661,4492775.462499999,46.15509398692027,15.385031328973422
2005,26,Chubut,Patagonia Sur,40 a 49,Varón,2,0.6666666666666666,95386.37498,3914498.4263,41.03833935528808,27.358892903525387
2005,26,Chubut,Patagonia Sur,50 a 59,Mujer,8,2.6666666666666665,95441.65065,4007943.3663,41.99365097946365,111.98306927856973
2005,26,Chubut,Patagonia Sur,50 a 59,Varón,17,5.666666666666667,92417.20236,3440462.4833,37.227511712571605,210.95589970457243
2005,26,Chubut,Patagonia Sur,60 a 69,Mujer,20,6.666666666666667,91170.49198,3534888.1766999997,38.772283662519285,258.4818910834619
2005,26,Chubut,Patagonia Sur,60 a 69,Varón,28,9.333333333333334,85071.85545,2985441.5738,35.09317573959179,327.5363069028568
2005,26,Chubut,Patagonia Sur,70 a 79,Mujer,21,7,81312.23623,3089197.6009,37.991792430377735,265.9425470126441
2005,26,Chubut,Patagonia Sur,70 a 79,Varón,35,11.666666666666666,68546.20957,2577191.6172,37.59787205400685,438.6418406300799
2005,26,Chubut,Patagonia Sur,80+,Mujer,27,9,97889.69055,2704000.1218,27.622930531370443,248.606374782334
2005,26,Chubut,Patagonia Sur,80+,Varón,15,5,96298.78607,2266735.9454,23.538572373615384,117.69286186807692
2005,30,Entre Ríos,Centro,30 a 39,Mujer,5,1.6666666666666667,98257.61885,4983143.736,50.71508748453657,84.52514580756095
2005,30,Entre Ríos,Centro,30 a 39,Varón,0,0,96997.57994,4397739.3413,45.33865013972843,0
2005,30,Entre Ríos,Centro,40 a 49,Mujer,8,2.6666666666666665,97340.83661,4492775.462499999,46.15509398692027,123.08025063178738
2005,30,Entre Ríos,Centro,40 a 49,Varón,11,3.6666666666666665,95386.37498,3914498.4263,41.03833935528808,150.47391096938964
2005,30,Entre Ríos,Centro,50 a 59,Mujer,39,13,95441.65065,4007943.3663,41.99365097946365,545.9174627330275
2005,30,Entre Ríos,Centro,50 a 59,Varón,53,17.666666666666668,92417.20236,3440462.4833,37.227511712571605,657.6860402554317
2005,30,Entre Ríos,Centro,60 a 69,Mujer,88,29.333333333333332,91170.49198,3534888.1766999997,38.772283662519285,1137.3203207672323
2005,30,Entre Ríos,Centro,60 a 69,Varón,129,43,85071.85545,2985441.5738,35.09317573959179,1509.006556802447
2005,30,Entre Ríos,Centro,70 a 79,Mujer,136,45.333333333333336,81312.23623,3089197.6009,37.991792430377735,1722.294590177124
2005,30,Entre Ríos,Centro,70 a 79,Varón,153,51,68546.20957,2577191.6172,37.59787205400685,1917.4914747543494
2005,30,Entre Ríos,Centro,80+,Mujer,163,54.333333333333336,97889.69055,2704000.1218,27.622930531370443,1500.8458922044608
2005,30,Entre Ríos,Centro,80+,Varón,86,28.666666666666668,96298.78607,2266735.9454,23.538572373615384,674.772408043641
2005,34,Formosa,NEA,30 a 39,Mujer,2,0.6666666666666666,98257.61885,4983143.736,50.71508748453657,33.81005832302438
2005,34,Formosa,NEA,30 a 39,Varón,1,0.3333333333333333,96997.57994,4397739.3413,45.33865013972843,15.112883379909476
2005,34,Formosa,NEA,40 a 49,Mujer,9,3,97340.83661,4492775.462499999,46.15509398692027,138.46528196076082
2005,34,Formosa,NEA,40 a 49,Varón,2,0.6666666666666666,95386.37498,3914498.4263,41.03833935528808,27.358892903525387
2005,34,Formosa,NEA,50 a 59,Mujer,33,11,95441.65065,4007943.3663,41.99365097946365,461.93016077410016
2005,34,Formosa,NEA,50 a 59,Varón,39,13,92417.20236,3440462.4833,37.227511712571605,483.9576522634309
2005,34,Formosa,NEA,60 a 69,Mujer,49,16.333333333333332,91170.49198,3534888.1766999997,38.772283662519285,633.2806331544816
2005,34,Formosa,NEA,60 a 69,Varón,52,17.333333333333332,85071.85545,2985441.5738,35.09317573959179,608.281712819591
2005,34,Formosa,NEA,70 a 79,Mujer,79,26.333333333333332,81312.23623,3089197.6009,37.991792430377735,1000.450533999947
2005,34,Formosa,NEA,70 a 79,Varón,57,19,68546.20957,2577191.6172,37.59787205400685,714.3595690261301
2005,34,Formosa,NEA,80+,Mujer,46,15.333333333333334,97889.69055,2704000.1218,27.622930531370443,423.55160148101345
2005,34,Formosa,NEA,80+,Varón,22,7.333333333333333,96298.78607,2266735.9454,23.538572373615384,172.6161974065128
2005,38,Jujuy,NOA1,30 a 39,Mujer,0,0,98257.61885,4983143.736,50.71508748453657,0
2005,38,Jujuy,NOA1,30 a 39,Varón,0,0,96997.57994,4397739.3413,45.33865013972843,0
2005,38,Jujuy,NOA1,40 a 49,Mujer,1,0.3333333333333333,97340.83661,4492775.462499999,46.15509398692027,15.385031328973422
2005,38,Jujuy,NOA1,40 a 49,Varón,10,3.3333333333333335,95386.37498,3914498.4263,41.03833935528808,136.79446451762695
2005,38,Jujuy,NOA1,50 a 59,Mujer,15,5,95441.65065,4007943.3663,41.99365097946365,209.96825489731827
2005,38,Jujuy,NOA1,50 a 59,Varón,17,5.666666666666667,92417.20236,3440462.4833,37.227511712571605,210.95589970457243
2005,38,Jujuy,NOA1,60 a 69,Mujer,37,12.333333333333334,91170.49198,3534888.1766999997,38.772283662519285,478.19149850440454
2005,38,Jujuy,NOA1,60 a 69,Varón,36,12,85071.85545,2985441.5738,35.09317573959179,421.1181088751015
2005,38,Jujuy,NOA1,70 a 79,Mujer,46,15.333333333333334,81312.23623,3089197.6009,37.991792430377735,582.5408172657919
2005,38,Jujuy,NOA1,70 a 79,Varón,33,11,68546.20957,2577191.6172,37.59787205400685,413.57659259407535
2005,38,Jujuy,NOA1,80+,Mujer,27,9,97889.69055,2704000.1218,27.622930531370443,248.606374782334
2005,38,Jujuy,NOA1,80+,Varón,19,6.333333333333333,96298.78607,2266735.9454,23.538572373615384,149.07762503289743
2005,42,La Pampa,Patagonia Norte,30 a 39,Mujer,0,0,98257.61885,4983143.736,50.71508748453657,0
2005,42,La Pampa,Patagonia Norte,30 a 39,Varón,0,0,96997.57994,4397739.3413,45.33865013972843,0
2005,42,La Pampa,Patagonia Norte,40 a 49,Mujer,3,1,97340.83661,4492775.462499999,46.15509398692027,46.15509398692027
2005,42,La Pampa,Patagonia Norte,40 a 49,Varón,1,0.3333333333333333,95386.37498,3914498.4263,41.03833935528808,13.679446451762693
2005,42,La Pampa,Patagonia Norte,50 a 59,Mujer,4,1.3333333333333333,95441.65065,4007943.3663,41.99365097946365,55.991534639284865
2005,42,La Pampa,Patagonia Norte,50 a 59,Varón,8,2.6666666666666665,92417.20236,3440462.4833,37.227511712571605,99.27336456685761
2005,42,La Pampa,Patagonia Norte,60 a 69,Mujer,12,4,91170.49198,3534888.1766999997,38.772283662519285,155.08913465007714
2005,42,La Pampa,Patagonia Norte,60 a 69,Varón,19,6.333333333333333,85071.85545,2985441.5738,35.09317573959179,222.25677968408135
2005,42,La Pampa,Patagonia Norte,70 a 79,Mujer,15,5,81312.23623,3089197.6009,37.991792430377735,189.95896215188867
2005,42,La Pampa,Patagonia Norte,70 a 79,Varón,30,10,68546.20957,2577191.6172,37.59787205400685,375.9787205400685
2005,42,La Pampa,Patagonia Norte,80+,Mujer,43,14.333333333333334,97889.69055,2704000.1218,27.622930531370443,395.92867094964305
2005,42,La Pampa,Patagonia Norte,80+,Varón,17,5.666666666666667,96298.78607,2266735.9454,23.538572373615384,133.3852434504872
2005,46,La Rioja,Cuyo,30 a 39,Mujer,1,0.3333333333333333,98257.61885,4983143.736,50.71508748453657,16.90502916151219
2005,46,La Rioja,Cuyo,30 a 39,Varón,1,0.3333333333333333,96997.57994,4397739.3413,45.33865013972843,15.112883379909476
2005,46,La Rioja,Cuyo,40 a 49,Mujer,5,1.6666666666666667,97340.83661,4492775.462499999,46.15509398692027,76.92515664486712
2005,46,La Rioja,Cuyo,40 a 49,Varón,2,0.6666666666666666,95386.37498,3914498.4263,41.03833935528808,27.358892903525387
2005,46,La Rioja,Cuyo,50 a 59,Mujer,11,3.6666666666666665,95441.65065,4007943.3663,41.99365097946365,153.9767202580334
2005,46,La Rioja,Cuyo,50 a 59,Varón,19,6.333333333333333,92417.20236,3440462.4833,37.227511712571605,235.77424084628683
2005,46,La Rioja,Cuyo,60 a 69,Mujer,19,6.333333333333333,91170.49198,3534888.1766999997,38.772283662519285,245.5577965292888
2005,46,La Rioja,Cuyo,60 a 69,Varón,23,7.666666666666667,85071.85545,2985441.5738,35.09317573959179,269.04768067020376
2005,46,La Rioja,Cuyo,70 a 79,Mujer,20,6.666666666666667,81312.23623,3089197.6009,37.991792430377735,253.27861620251824
2005,46,La Rioja,Cuyo,70 a 79,Varón,19,6.333333333333333,68546.20957,2577191.6172,37.59787205400685,238.11985634204336
2005,46,La Rioja,Cuyo,80+,Mujer,20,6.666666666666667,97889.69055,2704000.1218,27.622930531370443,184.1528702091363
2005,46,La Rioja,Cuyo,80+,Varón,12,4,96298.78607,2266735.9454,23.538572373615384,94.15428949446154
2005,50,Mendoza,Cuyo,30 a 39,Mujer,2,0.6666666666666666,98257.61885,4983143.736,50.71508748453657,33.81005832302438
2005,50,Mendoza,Cuyo,30 a 39,Varón,5,1.6666666666666667,96997.57994,4397739.3413,45.33865013972843,75.56441689954738
2005,50,Mendoza,Cuyo,40 a 49,Mujer,16,5.333333333333333,97340.83661,4492775.462499999,46.15509398692027,246.16050126357476
2005,50,Mendoza,Cuyo,40 a 49,Varón,24,8,95386.37498,3914498.4263,41.03833935528808,328.30671484230464
2005,50,Mendoza,Cuyo,50 a 59,Mujer,85,28.333333333333332,95441.65065,4007943.3663,41.99365097946365,1189.8201110848033
2005,50,Mendoza,Cuyo,50 a 59,Varón,126,42,92417.20236,3440462.4833,37.227511712571605,1563.5554919280073
2005,50,Mendoza,Cuyo,60 a 69,Mujer,224,74.66666666666667,91170.49198,3534888.1766999997,38.772283662519285,2894.9971801347733
2005,50,Mendoza,Cuyo,60 a 69,Varón,320,106.66666666666667,85071.85545,2985441.5738,35.09317573959179,3743.2720788897914
2005,50,Mendoza,Cuyo,70 a 79,Mujer,340,113.33333333333333,81312.23623,3089197.6009,37.991792430377735,4305.73647544281
2005,50,Mendoza,Cuyo,70 a 79,Varón,359,119.66666666666667,68546.20957,2577191.6172,37.59787205400685,4499.21202246282
2005,50,Mendoza,Cuyo,80+,Mujer,234,78,97889.69055,2704000.1218,27.622930531370443,2154.5885814468948
2005,50,Mendoza,Cuyo,80+,Varón,138,46,96298.78607,2266735.9454,23.538572373615384,1082.7743291863076
2005,54,Misiones,NEA,30 a 39,Mujer,2,0.6666666666666666,98257.61885,4983143.736,50.71508748453657,33.81005832302438
2005,54,Misiones,NEA,30 a 39,Varón,3,1,96997.57994,4397739.3413,45.33865013972843,45.33865013972843
2005,54,Misiones,NEA,40 a 49,Mujer,16,5.333333333333333,97340.83661,4492775.462499999,46.15509398692027,246.16050126357476
2005,54,Misiones,NEA,40 a 49,Varón,11,3.6666666666666665,95386.37498,3914498.4263,41.03833935528808,150.47391096938964
2005,54,Misiones,NEA,50 a 59,Mujer,46,15.333333333333334,95441.65065,4007943.3663,41.99365097946365,643.9026483517761
2005,54,Misiones,NEA,50 a 59,Varón,45,15,92417.20236,3440462.4833,37.227511712571605,558.412675688574
2005,54,Misiones,NEA,60 a 69,Mujer,80,26.666666666666668,91170.49198,3534888.1766999997,38.772283662519285,1033.9275643338476
2005,54,Misiones,NEA,60 a 69,Varón,82,27.333333333333332,85071.85545,2985441.5738,35.09317573959179,959.213470215509
2005,54,Misiones,NEA,70 a 79,Mujer,118,39.333333333333336,81312.23623,3089197.6009,37.991792430377735,1494.3438355948576
2005,54,Misiones,NEA,70 a 79,Varón,104,34.666666666666664,68546.20957,2577191.6172,37.59787205400685,1303.3928978722374
2005,54,Misiones,NEA,80+,Mujer,81,27,97889.69055,2704000.1218,27.622930531370443,745.819124347002
2005,54,Misiones,NEA,80+,Varón,51,17,96298.78607,2266735.9454,23.538572373615384,400.15573035146156
2005,58,Neuquén,Patagonia Norte,30 a 39,Mujer,1,0.3333333333333333,98257.61885,4983143.736,50.71508748453657,16.90502916151219
2005,58,Neuquén,Patagonia Norte,30 a 39,Varón,1,0.3333333333333333,96997.57994,4397739.3413,45.33865013972843,15.112883379909476
2005,58,Neuquén,Patagonia Norte,40 a 49,Mujer,3,1,97340.83661,4492775.462499999,46.15509398692027,46.15509398692027
2005,58,Neuquén,Patagonia Norte,40 a 49,Varón,10,3.3333333333333335,95386.37498,3914498.4263,41.03833935528808,136.79446451762695
2005,58,Neuquén,Patagonia Norte,50 a 59,Mujer,27,9,95441.65065,4007943.3663,41.99365097946365,377.9428588151729
2005,58,Neuquén,Patagonia Norte,50 a 59,Varón,27,9,92417.20236,3440462.4833,37.227511712571605,335.0476054131444
2005,58,Neuquén,Patagonia Norte,60 a 69,Mujer,36,12,91170.49198,3534888.1766999997,38.772283662519285,465.2674039502314
2005,58,Neuquén,Patagonia Norte,60 a 69,Varón,59,19.666666666666668,85071.85545,2985441.5738,35.09317573959179,690.1657895453053
2005,58,Neuquén,Patagonia Norte,70 a 79,Mujer,55,18.333333333333332,81312.23623,3089197.6009,37.991792430377735,696.5161945569251
2005,58,Neuquén,Patagonia Norte,70 a 79,Varón,78,26,68546.20957,2577191.6172,37.59787205400685,977.5446734041781
2005,58,Neuquén,Patagonia Norte,80+,Mujer,65,21.666666666666668,97889.69055,2704000.1218,27.622930531370443,598.496828179693
2005,58,Neuquén,Patagonia Norte,80+,Varón,39,13,96298.78607,2266735.9454,23.538572373615384,306.001440857
2005,62,Río Negro,Patagonia Norte,30 a 39,Mujer,1,0.3333333333333333,98257.61885,4983143.736,50.71508748453657,16.90502916151219
2005,62,Río Negro,Patagonia Norte,30 a 39,Varón,0,0,96997.57994,4397739.3413,45.33865013972843,0
2005,62,Río Negro,Patagonia Norte,40 a 49,Mujer,4,1.3333333333333333,97340.83661,4492775.462499999,46.15509398692027,61.54012531589369
2005,62,Río Negro,Patagonia Norte,40 a 49,Varón,1,0.3333333333333333,95386.37498,3914498.4263,41.03833935528808,13.679446451762693
2005,62,Río Negro,Patagonia Norte,50 a 59,Mujer,3,1,95441.65065,4007943.3663,41.99365097946365,41.99365097946365
2005,62,Río Negro,Patagonia Norte,50 a 59,Varón,13,4.333333333333333,92417.20236,3440462.4833,37.227511712571605,161.3192174211436
2005,62,Río Negro,Patagonia Norte,60 a 69,Mujer,19,6.333333333333333,91170.49198,3534888.1766999997,38.772283662519285,245.5577965292888
2005,62,Río Negro,Patagonia Norte,60 a 69,Varón,29,9.666666666666666,85071.85545,2985441.5738,35.09317573959179,339.2340321493873
2005,62,Río Negro,Patagonia Norte,70 a 79,Mujer,45,15,81312.23623,3089197.6009,37.991792430377735,569.8768864556661
2005,62,Río Negro,Patagonia Norte,70 a 79,Varón,55,18.333333333333332,68546.20957,2577191.6172,37.59787205400685,689.2943209901256
2005,62,Río Negro,Patagonia Norte,80+,Mujer,40,13.333333333333334,97889.69055,2704000.1218,27.622930531370443,368.3057404182726
2005,62,Río Negro,Patagonia Norte,80+,Varón,22,7.333333333333333,96298.78607,2266735.9454,23.538572373615384,172.6161974065128
2005,66,Salta,NOA1,30 a 39,Mujer,0,0,98257.61885,4983143.736,50.71508748453657,0
2005,66,Salta,NOA1,30 a 39,Varón,2,0.6666666666666666,96997.57994,4397739.3413,45.33865013972843,30.225766759818953
2005,66,Salta,NOA1,40 a 49,Mujer,3,1,97340.83661,4492775.462499999,46.15509398692027,46.15509398692027
2005,66,Salta,NOA1,40 a 49,Varón,11,3.6666666666666665,95386.37498,3914498.4263,41.03833935528808,150.47391096938964
2005,66,Salta,NOA1,50 a 59,Mujer,17,5.666666666666667,95441.65065,4007943.3663,41.99365097946365,237.9640222169607
2005,66,Salta,NOA1,50 a 59,Varón,29,9.666666666666666,92417.20236,3440462.4833,37.227511712571605,359.86594655485885
2005,66,Salta,NOA1,60 a 69,Mujer,40,13.333333333333334,91170.49198,3534888.1766999997,38.772283662519285,516.9637821669238
2005,66,Salta,NOA1,60 a 69,Varón,47,15.666666666666666,85071.85545,2985441.5738,35.09317573959179,549.7930865869381
2005,66,Salta,NOA1,70 a 79,Mujer,48,16,81312.23623,3089197.6009,37.991792430377735,607.8686788860438
2005,66,Salta,NOA1,70 a 79,Varón,45,15,68546.20957,2577191.6172,37.59787205400685,563.9680808101027
2005,66,Salta,NOA1,80+,Mujer,51,17,97889.69055,2704000.1218,27.622930531370443,469.58981903329754
2005,66,Salta,NOA1,80+,Varón,33,11,96298.78607,2266735.9454,23.538572373615384,258.9242961097692
2005,70,San Juan,Cuyo,30 a 39,Mujer,3,1,98257.61885,4983143.736,50.71508748453657,50.71508748453657
2005,70,San Juan,Cuyo,30 a 39,Varón,2,0.6666666666666666,96997.57994,4397739.3413,45.33865013972843,30.225766759818953
2005,70,San Juan,Cuyo,40 a 49,Mujer,8,2.6666666666666665,97340.83661,4492775.462499999,46.15509398692027,123.08025063178738
2005,70,San Juan,Cuyo,40 a 49,Varón,8,2.6666666666666665,95386.37498,3914498.4263,41.03833935528808,109.43557161410155
2005,70,San Juan,Cuyo,50 a 59,Mujer,40,13.333333333333334,95441.65065,4007943.3663,41.99365097946365,559.9153463928487
2005,70,San Juan,Cuyo,50 a 59,Varón,50,16.666666666666668,92417.20236,3440462.4833,37.227511712571605,620.4585285428601
2005,70,San Juan,Cuyo,60 a 69,Mujer,97,32.333333333333336,91170.49198,3534888.1766999997,38.772283662519285,1253.6371717547904
2005,70,San Juan,Cuyo,60 a 69,Varón,119,39.666666666666664,85071.85545,2985441.5738,35.09317573959179,1392.029304337141
2005,70,San Juan,Cuyo,70 a 79,Mujer,162,54,81312.23623,3089197.6009,37.991792430377735,2051.5567912403976
2005,70,San Juan,Cuyo,70 a 79,Varón,140,46.666666666666664,68546.20957,2577191.6172,37.59787205400685,1754.5673625203196
2005,70,San Juan,Cuyo,80+,Mujer,113,37.666666666666664,97889.69055,2704000.1218,27.622930531370443,1040.4637166816199
2005,70,San Juan,Cuyo,80+,Varón,80,26.666666666666668,96298.78607,2266735.9454,23.538572373615384,627.6952632964103
2005,74,San Luis,Cuyo,30 a 39,Mujer,1,0.3333333333333333,98257.61885,4983143.736,50.71508748453657,16.90502916151219
2005,74,San Luis,Cuyo,30 a 39,Varón,4,1.3333333333333333,96997.57994,4397739.3413,45.33865013972843,60.451533519637906
2005,74,San Luis,Cuyo,40 a 49,Mujer,5,1.6666666666666667,97340.83661,4492775.462499999,46.15509398692027,76.92515664486712
2005,74,San Luis,Cuyo,40 a 49,Varón,8,2.6666666666666665,95386.37498,3914498.4263,41.03833935528808,109.43557161410155
2005,74,San Luis,Cuyo,50 a 59,Mujer,17,5.666666666666667,95441.65065,4007943.3663,41.99365097946365,237.9640222169607
2005,74,San Luis,Cuyo,50 a 59,Varón,31,10.333333333333334,92417.20236,3440462.4833,37.227511712571605,384.6842876965733
2005,74,San Luis,Cuyo,60 a 69,Mujer,27,9,91170.49198,3534888.1766999997,38.772283662519285,348.95055296267356
2005,74,San Luis,Cuyo,60 a 69,Varón,46,15.333333333333334,85071.85545,2985441.5738,35.09317573959179,538.0953613404075
2005,74,San Luis,Cuyo,70 a 79,Mujer,58,19.333333333333332,81312.23623,3089197.6009,37.991792430377735,734.5079869873028
2005,74,San Luis,Cuyo,70 a 79,Varón,59,19.666666666666668,68546.20957,2577191.6172,37.59787205400685,739.4248170621347
2005,74,San Luis,Cuyo,80+,Mujer,44,14.666666666666666,97889.69055,2704000.1218,27.622930531370443,405.1363144600998
2005,74,San Luis,Cuyo,80+,Varón,34,11.333333333333334,96298.78607,2266735.9454,23.538572373615384,266.7704869009744
2005,78,Santa Cruz,Patagonia Sur,30 a 39,Mujer,0,0,98257.61885,4983143.736,50.71508748453657,0
2005,78,Santa Cruz,Patagonia Sur,30 a 39,Varón,1,0.3333333333333333,96997.57994,4397739.3413,45.33865013972843,15.112883379909476
2005,78,Santa Cruz,Patagonia Sur,40 a 49,Mujer,2,0.6666666666666666,97340.83661,4492775.462499999,46.15509398692027,30.770062657946845
2005,78,Santa Cruz,Patagonia Sur,40 a 49,Varón,1,0.3333333333333333,95386.37498,3914498.4263,41.03833935528808,13.679446451762693
2005,78,Santa Cruz,Patagonia Sur,50 a 59,Mujer,5,1.6666666666666667,95441.65065,4007943.3663,41.99365097946365,69.98941829910609
2005,78,Santa Cruz,Patagonia Sur,50 a 59,Varón,6,2,92417.20236,3440462.4833,37.227511712571605,74.45502342514321
2005,78,Santa Cruz,Patagonia Sur,60 a 69,Mujer,12,4,91170.49198,3534888.1766999997,38.772283662519285,155.08913465007714
2005,78,Santa Cruz,Patagonia Sur,60 a 69,Varón,19,6.333333333333333,85071.85545,2985441.5738,35.09317573959179,222.25677968408135
2005,78,Santa Cruz,Patagonia Sur,70 a 79,Mujer,20,6.666666666666667,81312.23623,3089197.6009,37.991792430377735,253.27861620251824
2005,78,Santa Cruz,Patagonia Sur,70 a 79,Varón,17,5.666666666666667,68546.20957,2577191.6172,37.59787205400685,213.05460830603883
2005,78,Santa Cruz,Patagonia Sur,80+,Mujer,13,4.333333333333333,97889.69055,2704000.1218,27.622930531370443,119.69936563593858
2005,78,Santa Cruz,Patagonia Sur,80+,Varón,10,3.3333333333333335,96298.78607,2266735.9454,23.538572373615384,78.46190791205129
2005,82,Santa Fe,Centro,30 a 39,Mujer,3,1,98257.61885,4983143.736,50.71508748453657,50.71508748453657
2005,82,Santa Fe,Centro,30 a 39,Varón,7,2.3333333333333335,96997.57994,4397739.3413,45.33865013972843,105.79018365936633
2005,82,Santa Fe,Centro,40 a 49,Mujer,27,9,97340.83661,4492775.462499999,46.15509398692027,415.39584588228246
2005,82,Santa Fe,Centro,40 a 49,Varón,46,15.333333333333334,95386.37498,3914498.4263,41.03833935528808,629.254536781084
2005,82,Santa Fe,Centro,50 a 59,Mujer,114,38,95441.65065,4007943.3663,41.99365097946365,1595.7587372196188
2005,82,Santa Fe,Centro,50 a 59,Varón,210,70,92417.20236,3440462.4833,37.227511712571605,2605.9258198800126
2005,82,Santa Fe,Centro,60 a 69,Mujer,308,102.66666666666667,91170.49198,3534888.1766999997,38.772283662519285,3980.6211226853134
2005,82,Santa Fe,Centro,60 a 69,Varón,505,168.33333333333334,85071.85545,2985441.5738,35.09317573959179,5907.351249497952
2005,82,Santa Fe,Centro,70 a 79,Mujer,564,188,81312.23623,3089197.6009,37.991792430377735,7142.456976911014
2005,82,Santa Fe,Centro,70 a 79,Varón,667,222.33333333333334,68546.20957,2577191.6172,37.59787205400685,8359.260220007523
2005,82,Santa Fe,Centro,80+,Mujer,677,225.66666666666666,97889.69055,2704000.1218,27.622930531370443,6233.574656579263
2005,82,Santa Fe,Centro,80+,Varón,436,145.33333333333334,96298.78607,2266735.9454,23.538572373615384,3420.939184965436
2005,86,Santiago del Estero,NOA2,30 a 39,Mujer,1,0.3333333333333333,98257.61885,4983143.736,50.71508748453657,16.90502916151219
2005,86,Santiago del Estero,NOA2,30 a 39,Varón,2,0.6666666666666666,96997.57994,4397739.3413,45.33865013972843,30.225766759818953
2005,86,Santiago del Estero,NOA2,40 a 49,Mujer,9,3,97340.83661,4492775.462499999,46.15509398692027,138.46528196076082
2005,86,Santiago del Estero,NOA2,40 a 49,Varón,11,3.6666666666666665,95386.37498,3914498.4263,41.03833935528808,150.47391096938964
2005,86,Santiago del Estero,NOA2,50 a 59,Mujer,27,9,95441.65065,4007943.3663,41.99365097946365,377.9428588151729
2005,86,Santiago del Estero,NOA2,50 a 59,Varón,44,14.666666666666666,92417.20236,3440462.4833,37.227511712571605,546.0035051177168
2005,86,Santiago del Estero,NOA2,60 a 69,Mujer,66,22,91170.49198,3534888.1766999997,38.772283662519285,852.9902405754243
2005,86,Santiago del Estero,NOA2,60 a 69,Varón,62,20.666666666666668,85071.85545,2985441.5738,35.09317573959179,725.258965284897
2005,86,Santiago del Estero,NOA2,70 a 79,Mujer,81,27,81312.23623,3089197.6009,37.991792430377735,1025.7783956201988
2005,86,Santiago del Estero,NOA2,70 a 79,Varón,71,23.666666666666668,68546.20957,2577191.6172,37.59787205400685,889.8163052781622
2005,86,Santiago del Estero,NOA2,80+,Mujer,70,23.333333333333332,97889.69055,2704000.1218,27.622930531370443,644.535045731977
2005,86,Santiago del Estero,NOA2,80+,Varón,35,11.666666666666666,96298.78607,2266735.9454,23.538572373615384,274.61667769217945
2005,90,Tucumán,NOA1,30 a 39,Mujer,4,1.3333333333333333,98257.61885,4983143.736,50.71508748453657,67.62011664604876
2005,90,Tucumán,NOA1,30 a 39,Varón,6,2,96997.57994,4397739.3413,45.33865013972843,90.67730027945686
2005,90,Tucumán,NOA1,40 a 49,Mujer,17,5.666666666666667,97340.83661,4492775.462499999,46.15509398692027,261.5455325925482
2005,90,Tucumán,NOA1,40 a 49,Varón,13,4.333333333333333,95386.37498,3914498.4263,41.03833935528808,177.832803872915
2005,90,Tucumán,NOA1,50 a 59,Mujer,58,19.333333333333332,95441.65065,4007943.3663,41.99365097946365,811.8772522696305
2005,90,Tucumán,NOA1,50 a 59,Varón,93,31,92417.20236,3440462.4833,37.227511712571605,1154.0528630897197
2005,90,Tucumán,NOA1,60 a 69,Mujer,134,44.666666666666664,91170.49198,3534888.1766999997,38.772283662519285,1731.8286702591947
2005,90,Tucumán,NOA1,60 a 69,Varón,155,51.666666666666664,85071.85545,2985441.5738,35.09317573959179,1813.1474132122426
2005,90,Tucumán,NOA1,70 a 79,Mujer,180,60,81312.23623,3089197.6009,37.991792430377735,2279.5075458226643
2005,90,Tucumán,NOA1,70 a 79,Varón,192,64,68546.20957,2577191.6172,37.59787205400685,2406.2638114564384
2005,90,Tucumán,NOA1,80+,Mujer,149,49.666666666666664,97889.69055,2704000.1218,27.622930531370443,1371.9388830580654
2005,90,Tucumán,NOA1,80+,Varón,87,29,96298.78607,2266735.9454,23.538572373615384,682.6185988348461
2005,94,Tierra del Fuego,Patagonia Sur,30 a 39,Mujer,0,0,98257.61885,4983143.736,50.71508748453657,0
2005,94,Tierra del Fuego,Patagonia Sur,30 a 39,Varón,0,0,96997.57994,4397739.3413,45.33865013972843,0
2005,94,Tierra del Fuego,Patagonia Sur,40 a 49,Mujer,1,0.3333333333333333,97340.83661,4492775.462499999,46.15509398692027,15.385031328973422
2005,94,Tierra del Fuego,Patagonia Sur,40 a 49,Varón,1,0.3333333333333333,95386.37498,3914498.4263,41.03833935528808,13.679446451762693
2005,94,Tierra del Fuego,Patagonia Sur,50 a 59,Mujer,2,0.6666666666666666,95441.65065,4007943.3663,41.99365097946365,27.995767319642432
2005,94,Tierra del Fuego,Patagonia Sur,50 a 59,Varón,2,0.6666666666666666,92417.20236,3440462.4833,37.227511712571605,24.818341141714402
2005,94,Tierra del Fuego,Patagonia Sur,60 a 69,Mujer,3,1,91170.49198,3534888.1766999997,38.772283662519285,38.772283662519285
2005,94,Tierra del Fuego,Patagonia Sur,60 a 69,Varón,2,0.6666666666666666,85071.85545,2985441.5738,35.09317573959179,23.395450493061194
2005,94,Tierra del Fuego,Patagonia Sur,70 a 79,Mujer,9,3,81312.23623,3089197.6009,37.991792430377735,113.97537729113321
2005,94,Tierra del Fuego,Patagonia Sur,70 a 79,Varón,7,2.3333333333333335,68546.20957,2577191.6172,37.59787205400685,87.728368126016
2005,94,Tierra del Fuego,Patagonia Sur,80+,Mujer,4,1.3333333333333333,97889.69055,2704000.1218,27.622930531370443,36.830574041827255
2005,94,Tierra del Fuego,Patagonia Sur,80+,Varón,2,0.6666666666666666,96298.78607,2266735.9454,23.538572373615384,15.692381582410256
2009,02,CABA,Centro,30 a 39,Mujer,7,2.3333333333333335,98257.61885,4983143.736,50.71508748453657,118.33520413058534
2009,02,CABA,Centro,30 a 39,Varón,3,1,96997.57994,4397739.3413,45.33865013972843,45.33865013972843
2009,02,CABA,Centro,40 a 49,Mujer,7,2.3333333333333335,97340.83661,4492775.462499999,46.15509398692027,107.69521930281397
2009,02,CABA,Centro,40 a 49,Varón,7,2.3333333333333335,95386.37498,3914498.4263,41.03833935528808,95.75612516233886
2009,02,CABA,Centro,50 a 59,Mujer,17,5.666666666666667,95441.65065,4007943.3663,41.99365097946365,237.9640222169607
2009,02,CABA,Centro,50 a 59,Varón,28,9.333333333333334,92417.20236,3440462.4833,37.227511712571605,347.4567759840017
2009,02,CABA,Centro,60 a 69,Mujer,56,18.666666666666668,91170.49198,3534888.1766999997,38.772283662519285,723.7492950336933
2009,02,CABA,Centro,60 a 69,Varón,74,24.666666666666668,85071.85545,2985441.5738,35.09317573959179,865.6316682432642
2009,02,CABA,Centro,70 a 79,Mujer,107,35.666666666666664,81312.23623,3089197.6009,37.991792430377735,1355.0405966834726
2009,02,CABA,Centro,70 a 79,Varón,126,42,68546.20957,2577191.6172,37.59787205400685,1579.1106262682877
2009,02,CABA,Centro,80+,Mujer,231,77,97889.69055,2704000.1218,27.622930531370443,2126.9656509155243
2009,02,CABA,Centro,80+,Varón,146,48.666666666666664,96298.78607,2266735.9454,23.538572373615384,1145.5438555159487
2009,06,Buenos Aires,Centro,30 a 39,Mujer,42,14,98257.61885,4983143.736,50.71508748453657,710.0112247835119
2009,06,Buenos Aires,Centro,30 a 39,Varón,44,14.666666666666666,96997.57994,4397739.3413,45.33865013972843,664.966868716017
2009,06,Buenos Aires,Centro,40 a 49,Mujer,83,27.666666666666668,97340.83661,4492775.462499999,46.15509398692027,1276.9576003047941
2009,06,Buenos Aires,Centro,40 a 49,Varón,93,31,95386.37498,3914498.4263,41.03833935528808,1272.1885200139304
2009,06,Buenos Aires,Centro,50 a 59,Mujer,276,92,95441.65065,4007943.3663,41.99365097946365,3863.415890110656
2009,06,Buenos Aires,Centro,50 a 59,Varón,449,149.66666666666666,92417.20236,3440462.4833,37.227511712571605,5571.717586314883
2009,06,Buenos Aires,Centro,60 a 69,Mujer,569,189.66666666666666,91170.49198,3534888.1766999997,38.772283662519285,7353.809801324491
2009,06,Buenos Aires,Centro,60 a 69,Varón,841,280.3333333333333,85071.85545,2985441.5738,35.09317573959179,9837.786932332232
2009,06,Buenos Aires,Centro,70 a 79,Mujer,1007,335.6666666666667,81312.23623,3089197.6009,37.991792430377735,12752.578325796794
2009,06,Buenos Aires,Centro,70 a 79,Varón,1192,397.3333333333333,68546.20957,2577191.6172,37.59787205400685,14938.887829458721
2009,06,Buenos Aires,Centro,80+,Mujer,1381,460.3333333333333,97889.69055,2704000.1218,27.622930531370443,12715.75568794086
2009,06,Buenos Aires,Centro,80+,Varón,840,280,96298.78607,2266735.9454,23.538572373615384,6590.800264612308
2009,10,Catamarca,NOA2,30 a 39,Mujer,1,0.3333333333333333,98257.61885,4983143.736,50.71508748453657,16.90502916151219
2009,10,Catamarca,NOA2,30 a 39,Varón,0,0,96997.57994,4397739.3413,45.33865013972843,0
2009,10,Catamarca,NOA2,40 a 49,Mujer,0,0,97340.83661,4492775.462499999,46.15509398692027,0
2009,10,Catamarca,NOA2,40 a 49,Varón,4,1.3333333333333333,95386.37498,3914498.4263,41.03833935528808,54.717785807050774
2009,10,Catamarca,NOA2,50 a 59,Mujer,12,4,95441.65065,4007943.3663,41.99365097946365,167.9746039178546
2009,10,Catamarca,NOA2,50 a 59,Varón,16,5.333333333333333,92417.20236,3440462.4833,37.227511712571605,198.54672913371522
2009,10,Catamarca,NOA2,60 a 69,Mujer,20,6.666666666666667,91170.49198,3534888.1766999997,38.772283662519285,258.4818910834619
2009,10,Catamarca,NOA2,60 a 69,Varón,35,11.666666666666666,85071.85545,2985441.5738,35.09317573959179,409.4203836285709
2009,10,Catamarca,NOA2,70 a 79,Mujer,32,10.666666666666666,81312.23623,3089197.6009,37.991792430377735,405.2457859240292
2009,10,Catamarca,NOA2,70 a 79,Varón,34,11.333333333333334,68546.20957,2577191.6172,37.59787205400685,426.10921661207766
2009,10,Catamarca,NOA2,80+,Mujer,24,8,97889.69055,2704000.1218,27.622930531370443,220.98344425096354
2009,10,Catamarca,NOA2,80+,Varón,16,5.333333333333333,96298.78607,2266735.9454,23.538572373615384,125.53905265928205
2009,14,Córdoba,Centro,30 a 39,Mujer,7,2.3333333333333335,98257.61885,4983143.736,50.71508748453657,118.33520413058534
2009,14,Córdoba,Centro,30 a 39,Varón,6,2,96997.57994,4397739.3413,45.33865013972843,90.67730027945686
2009,14,Córdoba,Centro,40 a 49,Mujer,22,7.333333333333333,97340.83661,4492775.462499999,46.15509398692027,338.4706892374153
2009,14,Córdoba,Centro,40 a 49,Varón,32,10.666666666666666,95386.37498,3914498.4263,41.03833935528808,437.7422864564062
2009,14,Córdoba,Centro,50 a 59,Mujer,99,33,95441.65065,4007943.3663,41.99365097946365,1385.7904823223005
2009,14,Córdoba,Centro,50 a 59,Varón,147,49,92417.20236,3440462.4833,37.227511712571605,1824.1480739160086
2009,14,Córdoba,Centro,60 a 69,Mujer,219,73,91170.49198,3534888.1766999997,38.772283662519285,2830.376707363908
2009,14,Córdoba,Centro,60 a 69,Varón,313,104.33333333333333,85071.85545,2985441.5738,35.09317573959179,3661.388002164077
2009,14,Córdoba,Centro,70 a 79,Mujer,306,102,81312.23623,3089197.6009,37.991792430377735,3875.162827898529
2009,14,Córdoba,Centro,70 a 79,Varón,381,127,68546.20957,2577191.6172,37.59787205400685,4774.92975085887
2009,14,Córdoba,Centro,80+,Mujer,352,117.33333333333333,97889.69055,2704000.1218,27.622930531370443,3241.0905156807985
2009,14,Córdoba,Centro,80+,Varón,246,82,96298.78607,2266735.9454,23.538572373615384,1930.1629346364616
2009,18,Corrientes,NEA,30 a 39,Mujer,0,0,98257.61885,4983143.736,50.71508748453657,0
2009,18,Corrientes,NEA,30 a 39,Varón,2,0.6666666666666666,96997.57994,4397739.3413,45.33865013972843,30.225766759818953
2009,18,Corrientes,NEA,40 a 49,Mujer,13,4.333333333333333,97340.83661,4492775.462499999,46.15509398692027,200.0054072766545
2009,18,Corrientes,NEA,40 a 49,Varón,10,3.3333333333333335,95386.37498,3914498.4263,41.03833935528808,136.79446451762695
2009,18,Corrientes,NEA,50 a 59,Mujer,22,7.333333333333333,95441.65065,4007943.3663,41.99365097946365,307.9534405160668
2009,18,Corrientes,NEA,50 a 59,Varón,35,11.666666666666666,92417.20236,3440462.4833,37.227511712571605,434.320969980002
2009,18,Corrientes,NEA,60 a 69,Mujer,68,22.666666666666668,91170.49198,3534888.1766999997,38.772283662519285,878.8384296837705
2009,18,Corrientes,NEA,60 a 69,Varón,76,25.333333333333332,85071.85545,2985441.5738,35.09317573959179,889.0271187363254
2009,18,Corrientes,NEA,70 a 79,Mujer,103,34.333333333333336,81312.23623,3089197.6009,37.991792430377735,1304.384873442969
2009,18,Corrientes,NEA,70 a 79,Varón,84,28,68546.20957,2577191.6172,37.59787205400685,1052.7404175121917
2009,18,Corrientes,NEA,80+,Mujer,105,35,97889.69055,2704000.1218,27.622930531370443,966.8025685979655
2009,18,Corrientes,NEA,80+,Varón,51,17,96298.78607,2266735.9454,23.538572373615384,400.15573035146156
2009,22,Chaco,NEA,30 a 39,Mujer,6,2,98257.61885,4983143.736,50.71508748453657,101.43017496907314
2009,22,Chaco,NEA,30 a 39,Varón,2,0.6666666666666666,96997.57994,4397739.3413,45.33865013972843,30.225766759818953
2009,22,Chaco,NEA,40 a 49,Mujer,9,3,97340.83661,4492775.462499999,46.15509398692027,138.46528196076082
2009,22,Chaco,NEA,40 a 49,Varón,11,3.6666666666666665,95386.37498,3914498.4263,41.03833935528808,150.47391096938964
2009,22,Chaco,NEA,50 a 59,Mujer,44,14.666666666666666,95441.65065,4007943.3663,41.99365097946365,615.9068810321336
2009,22,Chaco,NEA,50 a 59,Varón,54,18,92417.20236,3440462.4833,37.227511712571605,670.0952108262888
2009,22,Chaco,NEA,60 a 69,Mujer,62,20.666666666666668,91170.49198,3534888.1766999997,38.772283662519285,801.293862358732
2009,22,Chaco,NEA,60 a 69,Varón,86,28.666666666666668,85071.85545,2985441.5738,35.09317573959179,1006.0043712016314
2009,22,Chaco,NEA,70 a 79,Mujer,112,37.333333333333336,81312.23623,3089197.6009,37.991792430377735,1418.3602507341022
2009,22,Chaco,NEA,70 a 79,Varón,99,33,68546.20957,2577191.6172,37.59787205400685,1240.729777782226
2009,22,Chaco,NEA,80+,Mujer,90,30,97889.69055,2704000.1218,27.622930531370443,828.6879159411133
2009,22,Chaco,NEA,80+,Varón,28,9.333333333333334,96298.78607,2266735.9454,23.538572373615384,219.6933421537436
2009,26,Chubut,Patagonia Sur,30 a 39,Mujer,1,0.3333333333333333,98257.61885,4983143.736,50.71508748453657,16.90502916151219
2009,26,Chubut,Patagonia Sur,30 a 39,Varón,1,0.3333333333333333,96997.57994,4397739.3413,45.33865013972843,15.112883379909476
2009,26,Chubut,Patagonia Sur,40 a 49,Mujer,3,1,97340.83661,4492775.462499999,46.15509398692027,46.15509398692027
2009,26,Chubut,Patagonia Sur,40 a 49,Varón,5,1.6666666666666667,95386.37498,3914498.4263,41.03833935528808,68.39723225881347
2009,26,Chubut,Patagonia Sur,50 a 59,Mujer,9,3,95441.65065,4007943.3663,41.99365097946365,125.98095293839096
2009,26,Chubut,Patagonia Sur,50 a 59,Varón,13,4.333333333333333,92417.20236,3440462.4833,37.227511712571605,161.3192174211436
2009,26,Chubut,Patagonia Sur,60 a 69,Mujer,16,5.333333333333333,91170.49198,3534888.1766999997,38.772283662519285,206.78551286676952
2009,26,Chubut,Patagonia Sur,60 a 69,Varón,27,9,85071.85545,2985441.5738,35.09317573959179,315.83858165632614
2009,26,Chubut,Patagonia Sur,70 a 79,Mujer,30,10,81312.23623,3089197.6009,37.991792430377735,379.91792430377734
2009,26,Chubut,Patagonia Sur,70 a 79,Varón,49,16.333333333333332,68546.20957,2577191.6172,37.59787205400685,614.0985768821118
2009,26,Chubut,Patagonia Sur,80+,Mujer,40,13.333333333333334,97889.69055,2704000.1218,27.622930531370443,368.3057404182726
2009,26,Chubut,Patagonia Sur,80+,Varón,23,7.666666666666667,96298.78607,2266735.9454,23.538572373615384,180.46238819771796
2009,30,Entre Ríos,Centro,30 a 39,Mujer,4,1.3333333333333333,98257.61885,4983143.736,50.71508748453657,67.62011664604876
2009,30,Entre Ríos,Centro,30 a 39,Varón,0,0,96997.57994,4397739.3413,45.33865013972843,0
2009,30,Entre Ríos,Centro,40 a 49,Mujer,7,2.3333333333333335,97340.83661,4492775.462499999,46.15509398692027,107.69521930281397
2009,30,Entre Ríos,Centro,40 a 49,Varón,8,2.6666666666666665,95386.37498,3914498.4263,41.03833935528808,109.43557161410155
2009,30,Entre Ríos,Centro,50 a 59,Mujer,22,7.333333333333333,95441.65065,4007943.3663,41.99365097946365,307.9534405160668
2009,30,Entre Ríos,Centro,50 a 59,Varón,38,12.666666666666666,92417.20236,3440462.4833,37.227511712571605,471.54848169257366
2009,30,Entre Ríos,Centro,60 a 69,Mujer,64,21.333333333333332,91170.49198,3534888.1766999997,38.772283662519285,827.1420514670781
2009,30,Entre Ríos,Centro,60 a 69,Varón,91,30.333333333333332,85071.85545,2985441.5738,35.09317573959179,1064.4929974342842
2009,30,Entre Ríos,Centro,70 a 79,Mujer,119,39.666666666666664,81312.23623,3089197.6009,37.991792430377735,1507.0077664049834
2009,30,Entre Ríos,Centro,70 a 79,Varón,112,37.333333333333336,68546.20957,2577191.6172,37.59787205400685,1403.653890016256
2009,30,Entre Ríos,Centro,80+,Mujer,134,44.666666666666664,97889.69055,2704000.1218,27.622930531370443,1233.824230401213
2009,30,Entre Ríos,Centro,80+,Varón,80,26.666666666666668,96298.78607,2266735.9454,23.538572373615384,627.6952632964103
2009,34,Formosa,NEA,30 a 39,Mujer,3,1,98257.61885,4983143.736,50.71508748453657,50.71508748453657
2009,34,Formosa,NEA,30 a 39,Varón,1,0.3333333333333333,96997.57994,4397739.3413,45.33865013972843,15.112883379909476
2009,34,Formosa,NEA,40 a 49,Mujer,17,5.666666666666667,97340.83661,4492775.462499999,46.15509398692027,261.5455325925482
2009,34,Formosa,NEA,40 a 49,Varón,10,3.3333333333333335,95386.37498,3914498.4263,41.03833935528808,136.79446451762695
2009,34,Formosa,NEA,50 a 59,Mujer,32,10.666666666666666,95441.65065,4007943.3663,41.99365097946365,447.9322771142789
2009,34,Formosa,NEA,50 a 59,Varón,26,8.666666666666666,92417.20236,3440462.4833,37.227511712571605,322.6384348422872
2009,34,Formosa,NEA,60 a 69,Mujer,65,21.666666666666668,91170.49198,3534888.1766999997,38.772283662519285,840.0661460212513
2009,34,Formosa,NEA,60 a 69,Varón,70,23.333333333333332,85071.85545,2985441.5738,35.09317573959179,818.8407672571418
2009,34,Formosa,NEA,70 a 79,Mujer,72,24,81312.23623,3089197.6009,37.991792430377735,911.8030183290657
2009,34,Formosa,NEA,70 a 79,Varón,62,20.666666666666668,68546.20957,2577191.6172,37.59787205400685,777.0226891161416
2009,34,Formosa,NEA,80+,Mujer,74,24.666666666666668,97889.69055,2704000.1218,27.622930531370443,681.3656197738043
2009,34,Formosa,NEA,80+,Varón,40,13.333333333333334,96298.78607,2266735.9454,23.538572373615384,313.84763164820515
2009,38,Jujuy,NOA1,30 a 39,Mujer,0,0,98257.61885,4983143.736,50.71508748453657,0
2009,38,Jujuy,NOA1,30 a 39,Varón,2,0.6666666666666666,96997.57994,4397739.3413,45.33865013972843,30.225766759818953
2009,38,Jujuy,NOA1,40 a 49,Mujer,2,0.6666666666666666,97340.83661,4492775.462499999,46.15509398692027,30.770062657946845
2009,38,Jujuy,NOA1,40 a 49,Varón,7,2.3333333333333335,95386.37498,3914498.4263,41.03833935528808,95.75612516233886
2009,38,Jujuy,NOA1,50 a 59,Mujer,18,6,95441.65065,4007943.3663,41.99365097946365,251.9619058767819
2009,38,Jujuy,NOA1,50 a 59,Varón,28,9.333333333333334,92417.20236,3440462.4833,37.227511712571605,347.4567759840017
2009,38,Jujuy,NOA1,60 a 69,Mujer,32,10.666666666666666,91170.49198,3534888.1766999997,38.772283662519285,413.57102573353905
2009,38,Jujuy,NOA1,60 a 69,Varón,53,17.666666666666668,85071.85545,2985441.5738,35.09317573959179,619.9794380661217
2009,38,Jujuy,NOA1,70 a 79,Mujer,36,12,81312.23623,3089197.6009,37.991792430377735,455.90150916453285
2009,38,Jujuy,NOA1,70 a 79,Varón,50,16.666666666666668,68546.20957,2577191.6172,37.59787205400685,626.6312009001142
2009,38,Jujuy,NOA1,80+,Mujer,29,9.666666666666666,97889.69055,2704000.1218,27.622930531370443,267.0216618032476
2009,38,Jujuy,NOA1,80+,Varón,22,7.333333333333333,96298.78607,2266735.9454,23.538572373615384,172.6161974065128
2009,42,La Pampa,Patagonia Norte,30 a 39,Mujer,0,0,98257.61885,4983143.736,50.71508748453657,0
2009,42,La Pampa,Patagonia Norte,30 a 39,Varón,0,0,96997.57994,4397739.3413,45.33865013972843,0
2009,42,La Pampa,Patagonia Norte,40 a 49,Mujer,0,0,97340.83661,4492775.462499999,46.15509398692027,0
2009,42,La Pampa,Patagonia Norte,40 a 49,Varón,2,0.6666666666666666,95386.37498,3914498.4263,41.03833935528808,27.358892903525387
2009,42,La Pampa,Patagonia Norte,50 a 59,Mujer,6,2,95441.65065,4007943.3663,41.99365097946365,83.9873019589273
2009,42,La Pampa,Patagonia Norte,50 a 59,Varón,10,3.3333333333333335,92417.20236,3440462.4833,37.227511712571605,124.09170570857202
2009,42,La Pampa,Patagonia Norte,60 a 69,Mujer,12,4,91170.49198,3534888.1766999997,38.772283662519285,155.08913465007714
2009,42,La Pampa,Patagonia Norte,60 a 69,Varón,14,4.666666666666667,85071.85545,2985441.5738,35.09317573959179,163.7681534514284
2009,42,La Pampa,Patagonia Norte,70 a 79,Mujer,13,4.333333333333333,81312.23623,3089197.6009,37.991792430377735,164.63110053163683
2009,42,La Pampa,Patagonia Norte,70 a 79,Varón,25,8.333333333333334,68546.20957,2577191.6172,37.59787205400685,313.3156004500571
2009,42,La Pampa,Patagonia Norte,80+,Mujer,24,8,97889.69055,2704000.1218,27.622930531370443,220.98344425096354
2009,42,La Pampa,Patagonia Norte,80+,Varón,15,5,96298.78607,2266735.9454,23.538572373615384,117.69286186807692
2009,46,La Rioja,Cuyo,30 a 39,Mujer,0,0,98257.61885,4983143.736,50.71508748453657,0
2009,46,La Rioja,Cuyo,30 a 39,Varón,2,0.6666666666666666,96997.57994,4397739.3413,45.33865013972843,30.225766759818953
2009,46,La Rioja,Cuyo,40 a 49,Mujer,1,0.3333333333333333,97340.83661,4492775.462499999,46.15509398692027,15.385031328973422
2009,46,La Rioja,Cuyo,40 a 49,Varón,8,2.6666666666666665,95386.37498,3914498.4263,41.03833935528808,109.43557161410155
2009,46,La Rioja,Cuyo,50 a 59,Mujer,12,4,95441.65065,4007943.3663,41.99365097946365,167.9746039178546
2009,46,La Rioja,Cuyo,50 a 59,Varón,13,4.333333333333333,92417.20236,3440462.4833,37.227511712571605,161.3192174211436
2009,46,La Rioja,Cuyo,60 a 69,Mujer,19,6.333333333333333,91170.49198,3534888.1766999997,38.772283662519285,245.5577965292888
2009,46,La Rioja,Cuyo,60 a 69,Varón,31,10.333333333333334,85071.85545,2985441.5738,35.09317573959179,362.6294826424485
2009,46,La Rioja,Cuyo,70 a 79,Mujer,21,7,81312.23623,3089197.6009,37.991792430377735,265.9425470126441
2009,46,La Rioja,Cuyo,70 a 79,Varón,16,5.333333333333333,68546.20957,2577191.6172,37.59787205400685,200.52198428803652
2009,46,La Rioja,Cuyo,80+,Mujer,14,4.666666666666667,97889.69055,2704000.1218,27.622930531370443,128.9070091463954
2009,46,La Rioja,Cuyo,80+,Varón,11,3.6666666666666665,96298.78607,2266735.9454,23.538572373615384,86.3080987032564
2009,50,Mendoza,Cuyo,30 a 39,Mujer,7,2.3333333333333335,98257.61885,4983143.736,50.71508748453657,118.33520413058534
2009,50,Mendoza,Cuyo,30 a 39,Varón,4,1.3333333333333333,96997.57994,4397739.3413,45.33865013972843,60.451533519637906
2009,50,Mendoza,Cuyo,40 a 49,Mujer,18,6,97340.83661,4492775.462499999,46.15509398692027,276.93056392152164
2009,50,Mendoza,Cuyo,40 a 49,Varón,24,8,95386.37498,3914498.4263,41.03833935528808,328.30671484230464
2009,50,Mendoza,Cuyo,50 a 59,Mujer,70,23.333333333333332,95441.65065,4007943.3663,41.99365097946365,979.8518561874852
2009,50,Mendoza,Cuyo,50 a 59,Varón,130,43.333333333333336,92417.20236,3440462.4833,37.227511712571605,1613.1921742114364
2009,50,Mendoza,Cuyo,60 a 69,Mujer,199,66.33333333333333,91170.49198,3534888.1766999997,38.772283662519285,2571.894816280446
2009,50,Mendoza,Cuyo,60 a 69,Varón,303,101,85071.85545,2985441.5738,35.09317573959179,3544.4107496987713
2009,50,Mendoza,Cuyo,70 a 79,Mujer,307,102.33333333333333,81312.23623,3089197.6009,37.991792430377735,3887.826758708655
2009,50,Mendoza,Cuyo,70 a 79,Varón,360,120,68546.20957,2577191.6172,37.59787205400685,4511.744646480822
2009,50,Mendoza,Cuyo,80+,Mujer,304,101.33333333333333,97889.69055,2704000.1218,27.622930531370443,2799.1236271788716
2009,50,Mendoza,Cuyo,80+,Varón,177,59,96298.78607,2266735.9454,23.538572373615384,1388.7757700433076
2009,54,Misiones,NEA,30 a 39,Mujer,1,0.3333333333333333,98257.61885,4983143.736,50.71508748453657,16.90502916151219
2009,54,Misiones,NEA,30 a 39,Varón,6,2,96997.57994,4397739.3413,45.33865013972843,90.67730027945686
2009,54,Misiones,NEA,40 a 49,Mujer,11,3.6666666666666665,97340.83661,4492775.462499999,46.15509398692027,169.23534461870764
2009,54,Misiones,NEA,40 a 49,Varón,14,4.666666666666667,95386.37498,3914498.4263,41.03833935528808,191.51225032467772
2009,54,Misiones,NEA,50 a 59,Mujer,37,12.333333333333334,95441.65065,4007943.3663,41.99365097946365,517.9216954133851
2009,54,Misiones,NEA,50 a 59,Varón,49,16.333333333333332,92417.20236,3440462.4833,37.227511712571605,608.0493579720029
2009,54,Misiones,NEA,60 a 69,Mujer,75,25,91170.49198,3534888.1766999997,38.772283662519285,969.3070915629821
2009,54,Misiones,NEA,60 a 69,Varón,87,29,85071.85545,2985441.5738,35.09317573959179,1017.702096448162
2009,54,Misiones,NEA,70 a 79,Mujer,128,42.666666666666664,81312.23623,3089197.6009,37.991792430377735,1620.9831436961167
2009,54,Misiones,NEA,70 a 79,Varón,122,40.666666666666664,68546.20957,2577191.6172,37.59787205400685,1528.9801301962784
2009,54,Misiones,NEA,80+,Mujer,101,33.666666666666664,97889.69055,2704000.1218,27.622930531370443,929.9719945561382
2009,54,Misiones,NEA,80+,Varón,62,20.666666666666668,96298.78607,2266735.9454,23.538572373615384,486.46382905471796
2009,58,Neuquén,Patagonia Norte,30 a 39,Mujer,0,0,98257.61885,4983143.736,50.71508748453657,0
2009,58,Neuquén,Patagonia Norte,30 a 39,Varón,0,0,96997.57994,4397739.3413,45.33865013972843,0
2009,58,Neuquén,Patagonia Norte,40 a 49,Mujer,9,3,97340.83661,4492775.462499999,46.15509398692027,138.46528196076082
2009,58,Neuquén,Patagonia Norte,40 a 49,Varón,6,2,95386.37498,3914498.4263,41.03833935528808,82.07667871057616
2009,58,Neuquén,Patagonia Norte,50 a 59,Mujer,21,7,95441.65065,4007943.3663,41.99365097946365,293.95555685624555
2009,58,Neuquén,Patagonia Norte,50 a 59,Varón,31,10.333333333333334,92417.20236,3440462.4833,37.227511712571605,384.6842876965733
2009,58,Neuquén,Patagonia Norte,60 a 69,Mujer,41,13.666666666666666,91170.49198,3534888.1766999997,38.772283662519285,529.8878767210969
2009,58,Neuquén,Patagonia Norte,60 a 69,Varón,72,24,85071.85545,2985441.5738,35.09317573959179,842.236217750203
2009,58,Neuquén,Patagonia Norte,70 a 79,Mujer,69,23,81312.23623,3089197.6009,37.991792430377735,873.8112258986879
2009,58,Neuquén,Patagonia Norte,70 a 79,Varón,73,24.333333333333332,68546.20957,2577191.6172,37.59787205400685,914.8815533141666
2009,58,Neuquén,Patagonia Norte,80+,Mujer,85,28.333333333333332,97889.69055,2704000.1218,27.622930531370443,782.6496983888292
2009,58,Neuquén,Patagonia Norte,80+,Varón,49,16.333333333333332,96298.78607,2266735.9454,23.538572373615384,384.46334876905127
2009,62,Río Negro,Patagonia Norte,30 a 39,Mujer,0,0,98257.61885,4983143.736,50.71508748453657,0
2009,62,Río Negro,Patagonia Norte,30 a 39,Varón,1,0.3333333333333333,96997.57994,4397739.3413,45.33865013972843,15.112883379909476
2009,62,Río Negro,Patagonia Norte,40 a 49,Mujer,3,1,97340.83661,4492775.462499999,46.15509398692027,46.15509398692027
2009,62,Río Negro,Patagonia Norte,40 a 49,Varón,5,1.6666666666666667,95386.37498,3914498.4263,41.03833935528808,68.39723225881347
2009,62,Río Negro,Patagonia Norte,50 a 59,Mujer,10,3.3333333333333335,95441.65065,4007943.3663,41.99365097946365,139.97883659821218
2009,62,Río Negro,Patagonia Norte,50 a 59,Varón,14,4.666666666666667,92417.20236,3440462.4833,37.227511712571605,173.72838799200085
2009,62,Río Negro,Patagonia Norte,60 a 69,Mujer,30,10,91170.49198,3534888.1766999997,38.772283662519285,387.7228366251928
2009,62,Río Negro,Patagonia Norte,60 a 69,Varón,37,12.333333333333334,85071.85545,2985441.5738,35.09317573959179,432.8158341216321
2009,62,Río Negro,Patagonia Norte,70 a 79,Mujer,39,13,81312.23623,3089197.6009,37.991792430377735,493.89330159491055
2009,62,Río Negro,Patagonia Norte,70 a 79,Varón,59,19.666666666666668,68546.20957,2577191.6172,37.59787205400685,739.4248170621347
2009,62,Río Negro,Patagonia Norte,80+,Mujer,53,17.666666666666668,97889.69055,2704000.1218,27.622930531370443,488.0051060542112
2009,62,Río Negro,Patagonia Norte,80+,Varón,42,14,96298.78607,2266735.9454,23.538572373615384,329.5400132306154
2009,66,Salta,NOA1,30 a 39,Mujer,4,1.3333333333333333,98257.61885,4983143.736,50.71508748453657,67.62011664604876
2009,66,Salta,NOA1,30 a 39,Varón,4,1.3333333333333333,96997.57994,4397739.3413,45.33865013972843,60.451533519637906
2009,66,Salta,NOA1,40 a 49,Mujer,9,3,97340.83661,4492775.462499999,46.15509398692027,138.46528196076082
2009,66,Salta,NOA1,40 a 49,Varón,10,3.3333333333333335,95386.37498,3914498.4263,41.03833935528808,136.79446451762695
2009,66,Salta,NOA1,50 a 59,Mujer,42,14,95441.65065,4007943.3663,41.99365097946365,587.9111137124911
2009,66,Salta,NOA1,50 a 59,Varón,47,15.666666666666666,92417.20236,3440462.4833,37.227511712571605,583.2310168302885
2009,66,Salta,NOA1,60 a 69,Mujer,75,25,91170.49198,3534888.1766999997,38.772283662519285,969.3070915629821
2009,66,Salta,NOA1,60 a 69,Varón,102,34,85071.85545,2985441.5738,35.09317573959179,1193.1679751461209
2009,66,Salta,NOA1,70 a 79,Mujer,112,37.333333333333336,81312.23623,3089197.6009,37.991792430377735,1418.3602507341022
2009,66,Salta,NOA1,70 a 79,Varón,92,30.666666666666668,68546.20957,2577191.6172,37.59787205400685,1153.0014096562102
2009,66,Salta,NOA1,80+,Mujer,92,30.666666666666668,97889.69055,2704000.1218,27.622930531370443,847.1032029620269
2009,66,Salta,NOA1,80+,Varón,49,16.333333333333332,96298.78607,2266735.9454,23.538572373615384,384.46334876905127
2009,70,San Juan,Cuyo,30 a 39,Mujer,1,0.3333333333333333,98257.61885,4983143.736,50.71508748453657,16.90502916151219
2009,70,San Juan,Cuyo,30 a 39,Varón,2,0.6666666666666666,96997.57994,4397739.3413,45.33865013972843,30.225766759818953
2009,70,San Juan,Cuyo,40 a 49,Mujer,8,2.6666666666666665,97340.83661,4492775.462499999,46.15509398692027,123.08025063178738
2009,70,San Juan,Cuyo,40 a 49,Varón,7,2.3333333333333335,95386.37498,3914498.4263,41.03833935528808,95.75612516233886
2009,70,San Juan,Cuyo,50 a 59,Mujer,34,11.333333333333334,95441.65065,4007943.3663,41.99365097946365,475.9280444339214
2009,70,San Juan,Cuyo,50 a 59,Varón,42,14,92417.20236,3440462.4833,37.227511712571605,521.1851639760025
2009,70,San Juan,Cuyo,60 a 69,Mujer,119,39.666666666666664,91170.49198,3534888.1766999997,38.772283662519285,1537.9672519465983
2009,70,San Juan,Cuyo,60 a 69,Varón,135,45,85071.85545,2985441.5738,35.09317573959179,1579.1929082816307
2009,70,San Juan,Cuyo,70 a 79,Mujer,135,45,81312.23623,3089197.6009,37.991792430377735,1709.630659366998
2009,70,San Juan,Cuyo,70 a 79,Varón,139,46.333333333333336,68546.20957,2577191.6172,37.59787205400685,1742.0347385023174
2009,70,San Juan,Cuyo,80+,Mujer,133,44.333333333333336,97889.69055,2704000.1218,27.622930531370443,1224.6165868907565
2009,70,San Juan,Cuyo,80+,Varón,75,25,96298.78607,2266735.9454,23.538572373615384,588.4643093403846
2009,74,San Luis,Cuyo,30 a 39,Mujer,1,0.3333333333333333,98257.61885,4983143.736,50.71508748453657,16.90502916151219
2009,74,San Luis,Cuyo,30 a 39,Varón,2,0.6666666666666666,96997.57994,4397739.3413,45.33865013972843,30.225766759818953
2009,74,San Luis,Cuyo,40 a 49,Mujer,2,0.6666666666666666,97340.83661,4492775.462499999,46.15509398692027,30.770062657946845
2009,74,San Luis,Cuyo,40 a 49,Varón,7,2.3333333333333335,95386.37498,3914498.4263,41.03833935528808,95.75612516233886
2009,74,San Luis,Cuyo,50 a 59,Mujer,9,3,95441.65065,4007943.3663,41.99365097946365,125.98095293839096
2009,74,San Luis,Cuyo,50 a 59,Varón,15,5,92417.20236,3440462.4833,37.227511712571605,186.13755856285803
2009,74,San Luis,Cuyo,60 a 69,Mujer,36,12,91170.49198,3534888.1766999997,38.772283662519285,465.2674039502314
2009,74,San Luis,Cuyo,60 a 69,Varón,60,20,85071.85545,2985441.5738,35.09317573959179,701.8635147918359
2009,74,San Luis,Cuyo,70 a 79,Mujer,66,22,81312.23623,3089197.6009,37.991792430377735,835.8194334683102
2009,74,San Luis,Cuyo,70 a 79,Varón,61,20.333333333333332,68546.20957,2577191.6172,37.59787205400685,764.4900650981392
2009,74,San Luis,Cuyo,80+,Mujer,71,23.666666666666668,97889.69055,2704000.1218,27.622930531370443,653.7426892424338
2009,74,San Luis,Cuyo,80+,Varón,52,17.333333333333332,96298.78607,2266735.9454,23.538572373615384,408.0019211426666
2009,78,Santa Cruz,Patagonia Sur,30 a 39,Mujer,1,0.3333333333333333,98257.61885,4983143.736,50.71508748453657,16.90502916151219
2009,78,Santa Cruz,Patagonia Sur,30 a 39,Varón,0,0,96997.57994,4397739.3413,45.33865013972843,0
2009,78,Santa Cruz,Patagonia Sur,40 a 49,Mujer,2,0.6666666666666666,97340.83661,4492775.462499999,46.15509398692027,30.770062657946845
2009,78,Santa Cruz,Patagonia Sur,40 a 49,Varón,1,0.3333333333333333,95386.37498,3914498.4263,41.03833935528808,13.679446451762693
2009,78,Santa Cruz,Patagonia Sur,50 a 59,Mujer,5,1.6666666666666667,95441.65065,4007943.3663,41.99365097946365,69.98941829910609
2009,78,Santa Cruz,Patagonia Sur,50 a 59,Varón,6,2,92417.20236,3440462.4833,37.227511712571605,74.45502342514321
2009,78,Santa Cruz,Patagonia Sur,60 a 69,Mujer,6,2,91170.49198,3534888.1766999997,38.772283662519285,77.54456732503857
2009,78,Santa Cruz,Patagonia Sur,60 a 69,Varón,24,8,85071.85545,2985441.5738,35.09317573959179,280.74540591673434
2009,78,Santa Cruz,Patagonia Sur,70 a 79,Mujer,15,5,81312.23623,3089197.6009,37.991792430377735,189.95896215188867
2009,78,Santa Cruz,Patagonia Sur,70 a 79,Varón,24,8,68546.20957,2577191.6172,37.59787205400685,300.7829764320548
2009,78,Santa Cruz,Patagonia Sur,80+,Mujer,16,5.333333333333333,97889.69055,2704000.1218,27.622930531370443,147.32229616730902
2009,78,Santa Cruz,Patagonia Sur,80+,Varón,15,5,96298.78607,2266735.9454,23.538572373615384,117.69286186807692
2009,82,Santa Fe,Centro,30 a 39,Mujer,10,3.3333333333333335,98257.61885,4983143.736,50.71508748453657,169.0502916151219
2009,82,Santa Fe,Centro,30 a 39,Varón,5,1.6666666666666667,96997.57994,4397739.3413,45.33865013972843,75.56441689954738
2009,82,Santa Fe,Centro,40 a 49,Mujer,26,8.666666666666666,97340.83661,4492775.462499999,46.15509398692027,400.010814553309
2009,82,Santa Fe,Centro,40 a 49,Varón,36,12,95386.37498,3914498.4263,41.03833935528808,492.46007226345694
2009,82,Santa Fe,Centro,50 a 59,Mujer,97,32.333333333333336,95441.65065,4007943.3663,41.99365097946365,1357.7947150026582
2009,82,Santa Fe,Centro,50 a 59,Varón,120,40,92417.20236,3440462.4833,37.227511712571605,1489.1004685028643
2009,82,Santa Fe,Centro,60 a 69,Mujer,202,67.33333333333333,91170.49198,3534888.1766999997,38.772283662519285,2610.6670999429653
2009,82,Santa Fe,Centro,60 a 69,Varón,314,104.66666666666667,85071.85545,2985441.5738,35.09317573959179,3673.085727410608
2009,82,Santa Fe,Centro,70 a 79,Mujer,350,116.66666666666667,81312.23623,3089197.6009,37.991792430377735,4432.375783544069
2009,82,Santa Fe,Centro,70 a 79,Varón,420,140,68546.20957,2577191.6172,37.59787205400685,5263.702087560959
2009,82,Santa Fe,Centro,80+,Mujer,452,150.66666666666666,97889.69055,2704000.1218,27.622930531370443,4161.8548667264795
2009,82,Santa Fe,Centro,80+,Varón,310,103.33333333333333,96298.78607,2266735.9454,23.538572373615384,2432.3191452735896
2009,86,Santiago del Estero,NOA2,30 a 39,Mujer,2,0.6666666666666666,98257.61885,4983143.736,50.71508748453657,33.81005832302438
2009,86,Santiago del Estero,NOA2,30 a 39,Varón,2,0.6666666666666666,96997.57994,4397739.3413,45.33865013972843,30.225766759818953
2009,86,Santiago del Estero,NOA2,40 a 49,Mujer,6,2,97340.83661,4492775.462499999,46.15509398692027,92.31018797384054
2009,86,Santiago del Estero,NOA2,40 a 49,Varón,9,3,95386.37498,3914498.4263,41.03833935528808,123.11501806586423
2009,86,Santiago del Estero,NOA2,50 a 59,Mujer,30,10,95441.65065,4007943.3663,41.99365097946365,419.93650979463655
2009,86,Santiago del Estero,NOA2,50 a 59,Varón,34,11.333333333333334,92417.20236,3440462.4833,37.227511712571605,421.91179940914486
2009,86,Santiago del Estero,NOA2,60 a 69,Mujer,33,11,91170.49198,3534888.1766999997,38.772283662519285,426.49512028771215
2009,86,Santiago del Estero,NOA2,60 a 69,Varón,59,19.666666666666668,85071.85545,2985441.5738,35.09317573959179,690.1657895453053
2009,86,Santiago del Estero,NOA2,70 a 79,Mujer,49,16.333333333333332,81312.23623,3089197.6009,37.991792430377735,620.5326096961696
2009,86,Santiago del Estero,NOA2,70 a 79,Varón,65,21.666666666666668,68546.20957,2577191.6172,37.59787205400685,814.6205611701484
2009,86,Santiago del Estero,NOA2,80+,Mujer,52,17.333333333333332,97889.69055,2704000.1218,27.622930531370443,478.7974625437543
2009,86,Santiago del Estero,NOA2,80+,Varón,28,9.333333333333334,96298.78607,2266735.9454,23.538572373615384,219.6933421537436
2009,90,Tucumán,NOA1,30 a 39,Mujer,4,1.3333333333333333,98257.61885,4983143.736,50.71508748453657,67.62011664604876
2009,90,Tucumán,NOA1,30 a 39,Varón,3,1,96997.57994,4397739.3413,45.33865013972843,45.33865013972843
2009,90,Tucumán,NOA1,40 a 49,Mujer,12,4,97340.83661,4492775.462499999,46.15509398692027,184.62037594768108
2009,90,Tucumán,NOA1,40 a 49,Varón,16,5.333333333333333,95386.37498,3914498.4263,41.03833935528808,218.8711432282031
2009,90,Tucumán,NOA1,50 a 59,Mujer,60,20,95441.65065,4007943.3663,41.99365097946365,839.8730195892731
2009,90,Tucumán,NOA1,50 a 59,Varón,74,24.666666666666668,92417.20236,3440462.4833,37.227511712571605,918.278622243433
2009,90,Tucumán,NOA1,60 a 69,Mujer,128,42.666666666666664,91170.49198,3534888.1766999997,38.772283662519285,1654.2841029341562
2009,90,Tucumán,NOA1,60 a 69,Varón,160,53.333333333333336,85071.85545,2985441.5738,35.09317573959179,1871.6360394448957
2009,90,Tucumán,NOA1,70 a 79,Mujer,143,47.666666666666664,81312.23623,3089197.6009,37.991792430377735,1810.9421058480052
2009,90,Tucumán,NOA1,70 a 79,Varón,159,53,68546.20957,2577191.6172,37.59787205400685,1992.6872188623631
2009,90,Tucumán,NOA1,80+,Mujer,152,50.666666666666664,97889.69055,2704000.1218,27.622930531370443,1399.5618135894358
2009,90,Tucumán,NOA1,80+,Varón,108,36,96298.78607,2266735.9454,23.538572373615384,847.3886054501538
2009,94,Tierra del Fuego,Patagonia Sur,30 a 39,Mujer,0,0,98257.61885,4983143.736,50.71508748453657,0
2009,94,Tierra del Fuego,Patagonia Sur,30 a 39,Varón,0,0,96997.57994,4397739.3413,45.33865013972843,0
2009,94,Tierra del Fuego,Patagonia Sur,40 a 49,Mujer,0,0,97340.83661,4492775.462499999,46.15509398692027,0
2009,94,Tierra del Fuego,Patagonia Sur,40 a 49,Varón,0,0,95386.37498,3914498.4263,41.03833935528808,0
2009,94,Tierra del Fuego,Patagonia Sur,50 a 59,Mujer,1,0.3333333333333333,95441.65065,4007943.3663,41.99365097946365,13.997883659821216
2009,94,Tierra del Fuego,Patagonia Sur,50 a 59,Varón,4,1.3333333333333333,92417.20236,3440462.4833,37.227511712571605,49.636682283428804
2009,94,Tierra del Fuego,Patagonia Sur,60 a 69,Mujer,2,0.6666666666666666,91170.49198,3534888.1766999997,38.772283662519285,25.84818910834619
2009,94,Tierra del Fuego,Patagonia Sur,60 a 69,Varón,4,1.3333333333333333,85071.85545,2985441.5738,35.09317573959179,46.79090098612239
2009,94,Tierra del Fuego,Patagonia Sur,70 a 79,Mujer,4,1.3333333333333333,81312.23623,3089197.6009,37.991792430377735,50.65572324050365
2009,94,Tierra del Fuego,Patagonia Sur,70 a 79,Varón,8,2.6666666666666665,68546.20957,2577191.6172,37.59787205400685,100.26099214401826
2009,94,Tierra del Fuego,Patagonia Sur,80+,Mujer,6,2,97889.69055,2704000.1218,27.622930531370443,55.245861062740886
2009,94,Tierra del Fuego,Patagonia Sur,80+,Varón,4,1.3333333333333333,96298.78607,2266735.9454,23.538572373615384,31.384763164820512
2013,02,CABA,Centro,30 a 39,Mujer,6,2,98257.61885,4983143.736,50.71508748453657,101.43017496907314
2013,02,CABA,Centro,30 a 39,Varón,3,1,96997.57994,4397739.3413,45.33865013972843,45.33865013972843
2013,02,CABA,Centro,40 a 49,Mujer,5,1.6666666666666667,97340.83661,4492775.462499999,46.15509398692027,76.92515664486712
2013,02,CABA,Centro,40 a 49,Varón,24,8,95386.37498,3914498.4263,41.03833935528808,328.30671484230464
2013,02,CABA,Centro,50 a 59,Mujer,28,9.333333333333334,95441.65065,4007943.3663,41.99365097946365,391.9407424749941
2013,02,CABA,Centro,50 a 59,Varón,52,17.333333333333332,92417.20236,3440462.4833,37.227511712571605,645.2768696845744
2013,02,CABA,Centro,60 a 69,Mujer,50,16.666666666666668,91170.49198,3534888.1766999997,38.772283662519285,646.2047277086548
2013,02,CABA,Centro,60 a 69,Varón,116,38.666666666666664,85071.85545,2985441.5738,35.09317573959179,1356.9361285975492
2013,02,CABA,Centro,70 a 79,Mujer,112,37.333333333333336,81312.23623,3089197.6009,37.991792430377735,1418.3602507341022
2013,02,CABA,Centro,70 a 79,Varón,147,49,68546.20957,2577191.6172,37.59787205400685,1842.2957306463356
2013,02,CABA,Centro,80+,Mujer,312,104,97889.69055,2704000.1218,27.622930531370443,2872.784775262526
2013,02,CABA,Centro,80+,Varón,218,72.66666666666667,96298.78607,2266735.9454,23.538572373615384,1710.469592482718
2013,06,Buenos Aires,Centro,30 a 39,Mujer,33,11,98257.61885,4983143.736,50.71508748453657,557.8659623299022
2013,06,Buenos Aires,Centro,30 a 39,Varón,44,14.666666666666666,96997.57994,4397739.3413,45.33865013972843,664.966868716017
2013,06,Buenos Aires,Centro,40 a 49,Mujer,87,29,97340.83661,4492775.462499999,46.15509398692027,1338.4977256206878
2013,06,Buenos Aires,Centro,40 a 49,Varón,140,46.666666666666664,95386.37498,3914498.4263,41.03833935528808,1915.122503246777
2013,06,Buenos Aires,Centro,50 a 59,Mujer,259,86.33333333333333,95441.65065,4007943.3663,41.99365097946365,3625.451867893695
2013,06,Buenos Aires,Centro,50 a 59,Varón,415,138.33333333333334,92417.20236,3440462.4833,37.227511712571605,5149.805786905739
2013,06,Buenos Aires,Centro,60 a 69,Mujer,688,229.33333333333334,91170.49198,3534888.1766999997,38.772283662519285,8891.77705327109
2013,06,Buenos Aires,Centro,60 a 69,Varón,943,314.3333333333333,85071.85545,2985441.5738,35.09317573959179,11030.954907478354
2013,06,Buenos Aires,Centro,70 a 79,Mujer,957,319,81312.23623,3089197.6009,37.991792430377735,12119.381785290498
2013,06,Buenos Aires,Centro,70 a 79,Varón,1115,371.6666666666667,68546.20957,2577191.6172,37.59787205400685,13973.875780072547
2013,06,Buenos Aires,Centro,80+,Mujer,1443,481,97889.69055,2704000.1218,27.622930531370443,13286.629585589182
2013,06,Buenos Aires,Centro,80+,Varón,973,324.3333333333333,96298.78607,2266735.9454,23.538572373615384,7634.343639842589
2013,10,Catamarca,NOA2,30 a 39,Mujer,0,0,98257.61885,4983143.736,50.71508748453657,0
2013,10,Catamarca,NOA2,30 a 39,Varón,0,0,96997.57994,4397739.3413,45.33865013972843,0
2013,10,Catamarca,NOA2,40 a 49,Mujer,4,1.3333333333333333,97340.83661,4492775.462499999,46.15509398692027,61.54012531589369
2013,10,Catamarca,NOA2,40 a 49,Varón,8,2.6666666666666665,95386.37498,3914498.4263,41.03833935528808,109.43557161410155
2013,10,Catamarca,NOA2,50 a 59,Mujer,13,4.333333333333333,95441.65065,4007943.3663,41.99365097946365,181.97248757767582
2013,10,Catamarca,NOA2,50 a 59,Varón,13,4.333333333333333,92417.20236,3440462.4833,37.227511712571605,161.3192174211436
2013,10,Catamarca,NOA2,60 a 69,Mujer,18,6,91170.49198,3534888.1766999997,38.772283662519285,232.6337019751157
2013,10,Catamarca,NOA2,60 a 69,Varón,32,10.666666666666666,85071.85545,2985441.5738,35.09317573959179,374.3272078889791
2013,10,Catamarca,NOA2,70 a 79,Mujer,23,7.666666666666667,81312.23623,3089197.6009,37.991792430377735,291.27040863289596
2013,10,Catamarca,NOA2,70 a 79,Varón,33,11,68546.20957,2577191.6172,37.59787205400685,413.57659259407535
2013,10,Catamarca,NOA2,80+,Mujer,30,10,97889.69055,2704000.1218,27.622930531370443,276.22930531370446
2013,10,Catamarca,NOA2,80+,Varón,12,4,96298.78607,2266735.9454,23.538572373615384,94.15428949446154
2013,14,Córdoba,Centro,30 a 39,Mujer,5,1.6666666666666667,98257.61885,4983143.736,50.71508748453657,84.52514580756095
2013,14,Córdoba,Centro,30 a 39,Varón,6,2,96997.57994,4397739.3413,45.33865013972843,90.67730027945686
2013,14,Córdoba,Centro,40 a 49,Mujer,15,5,97340.83661,4492775.462499999,46.15509398692027,230.77546993460135
2013,14,Córdoba,Centro,40 a 49,Varón,33,11,95386.37498,3914498.4263,41.03833935528808,451.4217329081689
2013,14,Córdoba,Centro,50 a 59,Mujer,78,26,95441.65065,4007943.3663,41.99365097946365,1091.834925466055
2013,14,Córdoba,Centro,50 a 59,Varón,138,46,92417.20236,3440462.4833,37.227511712571605,1712.4655387782939
2013,14,Córdoba,Centro,60 a 69,Mujer,165,55,91170.49198,3534888.1766999997,38.772283662519285,2132.4756014385607
2013,14,Córdoba,Centro,60 a 69,Varón,312,104,85071.85545,2985441.5738,35.09317573959179,3649.6902769175463
2013,14,Córdoba,Centro,70 a 79,Mujer,257,85.66666666666667,81312.23623,3089197.6009,37.991792430377735,3254.6302182023596
2013,14,Córdoba,Centro,70 a 79,Varón,305,101.66666666666667,68546.20957,2577191.6172,37.59787205400685,3822.4503254906967
2013,14,Córdoba,Centro,80+,Mujer,317,105.66666666666667,97889.69055,2704000.1218,27.622930531370443,2918.8229928148103
2013,14,Córdoba,Centro,80+,Varón,219,73,96298.78607,2266735.9454,23.538572373615384,1718.315783273923
2013,18,Corrientes,NEA,30 a 39,Mujer,4,1.3333333333333333,98257.61885,4983143.736,50.71508748453657,67.62011664604876
2013,18,Corrientes,NEA,30 a 39,Varón,3,1,96997.57994,4397739.3413,45.33865013972843,45.33865013972843
2013,18,Corrientes,NEA,40 a 49,Mujer,10,3.3333333333333335,97340.83661,4492775.462499999,46.15509398692027,153.85031328973423
2013,18,Corrientes,NEA,40 a 49,Varón,13,4.333333333333333,95386.37498,3914498.4263,41.03833935528808,177.832803872915
2013,18,Corrientes,NEA,50 a 59,Mujer,24,8,95441.65065,4007943.3663,41.99365097946365,335.9492078357092
2013,18,Corrientes,NEA,50 a 59,Varón,47,15.666666666666666,92417.20236,3440462.4833,37.227511712571605,583.2310168302885
2013,18,Corrientes,NEA,60 a 69,Mujer,77,25.666666666666668,91170.49198,3534888.1766999997,38.772283662519285,995.1552806713283
2013,18,Corrientes,NEA,60 a 69,Varón,88,29.333333333333332,85071.85545,2985441.5738,35.09317573959179,1029.3998216946925
2013,18,Corrientes,NEA,70 a 79,Mujer,95,31.666666666666668,81312.23623,3089197.6009,37.991792430377735,1203.0734269619616
2013,18,Corrientes,NEA,70 a 79,Varón,91,30.333333333333332,68546.20957,2577191.6172,37.59787205400685,1140.4687856382077
2013,18,Corrientes,NEA,80+,Mujer,92,30.666666666666668,97889.69055,2704000.1218,27.622930531370443,847.1032029620269
2013,18,Corrientes,NEA,80+,Varón,51,17,96298.78607,2266735.9454,23.538572373615384,400.15573035146156
2013,22,Chaco,NEA,30 a 39,Mujer,2,0.6666666666666666,98257.61885,4983143.736,50.71508748453657,33.81005832302438
2013,22,Chaco,NEA,30 a 39,Varón,0,0,96997.57994,4397739.3413,45.33865013972843,0
2013,22,Chaco,NEA,40 a 49,Mujer,13,4.333333333333333,97340.83661,4492775.462499999,46.15509398692027,200.0054072766545
2013,22,Chaco,NEA,40 a 49,Varón,21,7,95386.37498,3914498.4263,41.03833935528808,287.26837548701656
2013,22,Chaco,NEA,50 a 59,Mujer,41,13.666666666666666,95441.65065,4007943.3663,41.99365097946365,573.9132300526699
2013,22,Chaco,NEA,50 a 59,Varón,50,16.666666666666668,92417.20236,3440462.4833,37.227511712571605,620.4585285428601
2013,22,Chaco,NEA,60 a 69,Mujer,69,23,91170.49198,3534888.1766999997,38.772283662519285,891.7625242379436
2013,22,Chaco,NEA,60 a 69,Varón,101,33.666666666666664,85071.85545,2985441.5738,35.09317573959179,1181.4702498995903
2013,22,Chaco,NEA,70 a 79,Mujer,88,29.333333333333332,81312.23623,3089197.6009,37.991792430377735,1114.4259112910802
2013,22,Chaco,NEA,70 a 79,Varón,96,32,68546.20957,2577191.6172,37.59787205400685,1203.1319057282192
2013,22,Chaco,NEA,80+,Mujer,82,27.333333333333332,97889.69055,2704000.1218,27.622930531370443,755.0267678574587
2013,22,Chaco,NEA,80+,Varón,59,19.666666666666668,96298.78607,2266735.9454,23.538572373615384,462.9252566811026
2013,26,Chubut,Patagonia Sur,30 a 39,Mujer,1,0.3333333333333333,98257.61885,4983143.736,50.71508748453657,16.90502916151219
2013,26,Chubut,Patagonia Sur,30 a 39,Varón,3,1,96997.57994,4397739.3413,45.33865013972843,45.33865013972843
2013,26,Chubut,Patagonia Sur,40 a 49,Mujer,1,0.3333333333333333,97340.83661,4492775.462499999,46.15509398692027,15.385031328973422
2013,26,Chubut,Patagonia Sur,40 a 49,Varón,7,2.3333333333333335,95386.37498,3914498.4263,41.03833935528808,95.75612516233886
2013,26,Chubut,Patagonia Sur,50 a 59,Mujer,12,4,95441.65065,4007943.3663,41.99365097946365,167.9746039178546
2013,26,Chubut,Patagonia Sur,50 a 59,Varón,27,9,92417.20236,3440462.4833,37.227511712571605,335.0476054131444
2013,26,Chubut,Patagonia Sur,60 a 69,Mujer,23,7.666666666666667,91170.49198,3534888.1766999997,38.772283662519285,297.2541747459812
2013,26,Chubut,Patagonia Sur,60 a 69,Varón,35,11.666666666666666,85071.85545,2985441.5738,35.09317573959179,409.4203836285709
2013,26,Chubut,Patagonia Sur,70 a 79,Mujer,44,14.666666666666666,81312.23623,3089197.6009,37.991792430377735,557.2129556455401
2013,26,Chubut,Patagonia Sur,70 a 79,Varón,51,17,68546.20957,2577191.6172,37.59787205400685,639.1638249181165
2013,26,Chubut,Patagonia Sur,80+,Mujer,58,19.333333333333332,97889.69055,2704000.1218,27.622930531370443,534.0433236064952
2013,26,Chubut,Patagonia Sur,80+,Varón,33,11,96298.78607,2266735.9454,23.538572373615384,258.9242961097692
2013,30,Entre Ríos,Centro,30 a 39,Mujer,1,0.3333333333333333,98257.61885,4983143.736,50.71508748453657,16.90502916151219
2013,30,Entre Ríos,Centro,30 a 39,Varón,2,0.6666666666666666,96997.57994,4397739.3413,45.33865013972843,30.225766759818953
2013,30,Entre Ríos,Centro,40 a 49,Mujer,6,2,97340.83661,4492775.462499999,46.15509398692027,92.31018797384054
2013,30,Entre Ríos,Centro,40 a 49,Varón,7,2.3333333333333335,95386.37498,3914498.4263,41.03833935528808,95.75612516233886
2013,30,Entre Ríos,Centro,50 a 59,Mujer,33,11,95441.65065,4007943.3663,41.99365097946365,461.93016077410016
2013,30,Entre Ríos,Centro,50 a 59,Varón,44,14.666666666666666,92417.20236,3440462.4833,37.227511712571605,546.0035051177168
2013,30,Entre Ríos,Centro,60 a 69,Mujer,59,19.666666666666668,91170.49198,3534888.1766999997,38.772283662519285,762.5215786962127
2013,30,Entre Ríos,Centro,60 a 69,Varón,84,28,85071.85545,2985441.5738,35.09317573959179,982.6089207085702
2013,30,Entre Ríos,Centro,70 a 79,Mujer,85,28.333333333333332,81312.23623,3089197.6009,37.991792430377735,1076.4341188607025
2013,30,Entre Ríos,Centro,70 a 79,Varón,107,35.666666666666664,68546.20957,2577191.6172,37.59787205400685,1340.9907699262442
2013,30,Entre Ríos,Centro,80+,Mujer,120,40,97889.69055,2704000.1218,27.622930531370443,1104.9172212548178
2013,30,Entre Ríos,Centro,80+,Varón,60,20,96298.78607,2266735.9454,23.538572373615384,470.77144747230767
2013,34,Formosa,NEA,30 a 39,Mujer,3,1,98257.61885,4983143.736,50.71508748453657,50.71508748453657
2013,34,Formosa,NEA,30 a 39,Varón,5,1.6666666666666667,96997.57994,4397739.3413,45.33865013972843,75.56441689954738
2013,34,Formosa,NEA,40 a 49,Mujer,21,7,97340.83661,4492775.462499999,46.15509398692027,323.0856579084419
2013,34,Formosa,NEA,40 a 49,Varón,16,5.333333333333333,95386.37498,3914498.4263,41.03833935528808,218.8711432282031
2013,34,Formosa,NEA,50 a 59,Mujer,58,19.333333333333332,95441.65065,4007943.3663,41.99365097946365,811.8772522696305
2013,34,Formosa,NEA,50 a 59,Varón,61,20.333333333333332,92417.20236,3440462.4833,37.227511712571605,756.9594048222892
2013,34,Formosa,NEA,60 a 69,Mujer,110,36.666666666666664,91170.49198,3534888.1766999997,38.772283662519285,1421.6504009590403
2013,34,Formosa,NEA,60 a 69,Varón,120,40,85071.85545,2985441.5738,35.09317573959179,1403.7270295836718
2013,34,Formosa,NEA,70 a 79,Mujer,137,45.666666666666664,81312.23623,3089197.6009,37.991792430377735,1734.9585209872498
2013,34,Formosa,NEA,70 a 79,Varón,121,40.333333333333336,68546.20957,2577191.6172,37.59787205400685,1516.4475061782764
2013,34,Formosa,NEA,80+,Mujer,98,32.666666666666664,97889.69055,2704000.1218,27.622930531370443,902.3490640247677
2013,34,Formosa,NEA,80+,Varón,67,22.333333333333332,96298.78607,2266735.9454,23.538572373615384,525.6947830107435
2013,38,Jujuy,NOA1,30 a 39,Mujer,1,0.3333333333333333,98257.61885,4983143.736,50.71508748453657,16.90502916151219
2013,38,Jujuy,NOA1,30 a 39,Varón,2,0.6666666666666666,96997.57994,4397739.3413,45.33865013972843,30.225766759818953
2013,38,Jujuy,NOA1,40 a 49,Mujer,5,1.6666666666666667,97340.83661,4492775.462499999,46.15509398692027,76.92515664486712
2013,38,Jujuy,NOA1,40 a 49,Varón,5,1.6666666666666667,95386.37498,3914498.4263,41.03833935528808,68.39723225881347
2013,38,Jujuy,NOA1,50 a 59,Mujer,20,6.666666666666667,95441.65065,4007943.3663,41.99365097946365,279.95767319642437
2013,38,Jujuy,NOA1,50 a 59,Varón,29,9.666666666666666,92417.20236,3440462.4833,37.227511712571605,359.86594655485885
2013,38,Jujuy,NOA1,60 a 69,Mujer,42,14,91170.49198,3534888.1766999997,38.772283662519285,542.81197127527
2013,38,Jujuy,NOA1,60 a 69,Varón,38,12.666666666666666,85071.85545,2985441.5738,35.09317573959179,444.5135593681627
2013,38,Jujuy,NOA1,70 a 79,Mujer,40,13.333333333333334,81312.23623,3089197.6009,37.991792430377735,506.5572324050365
2013,38,Jujuy,NOA1,70 a 79,Varón,40,13.333333333333334,68546.20957,2577191.6172,37.59787205400685,501.30496072009134
2013,38,Jujuy,NOA1,80+,Mujer,32,10.666666666666666,97889.69055,2704000.1218,27.622930531370443,294.64459233461804
2013,38,Jujuy,NOA1,80+,Varón,32,10.666666666666666,96298.78607,2266735.9454,23.538572373615384,251.0781053185641
2013,42,La Pampa,Patagonia Norte,30 a 39,Mujer,3,1,98257.61885,4983143.736,50.71508748453657,50.71508748453657
2013,42,La Pampa,Patagonia Norte,30 a 39,Varón,0,0,96997.57994,4397739.3413,45.33865013972843,0
2013,42,La Pampa,Patagonia Norte,40 a 49,Mujer,1,0.3333333333333333,97340.83661,4492775.462499999,46.15509398692027,15.385031328973422
2013,42,La Pampa,Patagonia Norte,40 a 49,Varón,2,0.6666666666666666,95386.37498,3914498.4263,41.03833935528808,27.358892903525387
2013,42,La Pampa,Patagonia Norte,50 a 59,Mujer,4,1.3333333333333333,95441.65065,4007943.3663,41.99365097946365,55.991534639284865
2013,42,La Pampa,Patagonia Norte,50 a 59,Varón,6,2,92417.20236,3440462.4833,37.227511712571605,74.45502342514321
2013,42,La Pampa,Patagonia Norte,60 a 69,Mujer,8,2.6666666666666665,91170.49198,3534888.1766999997,38.772283662519285,103.39275643338476
2013,42,La Pampa,Patagonia Norte,60 a 69,Varón,14,4.666666666666667,85071.85545,2985441.5738,35.09317573959179,163.7681534514284
2013,42,La Pampa,Patagonia Norte,70 a 79,Mujer,21,7,81312.23623,3089197.6009,37.991792430377735,265.9425470126441
2013,42,La Pampa,Patagonia Norte,70 a 79,Varón,25,8.333333333333334,68546.20957,2577191.6172,37.59787205400685,313.3156004500571
2013,42,La Pampa,Patagonia Norte,80+,Mujer,26,8.666666666666666,97889.69055,2704000.1218,27.622930531370443,239.39873127187715
2013,42,La Pampa,Patagonia Norte,80+,Varón,24,8,96298.78607,2266735.9454,23.538572373615384,188.30857898892307
2013,46,La Rioja,Cuyo,30 a 39,Mujer,0,0,98257.61885,4983143.736,50.71508748453657,0
2013,46,La Rioja,Cuyo,30 a 39,Varón,0,0,96997.57994,4397739.3413,45.33865013972843,0
2013,46,La Rioja,Cuyo,40 a 49,Mujer,1,0.3333333333333333,97340.83661,4492775.462499999,46.15509398692027,15.385031328973422
2013,46,La Rioja,Cuyo,40 a 49,Varón,10,3.3333333333333335,95386.37498,3914498.4263,41.03833935528808,136.79446451762695
2013,46,La Rioja,Cuyo,50 a 59,Mujer,12,4,95441.65065,4007943.3663,41.99365097946365,167.9746039178546
2013,46,La Rioja,Cuyo,50 a 59,Varón,13,4.333333333333333,92417.20236,3440462.4833,37.227511712571605,161.3192174211436
2013,46,La Rioja,Cuyo,60 a 69,Mujer,24,8,91170.49198,3534888.1766999997,38.772283662519285,310.1782693001543
2013,46,La Rioja,Cuyo,60 a 69,Varón,29,9.666666666666666,85071.85545,2985441.5738,35.09317573959179,339.2340321493873
2013,46,La Rioja,Cuyo,70 a 79,Mujer,32,10.666666666666666,81312.23623,3089197.6009,37.991792430377735,405.2457859240292
2013,46,La Rioja,Cuyo,70 a 79,Varón,28,9.333333333333334,68546.20957,2577191.6172,37.59787205400685,350.913472504064
2013,46,La Rioja,Cuyo,80+,Mujer,21,7,97889.69055,2704000.1218,27.622930531370443,193.3605137195931
2013,46,La Rioja,Cuyo,80+,Varón,7,2.3333333333333335,96298.78607,2266735.9454,23.538572373615384,54.9233355384359
2013,50,Mendoza,Cuyo,30 a 39,Mujer,6,2,98257.61885,4983143.736,50.71508748453657,101.43017496907314
2013,50,Mendoza,Cuyo,30 a 39,Varón,6,2,96997.57994,4397739.3413,45.33865013972843,90.67730027945686
2013,50,Mendoza,Cuyo,40 a 49,Mujer,14,4.666666666666667,97340.83661,4492775.462499999,46.15509398692027,215.39043860562793
2013,50,Mendoza,Cuyo,40 a 49,Varón,15,5,95386.37498,3914498.4263,41.03833935528808,205.1916967764404
2013,50,Mendoza,Cuyo,50 a 59,Mujer,63,21,95441.65065,4007943.3663,41.99365097946365,881.8666705687367
2013,50,Mendoza,Cuyo,50 a 59,Varón,101,33.666666666666664,92417.20236,3440462.4833,37.227511712571605,1253.3262276565772
2013,50,Mendoza,Cuyo,60 a 69,Mujer,214,71.33333333333333,91170.49198,3534888.1766999997,38.772283662519285,2765.7562345930423
2013,50,Mendoza,Cuyo,60 a 69,Varón,271,90.33333333333333,85071.85545,2985441.5738,35.09317573959179,3170.0835418097918
2013,50,Mendoza,Cuyo,70 a 79,Mujer,256,85.33333333333333,81312.23623,3089197.6009,37.991792430377735,3241.9662873922334
2013,50,Mendoza,Cuyo,70 a 79,Varón,301,100.33333333333333,68546.20957,2577191.6172,37.59787205400685,3772.319829418687
2013,50,Mendoza,Cuyo,80+,Mujer,309,103,97889.69055,2704000.1218,27.622930531370443,2845.1618447311557
2013,50,Mendoza,Cuyo,80+,Varón,227,75.66666666666667,96298.78607,2266735.9454,23.538572373615384,1781.0853096035642
2013,54,Misiones,NEA,30 a 39,Mujer,4,1.3333333333333333,98257.61885,4983143.736,50.71508748453657,67.62011664604876
2013,54,Misiones,NEA,30 a 39,Varón,3,1,96997.57994,4397739.3413,45.33865013972843,45.33865013972843
2013,54,Misiones,NEA,40 a 49,Mujer,16,5.333333333333333,97340.83661,4492775.462499999,46.15509398692027,246.16050126357476
2013,54,Misiones,NEA,40 a 49,Varón,15,5,95386.37498,3914498.4263,41.03833935528808,205.1916967764404
2013,54,Misiones,NEA,50 a 59,Mujer,42,14,95441.65065,4007943.3663,41.99365097946365,587.9111137124911
2013,54,Misiones,NEA,50 a 59,Varón,52,17.333333333333332,92417.20236,3440462.4833,37.227511712571605,645.2768696845744
2013,54,Misiones,NEA,60 a 69,Mujer,88,29.333333333333332,91170.49198,3534888.1766999997,38.772283662519285,1137.3203207672323
2013,54,Misiones,NEA,60 a 69,Varón,109,36.333333333333336,85071.85545,2985441.5738,35.09317573959179,1275.0520518718351
2013,54,Misiones,NEA,70 a 79,Mujer,143,47.666666666666664,81312.23623,3089197.6009,37.991792430377735,1810.9421058480052
2013,54,Misiones,NEA,70 a 79,Varón,128,42.666666666666664,68546.20957,2577191.6172,37.59787205400685,1604.1758743042922
2013,54,Misiones,NEA,80+,Mujer,132,44,97889.69055,2704000.1218,27.622930531370443,1215.4089433802994
2013,54,Misiones,NEA,80+,Varón,91,30.333333333333332,96298.78607,2266735.9454,23.538572373615384,714.0033619996666
2013,58,Neuquén,Patagonia Norte,30 a 39,Mujer,0,0,98257.61885,4983143.736,50.71508748453657,0
2013,58,Neuquén,Patagonia Norte,30 a 39,Varón,1,0.3333333333333333,96997.57994,4397739.3413,45.33865013972843,15.112883379909476
2013,58,Neuquén,Patagonia Norte,40 a 49,Mujer,7,2.3333333333333335,97340.83661,4492775.462499999,46.15509398692027,107.69521930281397
2013,58,Neuquén,Patagonia Norte,40 a 49,Varón,11,3.6666666666666665,95386.37498,3914498.4263,41.03833935528808,150.47391096938964
2013,58,Neuquén,Patagonia Norte,50 a 59,Mujer,20,6.666666666666667,95441.65065,4007943.3663,41.99365097946365,279.95767319642437
2013,58,Neuquén,Patagonia Norte,50 a 59,Varón,36,12,92417.20236,3440462.4833,37.227511712571605,446.73014055085923
2013,58,Neuquén,Patagonia Norte,60 a 69,Mujer,48,16,91170.49198,3534888.1766999997,38.772283662519285,620.3565386003086
2013,58,Neuquén,Patagonia Norte,60 a 69,Varón,80,26.666666666666668,85071.85545,2985441.5738,35.09317573959179,935.8180197224478
2013,58,Neuquén,Patagonia Norte,70 a 79,Mujer,67,22.333333333333332,81312.23623,3089197.6009,37.991792430377735,848.483364278436
2013,58,Neuquén,Patagonia Norte,70 a 79,Varón,93,31,68546.20957,2577191.6172,37.59787205400685,1165.5340336742124
2013,58,Neuquén,Patagonia Norte,80+,Mujer,105,35,97889.69055,2704000.1218,27.622930531370443,966.8025685979655
2013,58,Neuquén,Patagonia Norte,80+,Varón,74,24.666666666666668,96298.78607,2266735.9454,23.538572373615384,580.6181185491795
2013,62,Río Negro,Patagonia Norte,30 a 39,Mujer,0,0,98257.61885,4983143.736,50.71508748453657,0
2013,62,Río Negro,Patagonia Norte,30 a 39,Varón,0,0,96997.57994,4397739.3413,45.33865013972843,0
2013,62,Río Negro,Patagonia Norte,40 a 49,Mujer,4,1.3333333333333333,97340.83661,4492775.462499999,46.15509398692027,61.54012531589369
2013,62,Río Negro,Patagonia Norte,40 a 49,Varón,6,2,95386.37498,3914498.4263,41.03833935528808,82.07667871057616
2013,62,Río Negro,Patagonia Norte,50 a 59,Mujer,8,2.6666666666666665,95441.65065,4007943.3663,41.99365097946365,111.98306927856973
2013,62,Río Negro,Patagonia Norte,50 a 59,Varón,24,8,92417.20236,3440462.4833,37.227511712571605,297.82009370057284
2013,62,Río Negro,Patagonia Norte,60 a 69,Mujer,22,7.333333333333333,91170.49198,3534888.1766999997,38.772283662519285,284.33008019180807
2013,62,Río Negro,Patagonia Norte,60 a 69,Varón,40,13.333333333333334,85071.85545,2985441.5738,35.09317573959179,467.9090098612239
2013,62,Río Negro,Patagonia Norte,70 a 79,Mujer,34,11.333333333333334,81312.23623,3089197.6009,37.991792430377735,430.573647544281
2013,62,Río Negro,Patagonia Norte,70 a 79,Varón,58,19.333333333333332,68546.20957,2577191.6172,37.59787205400685,726.8921930441323
2013,62,Río Negro,Patagonia Norte,80+,Mujer,46,15.333333333333334,97889.69055,2704000.1218,27.622930531370443,423.55160148101345
2013,62,Río Negro,Patagonia Norte,80+,Varón,48,16,96298.78607,2266735.9454,23.538572373615384,376.61715797784615
2013,66,Salta,NOA1,30 a 39,Mujer,5,1.6666666666666667,98257.61885,4983143.736,50.71508748453657,84.52514580756095
2013,66,Salta,NOA1,30 a 39,Varón,5,1.6666666666666667,96997.57994,4397739.3413,45.33865013972843,75.56441689954738
2013,66,Salta,NOA1,40 a 49,Mujer,13,4.333333333333333,97340.83661,4492775.462499999,46.15509398692027,200.0054072766545
2013,66,Salta,NOA1,40 a 49,Varón,20,6.666666666666667,95386.37498,3914498.4263,41.03833935528808,273.5889290352539
2013,66,Salta,NOA1,50 a 59,Mujer,34,11.333333333333334,95441.65065,4007943.3663,41.99365097946365,475.9280444339214
2013,66,Salta,NOA1,50 a 59,Varón,64,21.333333333333332,92417.20236,3440462.4833,37.227511712571605,794.1869165348609
2013,66,Salta,NOA1,60 a 69,Mujer,85,28.333333333333332,91170.49198,3534888.1766999997,38.772283662519285,1098.548037104713
2013,66,Salta,NOA1,60 a 69,Varón,88,29.333333333333332,85071.85545,2985441.5738,35.09317573959179,1029.3998216946925
2013,66,Salta,NOA1,70 a 79,Mujer,102,34,81312.23623,3089197.6009,37.991792430377735,1291.720942632843
2013,66,Salta,NOA1,70 a 79,Varón,118,39.333333333333336,68546.20957,2577191.6172,37.59787205400685,1478.8496341242694
2013,66,Salta,NOA1,80+,Mujer,85,28.333333333333332,97889.69055,2704000.1218,27.622930531370443,782.6496983888292
2013,66,Salta,NOA1,80+,Varón,83,27.666666666666668,96298.78607,2266735.9454,23.538572373615384,651.2338356700257
2013,70,San Juan,Cuyo,30 a 39,Mujer,2,0.6666666666666666,98257.61885,4983143.736,50.71508748453657,33.81005832302438
2013,70,San Juan,Cuyo,30 a 39,Varón,1,0.3333333333333333,96997.57994,4397739.3413,45.33865013972843,15.112883379909476
2013,70,San Juan,Cuyo,40 a 49,Mujer,6,2,97340.83661,4492775.462499999,46.15509398692027,92.31018797384054
2013,70,San Juan,Cuyo,40 a 49,Varón,13,4.333333333333333,95386.37498,3914498.4263,41.03833935528808,177.832803872915
2013,70,San Juan,Cuyo,50 a 59,Mujer,27,9,95441.65065,4007943.3663,41.99365097946365,377.9428588151729
2013,70,San Juan,Cuyo,50 a 59,Varón,52,17.333333333333332,92417.20236,3440462.4833,37.227511712571605,645.2768696845744
2013,70,San Juan,Cuyo,60 a 69,Mujer,81,27,91170.49198,3534888.1766999997,38.772283662519285,1046.8516588880207
2013,70,San Juan,Cuyo,60 a 69,Varón,112,37.333333333333336,85071.85545,2985441.5738,35.09317573959179,1310.1452276114271
2013,70,San Juan,Cuyo,70 a 79,Mujer,114,38,81312.23623,3089197.6009,37.991792430377735,1443.688112354354
2013,70,San Juan,Cuyo,70 a 79,Varón,126,42,68546.20957,2577191.6172,37.59787205400685,1579.1106262682877
2013,70,San Juan,Cuyo,80+,Mujer,106,35.333333333333336,97889.69055,2704000.1218,27.622930531370443,976.0102121084224
2013,70,San Juan,Cuyo,80+,Varón,80,26.666666666666668,96298.78607,2266735.9454,23.538572373615384,627.6952632964103
2013,74,San Luis,Cuyo,30 a 39,Mujer,3,1,98257.61885,4983143.736,50.71508748453657,50.71508748453657
2013,74,San Luis,Cuyo,30 a 39,Varón,0,0,96997.57994,4397739.3413,45.33865013972843,0
2013,74,San Luis,Cuyo,40 a 49,Mujer,4,1.3333333333333333,97340.83661,4492775.462499999,46.15509398692027,61.54012531589369
2013,74,San Luis,Cuyo,40 a 49,Varón,5,1.6666666666666667,95386.37498,3914498.4263,41.03833935528808,68.39723225881347
2013,74,San Luis,Cuyo,50 a 59,Mujer,11,3.6666666666666665,95441.65065,4007943.3663,41.99365097946365,153.9767202580334
2013,74,San Luis,Cuyo,50 a 59,Varón,22,7.333333333333333,92417.20236,3440462.4833,37.227511712571605,273.0017525588584
2013,74,San Luis,Cuyo,60 a 69,Mujer,38,12.666666666666666,91170.49198,3534888.1766999997,38.772283662519285,491.1155930585776
2013,74,San Luis,Cuyo,60 a 69,Varón,42,14,85071.85545,2985441.5738,35.09317573959179,491.3044603542851
2013,74,San Luis,Cuyo,70 a 79,Mujer,47,15.666666666666666,81312.23623,3089197.6009,37.991792430377735,595.2047480759178
2013,74,San Luis,Cuyo,70 a 79,Varón,54,18,68546.20957,2577191.6172,37.59787205400685,676.7616969721233
2013,74,San Luis,Cuyo,80+,Mujer,56,18.666666666666668,97889.69055,2704000.1218,27.622930531370443,515.6280365855816
2013,74,San Luis,Cuyo,80+,Varón,40,13.333333333333334,96298.78607,2266735.9454,23.538572373615384,313.84763164820515
2013,78,Santa Cruz,Patagonia Sur,30 a 39,Mujer,1,0.3333333333333333,98257.61885,4983143.736,50.71508748453657,16.90502916151219
2013,78,Santa Cruz,Patagonia Sur,30 a 39,Varón,2,0.6666666666666666,96997.57994,4397739.3413,45.33865013972843,30.225766759818953
2013,78,Santa Cruz,Patagonia Sur,40 a 49,Mujer,3,1,97340.83661,4492775.462499999,46.15509398692027,46.15509398692027
2013,78,Santa Cruz,Patagonia Sur,40 a 49,Varón,2,0.6666666666666666,95386.37498,3914498.4263,41.03833935528808,27.358892903525387
2013,78,Santa Cruz,Patagonia Sur,50 a 59,Mujer,3,1,95441.65065,4007943.3663,41.99365097946365,41.99365097946365
2013,78,Santa Cruz,Patagonia Sur,50 a 59,Varón,11,3.6666666666666665,92417.20236,3440462.4833,37.227511712571605,136.5008762794292
2013,78,Santa Cruz,Patagonia Sur,60 a 69,Mujer,20,6.666666666666667,91170.49198,3534888.1766999997,38.772283662519285,258.4818910834619
2013,78,Santa Cruz,Patagonia Sur,60 a 69,Varón,17,5.666666666666667,85071.85545,2985441.5738,35.09317573959179,198.86132919102016
2013,78,Santa Cruz,Patagonia Sur,70 a 79,Mujer,25,8.333333333333334,81312.23623,3089197.6009,37.991792430377735,316.5982702531478
2013,78,Santa Cruz,Patagonia Sur,70 a 79,Varón,27,9,68546.20957,2577191.6172,37.59787205400685,338.38084848606167
2013,78,Santa Cruz,Patagonia Sur,80+,Mujer,22,7.333333333333333,97889.69055,2704000.1218,27.622930531370443,202.5681572300499
2013,78,Santa Cruz,Patagonia Sur,80+,Varón,23,7.666666666666667,96298.78607,2266735.9454,23.538572373615384,180.46238819771796
2013,82,Santa Fe,Centro,30 a 39,Mujer,7,2.3333333333333335,98257.61885,4983143.736,50.71508748453657,118.33520413058534
2013,82,Santa Fe,Centro,30 a 39,Varón,7,2.3333333333333335,96997.57994,4397739.3413,45.33865013972843,105.79018365936633
2013,82,Santa Fe,Centro,40 a 49,Mujer,14,4.666666666666667,97340.83661,4492775.462499999,46.15509398692027,215.39043860562793
2013,82,Santa Fe,Centro,40 a 49,Varón,29,9.666666666666666,95386.37498,3914498.4263,41.03833935528808,396.7039471011181
2013,82,Santa Fe,Centro,50 a 59,Mujer,62,20.666666666666668,95441.65065,4007943.3663,41.99365097946365,867.8687869089156
2013,82,Santa Fe,Centro,50 a 59,Varón,117,39,92417.20236,3440462.4833,37.227511712571605,1451.8729567902926
2013,82,Santa Fe,Centro,60 a 69,Mujer,202,67.33333333333333,91170.49198,3534888.1766999997,38.772283662519285,2610.6670999429653
2013,82,Santa Fe,Centro,60 a 69,Varón,289,96.33333333333333,85071.85545,2985441.5738,35.09317573959179,3380.6425962473427
2013,82,Santa Fe,Centro,70 a 79,Mujer,296,98.66666666666667,81312.23623,3089197.6009,37.991792430377735,3748.52351979727
2013,82,Santa Fe,Centro,70 a 79,Varón,380,126.66666666666667,68546.20957,2577191.6172,37.59787205400685,4762.397126840868
2013,82,Santa Fe,Centro,80+,Mujer,430,143.33333333333334,97889.69055,2704000.1218,27.622930531370443,3959.2867094964304
2013,82,Santa Fe,Centro,80+,Varón,297,99,96298.78607,2266735.9454,23.538572373615384,2330.318664987923
2013,86,Santiago del Estero,NOA2,30 a 39,Mujer,1,0.3333333333333333,98257.61885,4983143.736,50.71508748453657,16.90502916151219
2013,86,Santiago del Estero,NOA2,30 a 39,Varón,2,0.6666666666666666,96997.57994,4397739.3413,45.33865013972843,30.225766759818953
2013,86,Santiago del Estero,NOA2,40 a 49,Mujer,6,2,97340.83661,4492775.462499999,46.15509398692027,92.31018797384054
2013,86,Santiago del Estero,NOA2,40 a 49,Varón,9,3,95386.37498,3914498.4263,41.03833935528808,123.11501806586423
2013,86,Santiago del Estero,NOA2,50 a 59,Mujer,14,4.666666666666667,95441.65065,4007943.3663,41.99365097946365,195.97037123749706
2013,86,Santiago del Estero,NOA2,50 a 59,Varón,30,10,92417.20236,3440462.4833,37.227511712571605,372.27511712571606
2013,86,Santiago del Estero,NOA2,60 a 69,Mujer,39,13,91170.49198,3534888.1766999997,38.772283662519285,504.0396876127507
2013,86,Santiago del Estero,NOA2,60 a 69,Varón,43,14.333333333333334,85071.85545,2985441.5738,35.09317573959179,503.0021856008157
2013,86,Santiago del Estero,NOA2,70 a 79,Mujer,52,17.333333333333332,81312.23623,3089197.6009,37.991792430377735,658.5244021265473
2013,86,Santiago del Estero,NOA2,70 a 79,Varón,44,14.666666666666666,68546.20957,2577191.6172,37.59787205400685,551.4354567921005
2013,86,Santiago del Estero,NOA2,80+,Mujer,37,12.333333333333334,97889.69055,2704000.1218,27.622930531370443,340.68280988690213
2013,86,Santiago del Estero,NOA2,80+,Varón,23,7.666666666666667,96298.78607,2266735.9454,23.538572373615384,180.46238819771796
2013,90,Tucumán,NOA1,30 a 39,Mujer,8,2.6666666666666665,98257.61885,4983143.736,50.71508748453657,135.2402332920975
2013,90,Tucumán,NOA1,30 a 39,Varón,6,2,96997.57994,4397739.3413,45.33865013972843,90.67730027945686
2013,90,Tucumán,NOA1,40 a 49,Mujer,13,4.333333333333333,97340.83661,4492775.462499999,46.15509398692027,200.0054072766545
2013,90,Tucumán,NOA1,40 a 49,Varón,20,6.666666666666667,95386.37498,3914498.4263,41.03833935528808,273.5889290352539
2013,90,Tucumán,NOA1,50 a 59,Mujer,59,19.666666666666668,95441.65065,4007943.3663,41.99365097946365,825.8751359294519
2013,90,Tucumán,NOA1,50 a 59,Varón,85,28.333333333333332,92417.20236,3440462.4833,37.227511712571605,1054.779498522862
2013,90,Tucumán,NOA1,60 a 69,Mujer,143,47.666666666666664,91170.49198,3534888.1766999997,38.772283662519285,1848.1455212467524
2013,90,Tucumán,NOA1,60 a 69,Varón,169,56.333333333333336,85071.85545,2985441.5738,35.09317573959179,1976.9155666636711
2013,90,Tucumán,NOA1,70 a 79,Mujer,173,57.666666666666664,81312.23623,3089197.6009,37.991792430377735,2190.8600301517827
2013,90,Tucumán,NOA1,70 a 79,Varón,182,60.666666666666664,68546.20957,2577191.6172,37.59787205400685,2280.9375712764154
2013,90,Tucumán,NOA1,80+,Mujer,223,74.33333333333333,97889.69055,2704000.1218,27.622930531370443,2053.3045028318693
2013,90,Tucumán,NOA1,80+,Varón,129,43,96298.78607,2266735.9454,23.538572373615384,1012.1586120654615
2013,94,Tierra del Fuego,Patagonia Sur,30 a 39,Mujer,0,0,98257.61885,4983143.736,50.71508748453657,0
2013,94,Tierra del Fuego,Patagonia Sur,30 a 39,Varón,0,0,96997.57994,4397739.3413,45.33865013972843,0
2013,94,Tierra del Fuego,Patagonia Sur,40 a 49,Mujer,0,0,97340.83661,4492775.462499999,46.15509398692027,0
2013,94,Tierra del Fuego,Patagonia Sur,40 a 49,Varón,0,0,95386.37498,3914498.4263,41.03833935528808,0
2013,94,Tierra del Fuego,Patagonia Sur,50 a 59,Mujer,2,0.6666666666666666,95441.65065,4007943.3663,41.99365097946365,27.995767319642432
2013,94,Tierra del Fuego,Patagonia Sur,50 a 59,Varón,2,0.6666666666666666,92417.20236,3440462.4833,37.227511712571605,24.818341141714402
2013,94,Tierra del Fuego,Patagonia Sur,60 a 69,Mujer,2,0.6666666666666666,91170.49198,3534888.1766999997,38.772283662519285,25.84818910834619
2013,94,Tierra del Fuego,Patagonia Sur,60 a 69,Varón,9,3,85071.85545,2985441.5738,35.09317573959179,105.27952721877537
2013,94,Tierra del Fuego,Patagonia Sur,70 a 79,Mujer,5,1.6666666666666667,81312.23623,3089197.6009,37.991792430377735,63.31965405062956
2013,94,Tierra del Fuego,Patagonia Sur,70 a 79,Varón,3,1,68546.20957,2577191.6172,37.59787205400685,37.59787205400685
2013,94,Tierra del Fuego,Patagonia Sur,80+,Mujer,6,2,97889.69055,2704000.1218,27.622930531370443,55.245861062740886
2013,94,Tierra del Fuego,Patagonia Sur,80+,Varón,2,0.6666666666666666,96298.78607,2266735.9454,23.538572373615384,15.692381582410256
2018,02,CABA,Centro,30 a 39,Mujer,3,1,98257.61885,4983143.736,50.71508748453657,50.71508748453657
2018,02,CABA,Centro,30 a 39,Varón,3,1,96997.57994,4397739.3413,45.33865013972843,45.33865013972843
2018,02,CABA,Centro,40 a 49,Mujer,8,2.6666666666666665,97340.83661,4492775.462499999,46.15509398692027,123.08025063178738
2018,02,CABA,Centro,40 a 49,Varón,9,3,95386.37498,3914498.4263,41.03833935528808,123.11501806586423
2018,02,CABA,Centro,50 a 59,Mujer,18,6,95441.65065,4007943.3663,41.99365097946365,251.9619058767819
2018,02,CABA,Centro,50 a 59,Varón,48,16,92417.20236,3440462.4833,37.227511712571605,595.6401874011457
2018,02,CABA,Centro,60 a 69,Mujer,39,13,91170.49198,3534888.1766999997,38.772283662519285,504.0396876127507
2018,02,CABA,Centro,60 a 69,Varón,102,34,85071.85545,2985441.5738,35.09317573959179,1193.1679751461209
2018,02,CABA,Centro,70 a 79,Mujer,81,27,81312.23623,3089197.6009,37.991792430377735,1025.7783956201988
2018,02,CABA,Centro,70 a 79,Varón,129,43,68546.20957,2577191.6172,37.59787205400685,1616.7084983222944
2018,02,CABA,Centro,80+,Mujer,236,78.66666666666667,97889.69055,2704000.1218,27.622930531370443,2173.0038684678084
2018,02,CABA,Centro,80+,Varón,159,53,96298.78607,2266735.9454,23.538572373615384,1247.5443358016153
2018,06,Buenos Aires,Centro,30 a 39,Mujer,38,12.666666666666666,98257.61885,4983143.736,50.71508748453657,642.3911081374631
2018,06,Buenos Aires,Centro,30 a 39,Varón,46,15.333333333333334,96997.57994,4397739.3413,45.33865013972843,695.1926354758359
2018,06,Buenos Aires,Centro,40 a 49,Mujer,113,37.666666666666664,97340.83661,4492775.462499999,46.15509398692027,1738.5085401739968
2018,06,Buenos Aires,Centro,40 a 49,Varón,138,46,95386.37498,3914498.4263,41.03833935528808,1887.7636103432517
2018,06,Buenos Aires,Centro,50 a 59,Mujer,294,98,95441.65065,4007943.3663,41.99365097946365,4115.377795987438
2018,06,Buenos Aires,Centro,50 a 59,Varón,482,160.66666666666666,92417.20236,3440462.4833,37.227511712571605,5981.220215153171
2018,06,Buenos Aires,Centro,60 a 69,Mujer,630,210,91170.49198,3534888.1766999997,38.772283662519285,8142.17956912905
2018,06,Buenos Aires,Centro,60 a 69,Varón,1130,376.6666666666667,85071.85545,2985441.5738,35.09317573959179,13218.429528579576
2018,06,Buenos Aires,Centro,70 a 79,Mujer,1017,339,81312.23623,3089197.6009,37.991792430377735,12879.217633898052
2018,06,Buenos Aires,Centro,70 a 79,Varón,1382,460.6666666666667,68546.20957,2577191.6172,37.59787205400685,17320.086392879155
2018,06,Buenos Aires,Centro,80+,Mujer,1477,492.3333333333333,97889.69055,2704000.1218,27.622930531370443,13599.689464944715
2018,06,Buenos Aires,Centro,80+,Varón,1068,356,96298.78607,2266735.9454,23.538572373615384,8379.731765007076
2018,10,Catamarca,NOA2,30 a 39,Mujer,2,0.6666666666666666,98257.61885,4983143.736,50.71508748453657,33.81005832302438
2018,10,Catamarca,NOA2,30 a 39,Varón,1,0.3333333333333333,96997.57994,4397739.3413,45.33865013972843,15.112883379909476
2018,10,Catamarca,NOA2,40 a 49,Mujer,5,1.6666666666666667,97340.83661,4492775.462499999,46.15509398692027,76.92515664486712
2018,10,Catamarca,NOA2,40 a 49,Varón,11,3.6666666666666665,95386.37498,3914498.4263,41.03833935528808,150.47391096938964
2018,10,Catamarca,NOA2,50 a 59,Mujer,12,4,95441.65065,4007943.3663,41.99365097946365,167.9746039178546
2018,10,Catamarca,NOA2,50 a 59,Varón,30,10,92417.20236,3440462.4833,37.227511712571605,372.27511712571606
2018,10,Catamarca,NOA2,60 a 69,Mujer,25,8.333333333333334,91170.49198,3534888.1766999997,38.772283662519285,323.1023638543274
2018,10,Catamarca,NOA2,60 a 69,Varón,59,19.666666666666668,85071.85545,2985441.5738,35.09317573959179,690.1657895453053
2018,10,Catamarca,NOA2,70 a 79,Mujer,46,15.333333333333334,81312.23623,3089197.6009,37.991792430377735,582.5408172657919
2018,10,Catamarca,NOA2,70 a 79,Varón,48,16,68546.20957,2577191.6172,37.59787205400685,601.5659528641096
2018,10,Catamarca,NOA2,80+,Mujer,35,11.666666666666666,97889.69055,2704000.1218,27.622930531370443,322.2675228659885
2018,10,Catamarca,NOA2,80+,Varón,27,9,96298.78607,2266735.9454,23.538572373615384,211.84715136253845
2018,14,Córdoba,Centro,30 a 39,Mujer,6,2,98257.61885,4983143.736,50.71508748453657,101.43017496907314
2018,14,Córdoba,Centro,30 a 39,Varón,18,6,96997.57994,4397739.3413,45.33865013972843,272.0319008383706
2018,14,Córdoba,Centro,40 a 49,Mujer,42,14,97340.83661,4492775.462499999,46.15509398692027,646.1713158168837
2018,14,Córdoba,Centro,40 a 49,Varón,53,17.666666666666668,95386.37498,3914498.4263,41.03833935528808,725.0106619434227
2018,14,Córdoba,Centro,50 a 59,Mujer,85,28.333333333333332,95441.65065,4007943.3663,41.99365097946365,1189.8201110848033
2018,14,Córdoba,Centro,50 a 59,Varón,156,52,92417.20236,3440462.4833,37.227511712571605,1935.8306090537235
2018,14,Córdoba,Centro,60 a 69,Mujer,202,67.33333333333333,91170.49198,3534888.1766999997,38.772283662519285,2610.6670999429653
2018,14,Córdoba,Centro,60 a 69,Varón,371,123.66666666666667,85071.85545,2985441.5738,35.09317573959179,4339.856066462852
2018,14,Córdoba,Centro,70 a 79,Mujer,337,112.33333333333333,81312.23623,3089197.6009,37.991792430377735,4267.744683012432
2018,14,Córdoba,Centro,70 a 79,Varón,523,174.33333333333334,68546.20957,2577191.6172,37.59787205400685,6554.562361415195
2018,14,Córdoba,Centro,80+,Mujer,564,188,97889.69055,2704000.1218,27.622930531370443,5193.110939897643
2018,14,Córdoba,Centro,80+,Varón,361,120.33333333333333,96298.78607,2266735.9454,23.538572373615384,2832.474875625051
2018,18,Corrientes,NEA,30 a 39,Mujer,3,1,98257.61885,4983143.736,50.71508748453657,50.71508748453657
2018,18,Corrientes,NEA,30 a 39,Varón,3,1,96997.57994,4397739.3413,45.33865013972843,45.33865013972843
2018,18,Corrientes,NEA,40 a 49,Mujer,17,5.666666666666667,97340.83661,4492775.462499999,46.15509398692027,261.5455325925482
2018,18,Corrientes,NEA,40 a 49,Varón,14,4.666666666666667,95386.37498,3914498.4263,41.03833935528808,191.51225032467772
2018,18,Corrientes,NEA,50 a 59,Mujer,44,14.666666666666666,95441.65065,4007943.3663,41.99365097946365,615.9068810321336
2018,18,Corrientes,NEA,50 a 59,Varón,58,19.333333333333332,92417.20236,3440462.4833,37.227511712571605,719.7318931097177
2018,18,Corrientes,NEA,60 a 69,Mujer,99,33,91170.49198,3534888.1766999997,38.772283662519285,1279.4853608631365
2018,18,Corrientes,NEA,60 a 69,Varón,150,50,85071.85545,2985441.5738,35.09317573959179,1754.6587869795896
2018,18,Corrientes,NEA,70 a 79,Mujer,140,46.666666666666664,81312.23623,3089197.6009,37.991792430377735,1772.9503134176275
2018,18,Corrientes,NEA,70 a 79,Varón,143,47.666666666666664,68546.20957,2577191.6172,37.59787205400685,1792.1652345743264
2018,18,Corrientes,NEA,80+,Mujer,151,50.333333333333336,97889.69055,2704000.1218,27.622930531370443,1390.354170078979
2018,18,Corrientes,NEA,80+,Varón,65,21.666666666666668,96298.78607,2266735.9454,23.538572373615384,510.00240142833337
2018,22,Chaco,NEA,30 a 39,Mujer,14,4.666666666666667,98257.61885,4983143.736,50.71508748453657,236.67040826117068
2018,22,Chaco,NEA,30 a 39,Varón,12,4,96997.57994,4397739.3413,45.33865013972843,181.35460055891372
2018,22,Chaco,NEA,40 a 49,Mujer,17,5.666666666666667,97340.83661,4492775.462499999,46.15509398692027,261.5455325925482
2018,22,Chaco,NEA,40 a 49,Varón,25,8.333333333333334,95386.37498,3914498.4263,41.03833935528808,341.98616129406736
2018,22,Chaco,NEA,50 a 59,Mujer,68,22.666666666666668,95441.65065,4007943.3663,41.99365097946365,951.8560888678428
2018,22,Chaco,NEA,50 a 59,Varón,83,27.666666666666668,92417.20236,3440462.4833,37.227511712571605,1029.9611573811478
2018,22,Chaco,NEA,60 a 69,Mujer,95,31.666666666666668,91170.49198,3534888.1766999997,38.772283662519285,1227.788982646444
2018,22,Chaco,NEA,60 a 69,Varón,154,51.333333333333336,85071.85545,2985441.5738,35.09317573959179,1801.4496879657122
2018,22,Chaco,NEA,70 a 79,Mujer,103,34.333333333333336,81312.23623,3089197.6009,37.991792430377735,1304.384873442969
2018,22,Chaco,NEA,70 a 79,Varón,124,41.333333333333336,68546.20957,2577191.6172,37.59787205400685,1554.0453782322832
2018,22,Chaco,NEA,80+,Mujer,98,32.666666666666664,97889.69055,2704000.1218,27.622930531370443,902.3490640247677
2018,22,Chaco,NEA,80+,Varón,63,21,96298.78607,2266735.9454,23.538572373615384,494.3100198459231
2018,26,Chubut,Patagonia Sur,30 a 39,Mujer,0,0,98257.61885,4983143.736,50.71508748453657,0
2018,26,Chubut,Patagonia Sur,30 a 39,Varón,2,0.6666666666666666,96997.57994,4397739.3413,45.33865013972843,30.225766759818953
2018,26,Chubut,Patagonia Sur,40 a 49,Mujer,6,2,97340.83661,4492775.462499999,46.15509398692027,92.31018797384054
2018,26,Chubut,Patagonia Sur,40 a 49,Varón,7,2.3333333333333335,95386.37498,3914498.4263,41.03833935528808,95.75612516233886
2018,26,Chubut,Patagonia Sur,50 a 59,Mujer,5,1.6666666666666667,95441.65065,4007943.3663,41.99365097946365,69.98941829910609
2018,26,Chubut,Patagonia Sur,50 a 59,Varón,25,8.333333333333334,92417.20236,3440462.4833,37.227511712571605,310.22926427143005
2018,26,Chubut,Patagonia Sur,60 a 69,Mujer,20,6.666666666666667,91170.49198,3534888.1766999997,38.772283662519285,258.4818910834619
2018,26,Chubut,Patagonia Sur,60 a 69,Varón,41,13.666666666666666,85071.85545,2985441.5738,35.09317573959179,479.6067351077545
2018,26,Chubut,Patagonia Sur,70 a 79,Mujer,41,13.666666666666666,81312.23623,3089197.6009,37.991792430377735,519.2211632151624
2018,26,Chubut,Patagonia Sur,70 a 79,Varón,41,13.666666666666666,68546.20957,2577191.6172,37.59787205400685,513.8375847380936
2018,26,Chubut,Patagonia Sur,80+,Mujer,52,17.333333333333332,97889.69055,2704000.1218,27.622930531370443,478.7974625437543
2018,26,Chubut,Patagonia Sur,80+,Varón,42,14,96298.78607,2266735.9454,23.538572373615384,329.5400132306154
2018,30,Entre Ríos,Centro,30 a 39,Mujer,2,0.6666666666666666,98257.61885,4983143.736,50.71508748453657,33.81005832302438
2018,30,Entre Ríos,Centro,30 a 39,Varón,1,0.3333333333333333,96997.57994,4397739.3413,45.33865013972843,15.112883379909476
2018,30,Entre Ríos,Centro,40 a 49,Mujer,16,5.333333333333333,97340.83661,4492775.462499999,46.15509398692027,246.16050126357476
2018,30,Entre Ríos,Centro,40 a 49,Varón,14,4.666666666666667,95386.37498,3914498.4263,41.03833935528808,191.51225032467772
2018,30,Entre Ríos,Centro,50 a 59,Mujer,33,11,95441.65065,4007943.3663,41.99365097946365,461.93016077410016
2018,30,Entre Ríos,Centro,50 a 59,Varón,35,11.666666666666666,92417.20236,3440462.4833,37.227511712571605,434.320969980002
2018,30,Entre Ríos,Centro,60 a 69,Mujer,89,29.666666666666668,91170.49198,3534888.1766999997,38.772283662519285,1150.2444153214055
2018,30,Entre Ríos,Centro,60 a 69,Varón,159,53,85071.85545,2985441.5738,35.09317573959179,1859.938314198365
2018,30,Entre Ríos,Centro,70 a 79,Mujer,121,40.333333333333336,81312.23623,3089197.6009,37.991792430377735,1532.3356280252353
2018,30,Entre Ríos,Centro,70 a 79,Varón,161,53.666666666666664,68546.20957,2577191.6172,37.59787205400685,2017.7524668983674
2018,30,Entre Ríos,Centro,80+,Mujer,158,52.666666666666664,97889.69055,2704000.1218,27.622930531370443,1454.8076746521765
2018,30,Entre Ríos,Centro,80+,Varón,91,30.333333333333332,96298.78607,2266735.9454,23.538572373615384,714.0033619996666
2018,34,Formosa,NEA,30 a 39,Mujer,4,1.3333333333333333,98257.61885,4983143.736,50.71508748453657,67.62011664604876
2018,34,Formosa,NEA,30 a 39,Varón,10,3.3333333333333335,96997.57994,4397739.3413,45.33865013972843,151.12883379909476
2018,34,Formosa,NEA,40 a 49,Mujer,19,6.333333333333333,97340.83661,4492775.462499999,46.15509398692027,292.31559525049505
2018,34,Formosa,NEA,40 a 49,Varón,30,10,95386.37498,3914498.4263,41.03833935528808,410.3833935528808
2018,34,Formosa,NEA,50 a 59,Mujer,41,13.666666666666666,95441.65065,4007943.3663,41.99365097946365,573.9132300526699
2018,34,Formosa,NEA,50 a 59,Varón,68,22.666666666666668,92417.20236,3440462.4833,37.227511712571605,843.8235988182897
2018,34,Formosa,NEA,60 a 69,Mujer,107,35.666666666666664,91170.49198,3534888.1766999997,38.772283662519285,1382.8781172965212
2018,34,Formosa,NEA,60 a 69,Varón,129,43,85071.85545,2985441.5738,35.09317573959179,1509.006556802447
2018,34,Formosa,NEA,70 a 79,Mujer,107,35.666666666666664,81312.23623,3089197.6009,37.991792430377735,1355.0405966834726
2018,34,Formosa,NEA,70 a 79,Varón,114,38,68546.20957,2577191.6172,37.59787205400685,1428.7191380522602
2018,34,Formosa,NEA,80+,Mujer,90,30,97889.69055,2704000.1218,27.622930531370443,828.6879159411133
2018,34,Formosa,NEA,80+,Varón,58,19.333333333333332,96298.78607,2266735.9454,23.538572373615384,455.0790658898974
2018,38,Jujuy,NOA1,30 a 39,Mujer,1,0.3333333333333333,98257.61885,4983143.736,50.71508748453657,16.90502916151219
2018,38,Jujuy,NOA1,30 a 39,Varón,2,0.6666666666666666,96997.57994,4397739.3413,45.33865013972843,30.225766759818953
2018,38,Jujuy,NOA1,40 a 49,Mujer,2,0.6666666666666666,97340.83661,4492775.462499999,46.15509398692027,30.770062657946845
2018,38,Jujuy,NOA1,40 a 49,Varón,7,2.3333333333333335,95386.37498,3914498.4263,41.03833935528808,95.75612516233886
2018,38,Jujuy,NOA1,50 a 59,Mujer,12,4,95441.65065,4007943.3663,41.99365097946365,167.9746039178546
2018,38,Jujuy,NOA1,50 a 59,Varón,29,9.666666666666666,92417.20236,3440462.4833,37.227511712571605,359.86594655485885
2018,38,Jujuy,NOA1,60 a 69,Mujer,32,10.666666666666666,91170.49198,3534888.1766999997,38.772283662519285,413.57102573353905
2018,38,Jujuy,NOA1,60 a 69,Varón,42,14,85071.85545,2985441.5738,35.09317573959179,491.3044603542851
2018,38,Jujuy,NOA1,70 a 79,Mujer,44,14.666666666666666,81312.23623,3089197.6009,37.991792430377735,557.2129556455401
2018,38,Jujuy,NOA1,70 a 79,Varón,39,13,68546.20957,2577191.6172,37.59787205400685,488.77233670208904
2018,38,Jujuy,NOA1,80+,Mujer,39,13,97889.69055,2704000.1218,27.622930531370443,359.0980969078158
2018,38,Jujuy,NOA1,80+,Varón,19,6.333333333333333,96298.78607,2266735.9454,23.538572373615384,149.07762503289743
2018,42,La Pampa,Patagonia Norte,30 a 39,Mujer,0,0,98257.61885,4983143.736,50.71508748453657,0
2018,42,La Pampa,Patagonia Norte,30 a 39,Varón,2,0.6666666666666666,96997.57994,4397739.3413,45.33865013972843,30.225766759818953
2018,42,La Pampa,Patagonia Norte,40 a 49,Mujer,3,1,97340.83661,4492775.462499999,46.15509398692027,46.15509398692027
2018,42,La Pampa,Patagonia Norte,40 a 49,Varón,2,0.6666666666666666,95386.37498,3914498.4263,41.03833935528808,27.358892903525387
2018,42,La Pampa,Patagonia Norte,50 a 59,Mujer,3,1,95441.65065,4007943.3663,41.99365097946365,41.99365097946365
2018,42,La Pampa,Patagonia Norte,50 a 59,Varón,8,2.6666666666666665,92417.20236,3440462.4833,37.227511712571605,99.27336456685761
2018,42,La Pampa,Patagonia Norte,60 a 69,Mujer,12,4,91170.49198,3534888.1766999997,38.772283662519285,155.08913465007714
2018,42,La Pampa,Patagonia Norte,60 a 69,Varón,18,6,85071.85545,2985441.5738,35.09317573959179,210.55905443755074
2018,42,La Pampa,Patagonia Norte,70 a 79,Mujer,27,9,81312.23623,3089197.6009,37.991792430377735,341.92613187339964
2018,42,La Pampa,Patagonia Norte,70 a 79,Varón,33,11,68546.20957,2577191.6172,37.59787205400685,413.57659259407535
2018,42,La Pampa,Patagonia Norte,80+,Mujer,38,12.666666666666666,97889.69055,2704000.1218,27.622930531370443,349.89045339735895
2018,42,La Pampa,Patagonia Norte,80+,Varón,30,10,96298.78607,2266735.9454,23.538572373615384,235.38572373615384
2018,46,La Rioja,Cuyo,30 a 39,Mujer,1,0.3333333333333333,98257.61885,4983143.736,50.71508748453657,16.90502916151219
2018,46,La Rioja,Cuyo,30 a 39,Varón,2,0.6666666666666666,96997.57994,4397739.3413,45.33865013972843,30.225766759818953
2018,46,La Rioja,Cuyo,40 a 49,Mujer,4,1.3333333333333333,97340.83661,4492775.462499999,46.15509398692027,61.54012531589369
2018,46,La Rioja,Cuyo,40 a 49,Varón,11,3.6666666666666665,95386.37498,3914498.4263,41.03833935528808,150.47391096938964
2018,46,La Rioja,Cuyo,50 a 59,Mujer,16,5.333333333333333,95441.65065,4007943.3663,41.99365097946365,223.96613855713946
2018,46,La Rioja,Cuyo,50 a 59,Varón,34,11.333333333333334,92417.20236,3440462.4833,37.227511712571605,421.91179940914486
2018,46,La Rioja,Cuyo,60 a 69,Mujer,23,7.666666666666667,91170.49198,3534888.1766999997,38.772283662519285,297.2541747459812
2018,46,La Rioja,Cuyo,60 a 69,Varón,46,15.333333333333334,85071.85545,2985441.5738,35.09317573959179,538.0953613404075
2018,46,La Rioja,Cuyo,70 a 79,Mujer,35,11.666666666666666,81312.23623,3089197.6009,37.991792430377735,443.2375783544069
2018,46,La Rioja,Cuyo,70 a 79,Varón,43,14.333333333333334,68546.20957,2577191.6172,37.59787205400685,538.9028327740982
2018,46,La Rioja,Cuyo,80+,Mujer,35,11.666666666666666,97889.69055,2704000.1218,27.622930531370443,322.2675228659885
2018,46,La Rioja,Cuyo,80+,Varón,23,7.666666666666667,96298.78607,2266735.9454,23.538572373615384,180.46238819771796
2018,50,Mendoza,Cuyo,30 a 39,Mujer,4,1.3333333333333333,98257.61885,4983143.736,50.71508748453657,67.62011664604876
2018,50,Mendoza,Cuyo,30 a 39,Varón,7,2.3333333333333335,96997.57994,4397739.3413,45.33865013972843,105.79018365936633
2018,50,Mendoza,Cuyo,40 a 49,Mujer,12,4,97340.83661,4492775.462499999,46.15509398692027,184.62037594768108
2018,50,Mendoza,Cuyo,40 a 49,Varón,30,10,95386.37498,3914498.4263,41.03833935528808,410.3833935528808
2018,50,Mendoza,Cuyo,50 a 59,Mujer,50,16.666666666666668,95441.65065,4007943.3663,41.99365097946365,699.8941829910609
2018,50,Mendoza,Cuyo,50 a 59,Varón,59,19.666666666666668,92417.20236,3440462.4833,37.227511712571605,732.1410636805749
2018,50,Mendoza,Cuyo,60 a 69,Mujer,152,50.666666666666664,91170.49198,3534888.1766999997,38.772283662519285,1964.4623722343104
2018,50,Mendoza,Cuyo,60 a 69,Varón,195,65,85071.85545,2985441.5738,35.09317573959179,2281.0564230734667
2018,50,Mendoza,Cuyo,70 a 79,Mujer,223,74.33333333333333,81312.23623,3089197.6009,37.991792430377735,2824.0565706580783
2018,50,Mendoza,Cuyo,70 a 79,Varón,264,88,68546.20957,2577191.6172,37.59787205400685,3308.612740752603
2018,50,Mendoza,Cuyo,80+,Mujer,338,112.66666666666667,97889.69055,2704000.1218,27.622930531370443,3112.1835065344035
2018,50,Mendoza,Cuyo,80+,Varón,238,79.33333333333333,96298.78607,2266735.9454,23.538572373615384,1867.3934083068204
2018,54,Misiones,NEA,30 a 39,Mujer,7,2.3333333333333335,98257.61885,4983143.736,50.71508748453657,118.33520413058534
2018,54,Misiones,NEA,30 a 39,Varón,4,1.3333333333333333,96997.57994,4397739.3413,45.33865013972843,60.451533519637906
2018,54,Misiones,NEA,40 a 49,Mujer,13,4.333333333333333,97340.83661,4492775.462499999,46.15509398692027,200.0054072766545
2018,54,Misiones,NEA,40 a 49,Varón,26,8.666666666666666,95386.37498,3914498.4263,41.03833935528808,355.66560774583
2018,54,Misiones,NEA,50 a 59,Mujer,56,18.666666666666668,95441.65065,4007943.3663,41.99365097946365,783.8814849499882
2018,54,Misiones,NEA,50 a 59,Varón,88,29.333333333333332,92417.20236,3440462.4833,37.227511712571605,1092.0070102354337
2018,54,Misiones,NEA,60 a 69,Mujer,130,43.333333333333336,91170.49198,3534888.1766999997,38.772283662519285,1680.1322920425025
2018,54,Misiones,NEA,60 a 69,Varón,175,58.333333333333336,85071.85545,2985441.5738,35.09317573959179,2047.1019181428546
2018,54,Misiones,NEA,70 a 79,Mujer,150,50,81312.23623,3089197.6009,37.991792430377735,1899.5896215188868
2018,54,Misiones,NEA,70 a 79,Varón,143,47.666666666666664,68546.20957,2577191.6172,37.59787205400685,1792.1652345743264
2018,54,Misiones,NEA,80+,Mujer,141,47,97889.69055,2704000.1218,27.622930531370443,1298.2777349744108
2018,54,Misiones,NEA,80+,Varón,97,32.333333333333336,96298.78607,2266735.9454,23.538572373615384,761.0805067468975
2018,58,Neuquén,Patagonia Norte,30 a 39,Mujer,1,0.3333333333333333,98257.61885,4983143.736,50.71508748453657,16.90502916151219
2018,58,Neuquén,Patagonia Norte,30 a 39,Varón,2,0.6666666666666666,96997.57994,4397739.3413,45.33865013972843,30.225766759818953
2018,58,Neuquén,Patagonia Norte,40 a 49,Mujer,7,2.3333333333333335,97340.83661,4492775.462499999,46.15509398692027,107.69521930281397
2018,58,Neuquén,Patagonia Norte,40 a 49,Varón,7,2.3333333333333335,95386.37498,3914498.4263,41.03833935528808,95.75612516233886
2018,58,Neuquén,Patagonia Norte,50 a 59,Mujer,26,8.666666666666666,95441.65065,4007943.3663,41.99365097946365,363.94497515535164
2018,58,Neuquén,Patagonia Norte,50 a 59,Varón,32,10.666666666666666,92417.20236,3440462.4833,37.227511712571605,397.09345826743044
2018,58,Neuquén,Patagonia Norte,60 a 69,Mujer,61,20.333333333333332,91170.49198,3534888.1766999997,38.772283662519285,788.3697678045587
2018,58,Neuquén,Patagonia Norte,60 a 69,Varón,91,30.333333333333332,85071.85545,2985441.5738,35.09317573959179,1064.4929974342842
2018,58,Neuquén,Patagonia Norte,70 a 79,Mujer,95,31.666666666666668,81312.23623,3089197.6009,37.991792430377735,1203.0734269619616
2018,58,Neuquén,Patagonia Norte,70 a 79,Varón,133,44.333333333333336,68546.20957,2577191.6172,37.59787205400685,1666.8389943943037
2018,58,Neuquén,Patagonia Norte,80+,Mujer,132,44,97889.69055,2704000.1218,27.622930531370443,1215.4089433802994
2018,58,Neuquén,Patagonia Norte,80+,Varón,106,35.333333333333336,96298.78607,2266735.9454,23.538572373615384,831.6962238677436
2018,62,Río Negro,Patagonia Norte,30 a 39,Mujer,0,0,98257.61885,4983143.736,50.71508748453657,0
2018,62,Río Negro,Patagonia Norte,30 a 39,Varón,2,0.6666666666666666,96997.57994,4397739.3413,45.33865013972843,30.225766759818953
2018,62,Río Negro,Patagonia Norte,40 a 49,Mujer,5,1.6666666666666667,97340.83661,4492775.462499999,46.15509398692027,76.92515664486712
2018,62,Río Negro,Patagonia Norte,40 a 49,Varón,4,1.3333333333333333,95386.37498,3914498.4263,41.03833935528808,54.717785807050774
2018,62,Río Negro,Patagonia Norte,50 a 59,Mujer,7,2.3333333333333335,95441.65065,4007943.3663,41.99365097946365,97.98518561874853
2018,62,Río Negro,Patagonia Norte,50 a 59,Varón,32,10.666666666666666,92417.20236,3440462.4833,37.227511712571605,397.09345826743044
2018,62,Río Negro,Patagonia Norte,60 a 69,Mujer,30,10,91170.49198,3534888.1766999997,38.772283662519285,387.7228366251928
2018,62,Río Negro,Patagonia Norte,60 a 69,Varón,46,15.333333333333334,85071.85545,2985441.5738,35.09317573959179,538.0953613404075
2018,62,Río Negro,Patagonia Norte,70 a 79,Mujer,45,15,81312.23623,3089197.6009,37.991792430377735,569.8768864556661
2018,62,Río Negro,Patagonia Norte,70 a 79,Varón,80,26.666666666666668,68546.20957,2577191.6172,37.59787205400685,1002.6099214401827
2018,62,Río Negro,Patagonia Norte,80+,Mujer,71,23.666666666666668,97889.69055,2704000.1218,27.622930531370443,653.7426892424338
2018,62,Río Negro,Patagonia Norte,80+,Varón,45,15,96298.78607,2266735.9454,23.538572373615384,353.07858560423074
2018,66,Salta,NOA1,30 a 39,Mujer,3,1,98257.61885,4983143.736,50.71508748453657,50.71508748453657
2018,66,Salta,NOA1,30 a 39,Varón,6,2,96997.57994,4397739.3413,45.33865013972843,90.67730027945686
2018,66,Salta,NOA1,40 a 49,Mujer,15,5,97340.83661,4492775.462499999,46.15509398692027,230.77546993460135
2018,66,Salta,NOA1,40 a 49,Varón,19,6.333333333333333,95386.37498,3914498.4263,41.03833935528808,259.9094825834912
2018,66,Salta,NOA1,50 a 59,Mujer,62,20.666666666666668,95441.65065,4007943.3663,41.99365097946365,867.8687869089156
2018,66,Salta,NOA1,50 a 59,Varón,71,23.666666666666668,92417.20236,3440462.4833,37.227511712571605,881.0511105308614
2018,66,Salta,NOA1,60 a 69,Mujer,112,37.333333333333336,91170.49198,3534888.1766999997,38.772283662519285,1447.4985900673867
2018,66,Salta,NOA1,60 a 69,Varón,152,50.666666666666664,85071.85545,2985441.5738,35.09317573959179,1778.0542374726508
2018,66,Salta,NOA1,70 a 79,Mujer,107,35.666666666666664,81312.23623,3089197.6009,37.991792430377735,1355.0405966834726
2018,66,Salta,NOA1,70 a 79,Varón,142,47.333333333333336,68546.20957,2577191.6172,37.59787205400685,1779.6326105563244
2018,66,Salta,NOA1,80+,Mujer,117,39,97889.69055,2704000.1218,27.622930531370443,1077.2942907234474
2018,66,Salta,NOA1,80+,Varón,82,27.333333333333332,96298.78607,2266735.9454,23.538572373615384,643.3876448788204
2018,70,San Juan,Cuyo,30 a 39,Mujer,1,0.3333333333333333,98257.61885,4983143.736,50.71508748453657,16.90502916151219
2018,70,San Juan,Cuyo,30 a 39,Varón,4,1.3333333333333333,96997.57994,4397739.3413,45.33865013972843,60.451533519637906
2018,70,San Juan,Cuyo,40 a 49,Mujer,7,2.3333333333333335,97340.83661,4492775.462499999,46.15509398692027,107.69521930281397
2018,70,San Juan,Cuyo,40 a 49,Varón,5,1.6666666666666667,95386.37498,3914498.4263,41.03833935528808,68.39723225881347
2018,70,San Juan,Cuyo,50 a 59,Mujer,29,9.666666666666666,95441.65065,4007943.3663,41.99365097946365,405.93862613481525
2018,70,San Juan,Cuyo,50 a 59,Varón,35,11.666666666666666,92417.20236,3440462.4833,37.227511712571605,434.320969980002
2018,70,San Juan,Cuyo,60 a 69,Mujer,66,22,91170.49198,3534888.1766999997,38.772283662519285,852.9902405754243
2018,70,San Juan,Cuyo,60 a 69,Varón,94,31.333333333333332,85071.85545,2985441.5738,35.09317573959179,1099.5861731738762
2018,70,San Juan,Cuyo,70 a 79,Mujer,146,48.666666666666664,81312.23623,3089197.6009,37.991792430377735,1848.9338982783831
2018,70,San Juan,Cuyo,70 a 79,Varón,136,45.333333333333336,68546.20957,2577191.6172,37.59787205400685,1704.4368664483106
2018,70,San Juan,Cuyo,80+,Mujer,155,51.666666666666664,97889.69055,2704000.1218,27.622930531370443,1427.184744120806
2018,70,San Juan,Cuyo,80+,Varón,95,31.666666666666668,96298.78607,2266735.9454,23.538572373615384,745.3881251644872
2018,74,San Luis,Cuyo,30 a 39,Mujer,0,0,98257.61885,4983143.736,50.71508748453657,0
2018,74,San Luis,Cuyo,30 a 39,Varón,0,0,96997.57994,4397739.3413,45.33865013972843,0
2018,74,San Luis,Cuyo,40 a 49,Mujer,3,1,97340.83661,4492775.462499999,46.15509398692027,46.15509398692027
2018,74,San Luis,Cuyo,40 a 49,Varón,4,1.3333333333333333,95386.37498,3914498.4263,41.03833935528808,54.717785807050774
2018,74,San Luis,Cuyo,50 a 59,Mujer,10,3.3333333333333335,95441.65065,4007943.3663,41.99365097946365,139.97883659821218
2018,74,San Luis,Cuyo,50 a 59,Varón,11,3.6666666666666665,92417.20236,3440462.4833,37.227511712571605,136.5008762794292
2018,74,San Luis,Cuyo,60 a 69,Mujer,25,8.333333333333334,91170.49198,3534888.1766999997,38.772283662519285,323.1023638543274
2018,74,San Luis,Cuyo,60 a 69,Varón,37,12.333333333333334,85071.85545,2985441.5738,35.09317573959179,432.8158341216321
2018,74,San Luis,Cuyo,70 a 79,Mujer,35,11.666666666666666,81312.23623,3089197.6009,37.991792430377735,443.2375783544069
2018,74,San Luis,Cuyo,70 a 79,Varón,68,22.666666666666668,68546.20957,2577191.6172,37.59787205400685,852.2184332241553
2018,74,San Luis,Cuyo,80+,Mujer,59,19.666666666666668,97889.69055,2704000.1218,27.622930531370443,543.2509671169521
2018,74,San Luis,Cuyo,80+,Varón,51,17,96298.78607,2266735.9454,23.538572373615384,400.15573035146156
2018,78,Santa Cruz,Patagonia Sur,30 a 39,Mujer,0,0,98257.61885,4983143.736,50.71508748453657,0
2018,78,Santa Cruz,Patagonia Sur,30 a 39,Varón,0,0,96997.57994,4397739.3413,45.33865013972843,0
2018,78,Santa Cruz,Patagonia Sur,40 a 49,Mujer,9,3,97340.83661,4492775.462499999,46.15509398692027,138.46528196076082
2018,78,Santa Cruz,Patagonia Sur,40 a 49,Varón,7,2.3333333333333335,95386.37498,3914498.4263,41.03833935528808,95.75612516233886
2018,78,Santa Cruz,Patagonia Sur,50 a 59,Mujer,11,3.6666666666666665,95441.65065,4007943.3663,41.99365097946365,153.9767202580334
2018,78,Santa Cruz,Patagonia Sur,50 a 59,Varón,23,7.666666666666667,92417.20236,3440462.4833,37.227511712571605,285.4109231297156
2018,78,Santa Cruz,Patagonia Sur,60 a 69,Mujer,21,7,91170.49198,3534888.1766999997,38.772283662519285,271.405985637635
2018,78,Santa Cruz,Patagonia Sur,60 a 69,Varón,34,11.333333333333334,85071.85545,2985441.5738,35.09317573959179,397.7226583820403
2018,78,Santa Cruz,Patagonia Sur,70 a 79,Mujer,37,12.333333333333334,81312.23623,3089197.6009,37.991792430377735,468.5654399746588
2018,78,Santa Cruz,Patagonia Sur,70 a 79,Varón,41,13.666666666666666,68546.20957,2577191.6172,37.59787205400685,513.8375847380936
2018,78,Santa Cruz,Patagonia Sur,80+,Mujer,45,15,97889.69055,2704000.1218,27.622930531370443,414.34395797055663
2018,78,Santa Cruz,Patagonia Sur,80+,Varón,31,10.333333333333334,96298.78607,2266735.9454,23.538572373615384,243.23191452735898
2018,82,Santa Fe,Centro,30 a 39,Mujer,3,1,98257.61885,4983143.736,50.71508748453657,50.71508748453657
2018,82,Santa Fe,Centro,30 a 39,Varón,6,2,96997.57994,4397739.3413,45.33865013972843,90.67730027945686
2018,82,Santa Fe,Centro,40 a 49,Mujer,20,6.666666666666667,97340.83661,4492775.462499999,46.15509398692027,307.70062657946846
2018,82,Santa Fe,Centro,40 a 49,Varón,25,8.333333333333334,95386.37498,3914498.4263,41.03833935528808,341.98616129406736
2018,82,Santa Fe,Centro,50 a 59,Mujer,59,19.666666666666668,95441.65065,4007943.3663,41.99365097946365,825.8751359294519
2018,82,Santa Fe,Centro,50 a 59,Varón,113,37.666666666666664,92417.20236,3440462.4833,37.227511712571605,1402.2362745068638
2018,82,Santa Fe,Centro,60 a 69,Mujer,150,50,91170.49198,3534888.1766999997,38.772283662519285,1938.6141831259642
2018,82,Santa Fe,Centro,60 a 69,Varón,244,81.33333333333333,85071.85545,2985441.5738,35.09317573959179,2854.244960153466
2018,82,Santa Fe,Centro,70 a 79,Mujer,243,81,81312.23623,3089197.6009,37.991792430377735,3077.3351868605964
2018,82,Santa Fe,Centro,70 a 79,Varón,306,102,68546.20957,2577191.6172,37.59787205400685,3834.9829495086988
2018,82,Santa Fe,Centro,80+,Mujer,350,116.66666666666667,97889.69055,2704000.1218,27.622930531370443,3222.6752286598853
2018,82,Santa Fe,Centro,80+,Varón,261,87,96298.78607,2266735.9454,23.538572373615384,2047.8557965045384
2018,86,Santiago del Estero,NOA2,30 a 39,Mujer,6,2,98257.61885,4983143.736,50.71508748453657,101.43017496907314
2018,86,Santiago del Estero,NOA2,30 a 39,Varón,3,1,96997.57994,4397739.3413,45.33865013972843,45.33865013972843
2018,86,Santiago del Estero,NOA2,40 a 49,Mujer,7,2.3333333333333335,97340.83661,4492775.462499999,46.15509398692027,107.69521930281397
2018,86,Santiago del Estero,NOA2,40 a 49,Varón,13,4.333333333333333,95386.37498,3914498.4263,41.03833935528808,177.832803872915
2018,86,Santiago del Estero,NOA2,50 a 59,Mujer,27,9,95441.65065,4007943.3663,41.99365097946365,377.9428588151729
2018,86,Santiago del Estero,NOA2,50 a 59,Varón,39,13,92417.20236,3440462.4833,37.227511712571605,483.9576522634309
2018,86,Santiago del Estero,NOA2,60 a 69,Mujer,49,16.333333333333332,91170.49198,3534888.1766999997,38.772283662519285,633.2806331544816
2018,86,Santiago del Estero,NOA2,60 a 69,Varón,67,22.333333333333332,85071.85545,2985441.5738,35.09317573959179,783.74759151755
2018,86,Santiago del Estero,NOA2,70 a 79,Mujer,72,24,81312.23623,3089197.6009,37.991792430377735,911.8030183290657
2018,86,Santiago del Estero,NOA2,70 a 79,Varón,65,21.666666666666668,68546.20957,2577191.6172,37.59787205400685,814.6205611701484
2018,86,Santiago del Estero,NOA2,80+,Mujer,41,13.666666666666666,97889.69055,2704000.1218,27.622930531370443,377.51338392872935
2018,86,Santiago del Estero,NOA2,80+,Varón,37,12.333333333333334,96298.78607,2266735.9454,23.538572373615384,290.30905927458974
2018,90,Tucumán,NOA1,30 a 39,Mujer,3,1,98257.61885,4983143.736,50.71508748453657,50.71508748453657
2018,90,Tucumán,NOA1,30 a 39,Varón,11,3.6666666666666665,96997.57994,4397739.3413,45.33865013972843,166.24171717900424
2018,90,Tucumán,NOA1,40 a 49,Mujer,18,6,97340.83661,4492775.462499999,46.15509398692027,276.93056392152164
2018,90,Tucumán,NOA1,40 a 49,Varón,22,7.333333333333333,95386.37498,3914498.4263,41.03833935528808,300.94782193877927
2018,90,Tucumán,NOA1,50 a 59,Mujer,43,14.333333333333334,95441.65065,4007943.3663,41.99365097946365,601.9089973723123
2018,90,Tucumán,NOA1,50 a 59,Varón,58,19.333333333333332,92417.20236,3440462.4833,37.227511712571605,719.7318931097177
2018,90,Tucumán,NOA1,60 a 69,Mujer,128,42.666666666666664,91170.49198,3534888.1766999997,38.772283662519285,1654.2841029341562
2018,90,Tucumán,NOA1,60 a 69,Varón,144,48,85071.85545,2985441.5738,35.09317573959179,1684.472435500406
2018,90,Tucumán,NOA1,70 a 79,Mujer,125,41.666666666666664,81312.23623,3089197.6009,37.991792430377735,1582.9913512657388
2018,90,Tucumán,NOA1,70 a 79,Varón,164,54.666666666666664,68546.20957,2577191.6172,37.59787205400685,2055.3503389523744
2018,90,Tucumán,NOA1,80+,Mujer,134,44.666666666666664,97889.69055,2704000.1218,27.622930531370443,1233.824230401213
2018,90,Tucumán,NOA1,80+,Varón,111,37,96298.78607,2266735.9454,23.538572373615384,870.9271778237692
2018,94,Tierra del Fuego,Patagonia Sur,30 a 39,Mujer,0,0,98257.61885,4983143.736,50.71508748453657,0
2018,94,Tierra del Fuego,Patagonia Sur,30 a 39,Varón,0,0,96997.57994,4397739.3413,45.33865013972843,0
2018,94,Tierra del Fuego,Patagonia Sur,40 a 49,Mujer,0,0,97340.83661,4492775.462499999,46.15509398692027,0
2018,94,Tierra del Fuego,Patagonia Sur,40 a 49,Varón,0,0,95386.37498,3914498.4263,41.03833935528808,0
2018,94,Tierra del Fuego,Patagonia Sur,50 a 59,Mujer,1,0.3333333333333333,95441.65065,4007943.3663,41.99365097946365,13.997883659821216
2018,94,Tierra del Fuego,Patagonia Sur,50 a 59,Varón,5,1.6666666666666667,92417.20236,3440462.4833,37.227511712571605,62.04585285428601
2018,94,Tierra del Fuego,Patagonia Sur,60 a 69,Mujer,9,3,91170.49198,3534888.1766999997,38.772283662519285,116.31685098755786
2018,94,Tierra del Fuego,Patagonia Sur,60 a 69,Varón,23,7.666666666666667,85071.85545,2985441.5738,35.09317573959179,269.04768067020376
2018,94,Tierra del Fuego,Patagonia Sur,70 a 79,Mujer,10,3.3333333333333335,81312.23623,3089197.6009,37.991792430377735,126.63930810125912
2018,94,Tierra del Fuego,Patagonia Sur,70 a 79,Varón,11,3.6666666666666665,68546.20957,2577191.6172,37.59787205400685,137.85886419802512
2018,94,Tierra del Fuego,Patagonia Sur,80+,Mujer,6,2,97889.69055,2704000.1218,27.622930531370443,55.245861062740886
2018,94,Tierra del Fuego,Patagonia Sur,80+,Varón,7,2.3333333333333335,96298.78607,2266735.9454,23.538572373615384,54.9233355384359
