anio_enfr,region_deis,sexo,grupo_edad_10,proy_pob,pob_est_2010,dm_total,dm_total_se,dm2_total,dm2_total_se,dm2_prev,dm2_prev_se,dm2_prev_cv,defun_n,defun_mean,defun_se,ex,AVP,AVP_inf,AVP_sup,AVD,AVD_inf,AVD_sup,AVAD,AVAD_inf,AVAD_sup
2005,Centro,Mujer,30 a 39,1722668,19853009,115928,21234.1878268823,104335.2,19110.7690442072,0.0588469992233463,0.0104077945368766,0.176861941547352,43,2.86666666666667,0.977525219907679,50.7150874845366,145.69967428012,50.4696611564335,243.187601352251,0.0322781034836043,0.00172850156644536,0.0626999251156261,145.733513940385,50.4848968123554,243.21549717006
2005,Centro,Mujer,40 a 49,1512669,18030170,70617,14915.0821737475,63555.3,13423.5739563599,0.0444277684300445,0.00919954083855744,0.207067362679783,154,10.2666666666667,1.84992492340155,46.1550939869203,474.0212647776,307.261011451977,639.141381138226,0.0309842257526299,0.00139273366291153,0.0593099557936003,474.052096714205,307.302678330371,639.175854696486
2005,Centro,Mujer,50 a 59,1351604,15472940,148232,24364.750384342,133408.8,21928.2753459365,0.105602332913538,0.0162478294979301,0.15385862271843,544,36.2666666666667,3.47690794944141,41.9936509794637,1524.88783445368,1234.83000320853,1810.11117535688,0.0477510919011236,0.00238137903025955,0.0934056100815096,1524.96852947935,1234.88798976569,1810.13473955139
2005,Centro,Mujer,60 a 69,1056310,12427237,204704,28383.0381472403,184233.6,25544.7343325389,0.186749110518687,0.0223988371819847,0.119940797146358,1455,97,5.68624070307733,38.7722836625193,3754.86323980857,3317.26130639843,4179.05605942345,0.0705764634112201,0.00322296667309097,0.137657318038375,3754.9502993246,3317.28560185813,4179.0789677614
2005,Centro,Mujer,70 a 79,835973,8885135,118188,19567.8564459695,106369.2,17611.0708013787,0.143538880072546,0.0213323985415518,0.148617562926297,2540,169.333333333333,7.5129517797231,37.9917924303777,6432.50535133047,5870.79777896136,6994.04877440392,0.0934384231343636,0.00508145808071788,0.180203382308419,6432.58455000207,5870.87129372345,6994.11922056631
2005,Centro,Mujer,80+,433569,6179480,45507,11123.4138892232,40956.3,10011.0725002929,0.115775235543042,0.0263347864458088,0.227464762410423,3146,209.733333333333,8.36128645072701,27.6229305313704,5791.33098005988,5331.03518054304,6245.88188951844,0.0988868662079306,0.00496995449974832,0.194810564917399,5791.44880553008,5331.09562697998,6245.99753553039
2005,Centro,Varón,30 a 39,1724380,19954294,56526,13194.75873404,50873.4,11875.2828606468,0.0361108764766885,0.00828961331322912,0.229560014102136,47,3.13333333333333,1.02198064778373,45.3386501397284,140.730621082582,50.777577073815,234.889021107787,0.00817767460098053,0.000414428961370255,0.0161780545024432,140.736686023147,50.7916320805131,234.897463893018
2005,Centro,Varón,40 a 49,1430517,17638861,79343,19521.201155627,71408.7,17569.0810400689,0.0545224029997412,0.0129088657593619,0.236762597558716,223,14.8666666666667,2.2261077142752,41.0383393552881,610.090962750275,428.944701637322,787.21932274396,0.0437021752689919,0.0020770687794637,0.0850785529396917,610.114934359114,429.009295978213,787.245626321826
2005,Centro,Varón,50 a 59,1214319,14607511,154175,24540.3993509872,138757.5,22086.3594158926,0.116376154368084,0.0175372389662795,0.150694436171273,940,62.6666666666667,4.57043640026736,37.2275117125716,2335.4152542785,1997.7783209146,2675.01125234019,0.0746748357922111,0.00307865088137357,0.146205002594035,2335.50668457991,1997.9109186594,2675.0889848026
2005,Centro,Varón,60 a 69,875942,10931079,185628,25507.7555205538,167065.2,22956.9799685253,0.186028167257567,0.0228650630343203,0.122911833037963,2136,142.4,6.88960569747403,35.0931757395918,4998.0668354649,4523.59298477825,5468.66335019862,0.103697492026083,0.00524031808841127,0.199324517165435,4998.17906660718,4523.7576228735,5468.72679720892
2005,Centro,Varón,70 a 79,555673,6706065,103746,19601.5757007802,93371.4,17641.4181307264,0.15986063552938,0.0268685537415538,0.168074858782955,3056,203.733333333333,8.2408198081933,37.5978720540069,7657.37757167272,7044.62729018367,8261.59506493224,0.147105463131784,0.00766922126943245,0.282419053253033,7657.44515978985,7044.64041799925,8261.73715118575
2005,Centro,Varón,80+,199563,3251379,47124,15401.8046247061,42411.6,13861.624162253,0.225223435948362,0.0635048505112442,0.281963776299925,1878,125.2,6.46013415753368,23.5385723736154,2949.16609350252,2647.69095814051,3250.91713111069,0.237271651674054,0.011660322094259,0.469665432304835,2949.4320205607,2647.88710499738,3251.15921603011
2005,Cuyo,Mujer,30 a 39,200398,19853009,10132,1660.67769353213,9118.8,1494.6099241774,0.0488734055097009,0.00798090542766899,0.163297510055542,7,0.583333333333333,0.440958551844098,50.7150874845366,32.0538958387387,2.70545301599344,74.9078103786453,0.0324653392951993,0.00161947840824289,0.0626703887641103,32.079135711818,2.75113384548914,74.9499167500156
2005,Cuyo,Mujer,40 a 49,171397,18030170,12607,1913.69761824124,11346.3,1722.32785641818,0.08349252369459,0.01234586510245,0.147867911474449,34,2.83333333333333,0.97182531580755,46.1550939869203,129.97896550939,45.0089782388998,219.908003907647,0.0299412789509966,0.00168678930452324,0.0592618932689824,130.012202851931,45.0339393615547,219.953407553407
2005,Cuyo,Mujer,50 a 59,149784,15472940,15629,2486.7379409752,14066.1,2238.06414687634,0.115061063894183,0.0171973620740718,0.149462915534029,153,12.75,2.06155281280883,41.9936509794637,536.504019942287,363.635019509079,705.887326092525,0.04834588432767,0.00260091828759205,0.093149216602317,536.574331508714,363.653699151928,705.937338058523
2005,Cuyo,Mujer,60 a 69,106172,12427237,13647,2776.18260315004,12282.3,2498.56434283548,0.129531432910431,0.0240711733689793,0.185832680362798,367,30.5833333333333,3.19287401011134,38.7722836625193,1187.38420057878,945.352291563855,1428.74531935343,0.070520275098336,0.00380362485573399,0.137814918986102,1187.47089894948,945.426211002531,1428.81408809024
2005,Cuyo,Mujer,70 a 79,73930,8885135,9753,1744.73127892229,8777.7,1570.25815102988,0.129270124591323,0.0227019481061918,0.175616355116561,580,48.3333333333333,4.01386485959743,37.9917924303777,1834.10603817872,1540.67070351156,2134.89560879879,0.093881013139392,0.00421811393557619,0.180447411047835,1834.20532355784,1540.70211415151,2135.05370113752
2005,Cuyo,Mujer,80+,32433,6179480,4756,1474.59777086638,4280.4,1327.1379937812,0.166429487927213,0.0462691934446271,0.27801079016035,411,34.25,3.37885582211888,27.6229305313704,946.667547954145,766.726973082772,1132.65432163484,0.100610023478346,0.00513988676003613,0.194385802044879,946.754091162359,766.74901515148,1132.78936347982
2005,Cuyo,Varón,30 a 39,198259,19954294,3245,915.744793462354,2920.5,824.170314115907,0.0190068660310436,0.00537265144453436,0.282668980554675,12,1,0.577350269189626,45.3386501397284,46.8883252273351,5.82538693766008,98.3674816056792,0.00802908134423125,0.00047844617152514,0.0161754213329639,46.8960190284327,5.83073199064955,98.3822809740013
2005,Cuyo,Varón,40 a 49,161751,17638861,6383,1496.2872740077,5744.7,1346.6585466071,0.0452595172066053,0.0104986462460188,0.231965493535725,42,3.5,1.08012344973464,41.0383393552881,143.70170376326,56.6022319334862,230.603357347561,0.0449986498449345,0.00237003331689977,0.0850819889481298,143.773519733866,56.6502830903759,230.633132644939
2005,Cuyo,Varón,50 a 59,138956,14607511,14805,3300.57906301023,13324.5,2970.52115670616,0.10958278848289,0.0227001622939743,0.207150799940802,226,18.8333333333333,2.50554939639548,37.2275117125716,701.236362370129,521.279383277721,888.136648162537,0.0739891039477854,0.00373625147508072,0.146105216612549,701.333443636705,521.392160395237,888.263256505959
2005,Cuyo,Varón,60 a 69,93073,10931079,9072,1707.09753833277,8164.8,1536.3877844987,0.125887323075025,0.0229272187132424,0.182124920549613,508,42.3333333333333,3.75647588986155,35.0931757395918,1486.24921392659,1230.40378710738,1741.17109595097,0.102355177962658,0.00509556060378847,0.199307323638201,1486.31525393742,1230.54352614908,1741.35108729476
2005,Cuyo,Varón,70 a 79,56249,6706065,9794,1961.13494003791,8814.6,1765.02144603517,0.224421417114342,0.0400355244904917,0.17839440194825,577,48.0833333333333,4.0034707164881,37.5978720540069,1808.61066140069,1514.56973096277,2102.03051548341,0.143138665299887,0.00745695016179653,0.28319327376755,1808.80355574284,1514.6776393016,2102.10791747533
2005,Cuyo,Varón,80+,19252,3251379,4803,1519.46877787596,4322.7,1367.52190008731,0.242222346744369,0.0631473524685786,0.260699944977503,264,22,2.70801280154532,23.5385723736154,518.339430223103,393.194035294419,642.37001592002,0.239111548452652,0.0119994065199872,0.470496194616919,518.580048662876,393.278234553079,642.661720067458
2005,NEA,Mujer,30 a 39,213078,19853009,12210,2009.66700881635,10989,1808.70030793299,0.0621679876444731,0.00989107012623698,0.159102304916191,9,0.75,0.5,50.7150874845366,39.8426991512941,4.17137366280504,88.1449128565478,0.0317022066614898,0.00169720138786689,0.0627265421803733,39.8645334833685,4.2087936825539,88.1897393398689
2005,NEA,Mujer,40 a 49,189266,18030170,9945,1529.06298242004,8950.5,1376.156684179,0.0687183778762217,0.0102724134836566,0.149485680557822,42,3.5,1.08012344973464,46.1550939869203,161.806981137555,63.0134572000166,259.688345153619,0.0307071345738821,0.00157642824895463,0.0591539804778651,161.859054919108,63.0298941895547,259.747191463059
2005,NEA,Mujer,50 a 59,135724,15472940,16206,2720.73300514404,14585.4,2448.65970462656,0.133661406499148,0.0204109136865217,0.152706111817339,132,11,1.91485421551268,41.9936509794637,462.680058273192,302.8368054838,620.278464804943,0.0473460531108308,0.00252663131827457,0.0935022377564928,462.726325697572,302.917869539509,620.289081526051
2005,NEA,Mujer,60 a 69,92279,12427237,15442,2267.91608355422,13897.8,2041.12447519663,0.19883256792137,0.0255269597171283,0.128384197739794,271,22.5833333333333,2.74367960552572,38.7722836625193,873.184299276829,665.567563038393,1085.62768623687,0.0697912508231546,0.00360777399913988,0.137434622195203,873.202119292744,665.678279043816,1085.75512658477
2005,NEA,Mujer,70 a 79,58784,8885135,9311,1868.4360197899,8379.9,1681.59241780862,0.174080767792596,0.0313007662891828,0.179805998595291,399,33.25,3.3291640592397,37.9917924303777,1266.09782526901,1013.27926557021,1509.39845077326,0.0931455084284855,0.00424090704398352,0.18009014819341,1266.21952886244,1013.39645388751,1509.52396122713
2005,NEA,Mujer,80+,22691,6179480,1498,493.873566662362,1348.2,444.486209996156,0.0746718360564941,0.0248880255264177,0.333298695208033,285,23.75,2.81365716935569,27.6229305313704,657.736759399953,504.153167878867,810.39677815575,0.101894949567596,0.0053904745403823,0.195522371197054,657.835920950992,504.196207558581,810.579049050853
2005,NEA,Varón,30 a 39,209149,19954294,4037,996.520143712448,3633.3,896.868129341758,0.0238891445854428,0.00586422535275659,0.245476573335742,7,0.583333333333333,0.440958551844098,45.3386501397284,28.5622449407606,2.5129045332113,66.0124261478127,0.00841193053297639,0.000380518742048328,0.0162087851159833,28.5720017182849,2.51924190371499,66.0272215886336
2005,NEA,Varón,40 a 49,189232,17638861,8584,1596.6370109975,7725.6,1436.97330989554,0.0574517925798128,0.0104260521459685,0.181474792653066,32,2.66666666666667,0.942809041582063,41.0383393552881,108.924657618301,33.249260089241,184.100478704199,0.0432231149335989,0.00209005229445461,0.0848566946545629,108.99165771751,33.314513328579,184.162831717084
2005,NEA,Varón,50 a 59,141055,14607511,14999,2592.43189353005,13499.1,2333.18870418026,0.116704562155807,0.0187115876819473,0.160332958166334,178,14.8333333333333,2.22361067735439,37.2275117125716,551.582765396148,389.797992611851,713.86893647108,0.0752345071279418,0.00379775894911151,0.145563590193801,551.654742720182,389.82843649413,713.897930450797
2005,NEA,Varón,60 a 69,85841,10931079,8596,1587.19881559001,7736.4,1428.47893403205,0.147186180130132,0.0252648673440713,0.171652442652794,291,24.25,2.84312035153866,35.0931757395918,853.167149030424,659.220702335353,1048.19694762452,0.102499384452391,0.00498416763545822,0.198656763411537,853.262174973905,659.317858937196,1048.32775492659
2005,NEA,Varón,70 a 79,47853,6706065,7306,1486.85160895263,6575.4,1338.16644805731,0.175376736990905,0.0336988200405647,0.192151026520195,347,28.9166666666667,3.10465600169953,37.5978720540069,1084.77569875077,851.826671610966,1319.62191704914,0.145779688255078,0.00823263135291806,0.282711006340133,1084.90424421278,851.945670931583,1319.8704150735
2005,NEA,Varón,80+,14694,3251379,1519,514.276882095999,1367.1,462.849193885606,0.110223333064581,0.0366844388984654,0.332819176108307,156,13,2.08166599946613,23.5385723736154,306.926112789331,209.797049314121,405.317722345168,0.239342744992725,0.0111038541748572,0.469832181160904,307.157090990849,210.185362861551,405.44571398186
2005,NOA1,Mujer,30 a 39,115525,19853009,3217,1160.36928495762,2895.3,1044.33235646055,0.0255310706065977,0.00910011050397892,0.356432781225684,0,0,0,50.7150874845366,3.39875651024272e-05,1.61575078853584e-06,0.000114728730380699,0.0327930256263797,0.00168688058303208,0.0628504538518802,0.0328223425717454,0.00174898864335731,0.0629025082613747
2005,NOA1,Mujer,40 a 49,93168,18030170,3675,926.290776775878,3307.5,833.661699098417,0.0465425531914894,0.0116636439371366,0.25060172116362,4,0.666666666666667,0.471404520791032,46.1550939869203,32.883021067424,3.31889611743146,74.1808097528576,0.0302712781252224,0.00145522398524793,0.0592373913664496,32.9107078895135,3.34169833761768,74.2126594447443
2005,NOA1,Mujer,50 a 59,72179,15472940,5028,1135.67756239165,4525.2,1022.10980615193,0.073050721596229,0.0171833100302972,0.235224370886766,32,5.33333333333333,1.33333333333333,41.9936509794637,223.352598726271,113.466704535432,334.29958178206,0.0484655237766481,0.00252835580327611,0.0933967348366458,223.424384910773,113.532188859361,334.357768930583
2005,NOA1,Mujer,60 a 69,47044,12427237,2805,657.307928882708,2524.5,591.577135995342,0.0792472375690608,0.0184915623676181,0.233340150834955,77,12.8333333333333,2.06827894099848,38.7722836625193,497.361556130606,340.944313121215,657.880275578059,0.0704596263479711,0.00391884831626535,0.137651190963905,497.428417120518,340.992021951472,657.961750822366
2005,NOA1,Mujer,70 a 79,29339,8885135,2470,622.757271289052,2223,560.481544160721,0.0959264693190645,0.0241440761628223,0.251693576696916,94,15.6666666666667,2.28521820013368,37.9917924303777,594.533403801515,427.363455186328,768.635806292622,0.0920017157604394,0.00457111712493243,0.180154453564313,594.658477152948,427.473272281208,768.673799177468
2005,NOA1,Mujer,80+,11406,6179480,1383,486.74903579134,1244.7,438.074132212483,0.111153777460261,0.0422969617274787,0.380526534445494,78,13,2.08166599946613,27.6229305313704,359.198347577119,246.141025781291,468.07559726281,0.0992080266302842,0.00515483594751393,0.194620303013975,359.271825654023,246.204351966956,468.096986525301
2005,NOA1,Varón,30 a 39,113350,19954294,1523,558.700155082928,1370.7,502.830139574405,0.0153425117528543,0.0056611726763609,0.368986041370163,2,0.333333333333333,0.333333333333333,45.3386501397284,18.0060685856043,1.24232868382698,45.7437027806067,0.0081818686786814,0.000420690254515779,0.0161468272831652,18.0168639734817,1.25333569184546,45.7572656554329
2005,NOA1,Varón,40 a 49,89069,17638861,2776,923.180155919627,2498.4,830.862140328288,0.0371062363547252,0.0122529960666376,0.330213928179144,21,3.5,1.08012344973464,41.0383393552881,143.981374903888,56.6870984535279,229.804311756277,0.043274207034003,0.00217907375951959,0.0851555331934428,144.035509122215,56.7203915683894,229.879037320249
2005,NOA1,Varón,50 a 59,68618,14607511,3399,1095.73220900843,3059.1,986.158988106685,0.0508130824045313,0.0161672016899139,0.318170064181585,46,7.66666666666667,1.59861050777091,37.2275117125716,285.080043002239,169.23087936989,399.632265664537,0.0754517885262861,0.00437321121431305,0.145848563308193,285.178887877677,169.307812265696,399.712541243971
2005,NOA1,Varón,60 a 69,44063,10931079,4876,1213.85762527039,4388.4,1092.47186274368,0.13033948142208,0.0304751209992886,0.233813428339497,83,13.8333333333333,2.14734978778752,35.0931757395918,486.533087966543,337.909139939022,633.305465777288,0.101774712139362,0.00509833306848401,0.199167443920749,486.584153292236,338.031422373374,633.375969007873
2005,NOA1,Varón,70 a 79,24930,6706065,2460,994.076304675852,2214,894.668674207106,0.0926631230904449,0.03710389461615,0.400417052422616,78,13,2.08166599946613,37.5978720540069,489.002578099722,335.3654319129,646.605715030501,0.144814711519128,0.00693683047338921,0.283014084920257,489.150465341929,335.624770758298,646.893217464067
2005,NOA1,Varón,80+,7505,3251379,571,257.014715292767,513.9,231.313243763471,0.0855074875207987,0.0405940120282284,0.474742191651397,52,8.66666666666667,1.6996731711976,23.5385723736154,202.887873171135,124.711689927683,281.957879926569,0.243121358653849,0.0126569341516871,0.470263248143816,203.150534389871,124.959350485062,282.275748863861
2005,NOA2,Mujer,30 a 39,161002,19853009,11453,2285.09739785636,10307.7,2056.58765806869,0.0767255945513417,0.0144926451287699,0.188889316707374,7,0.777777777777778,0.509175077217316,50.7150874845366,41.415467499496,4.29323866827028,90.832737764954,0.0325736333328003,0.00169484981871217,0.0628520809308569,41.4417282784249,4.34421258128627,90.8390410475032
2005,NOA2,Mujer,40 a 49,137783,18030170,6996,1351.85988079209,6296.4,1216.67389271229,0.0683536883243771,0.0128364461536314,0.187794491684415,30,3.33333333333333,1.05409255338946,46.1550939869203,153.582912076067,59.8102481441555,248.830851880086,0.0309007562715794,0.00160251829780138,0.0592075110644077,153.609625576362,59.8204765309901,248.832088924071
2005,NOA2,Mujer,50 a 59,112834,15472940,14177,2438.61768544401,12759.3,2194.75591690199,0.138605181684862,0.0217486161799128,0.156910556413116,105,11.6666666666667,1.97202659436654,41.9936509794637,490.409084803075,327.122017159579,652.886627880201,0.0479900885957041,0.00258038563476813,0.0935616336644717,490.463621189143,327.176128729973,652.955975825645
2005,NOA2,Mujer,60 a 69,74842,12427237,12976,2431.3087490161,11678.4,2188.17787411592,0.236103754321412,0.0363502775000181,0.15395891354838,215,23.8888888888889,2.82187224426673,38.7722836625193,925.893470442891,710.091685150559,1139.83733538736,0.0704961867029862,0.0036179478779356,0.138195007239487,925.965831013144,710.155538934411,1139.96794219355
2005,NOA2,Mujer,70 a 79,53042,8885135,4992,1469.25063424354,4492.8,1322.32557081973,0.114442916093535,0.031490728971181,0.275165384159238,299,33.2222222222222,3.32777314041599,37.9917924303777,1260.86536339189,1013.56031308324,1517.03178727836,0.091522977085022,0.00503818946201553,0.180387879575737,1260.94236762481,1013.61850606789,1517.09515609869
2005,NOA2,Mujer,80+,21430,6179480,1899,930.451544124276,1709.1,837.406389713302,0.0935314398292563,0.0430159852602638,0.459909366719794,249,27.6666666666667,3.0368111930481,27.6229305313704,764.479366617959,598.079473427111,928.553748781348,0.100005350992507,0.0052085049570476,0.194689206406462,764.573251186893,598.212025757024,928.694960772661
2005,NOA2,Varón,30 a 39,163547,19954294,3127,755.612493428474,2814.3,680.051244085285,0.0251562039097906,0.00612008127275872,0.243283179557025,9,1,0.577350269189626,45.3386501397284,46.4582857631107,5.71711791767232,97.2412897020162,0.00815544992542947,0.000400649278556979,0.0161313607696966,46.4682972029424,5.71967594929132,97.2501696043973
2005,NOA2,Varón,40 a 49,135177,17638861,5088,1346.88338193642,4579.2,1212.19504374169,0.0498454304001393,0.0130045283870893,0.260897102957967,29,3.22222222222222,1.0363754503432,41.0383393552881,132.883058611779,49.1703354203086,215.803017202402,0.0436483653640213,0.00223961513446015,0.0849945229397384,132.918705762642,49.2082309417894,215.853660864912
2005,NOA2,Varón,50 a 59,112928,14607511,9155,1701.94222745521,8239.5,1531.74800470954,0.0920367722621867,0.0171937052334255,0.186813431314666,156,17.3333333333333,2.40370085030933,37.2275117125716,646.079218273556,470.207632702773,817.389686810467,0.0737838447442434,0.00385236684968845,0.146067290550636,646.150909691953,470.251551641492,817.452878213346
2005,NOA2,Varón,60 a 69,67622,10931079,11832,2155.94947706202,10648.8,1940.35452935494,0.218629765742091,0.0356461859713324,0.163043608679446,240,26.6666666666667,2.98142396999972,35.0931757395918,933.406684245297,726.025658923921,1143.32537151483,0.102253063835214,0.00481193195670115,0.198453315481054,933.493000728817,726.159503516564,1143.36736738724
2005,NOA2,Varón,70 a 79,40243,6706065,4184,1216.11263836346,3765.6,1094.50137452747,0.135888275414096,0.0369404009072775,0.271843915854463,303,33.6666666666667,3.34995854037363,37.5978720540069,1268.47654641533,1018.4490051102,1517.26091198439,0.145781351828049,0.00757434679388719,0.282660648509183,1268.69952686831,1018.53359513783,1517.29415948239
2005,NOA2,Varón,80+,12770,3251379,1748,1031.60039987292,1573.2,928.440359883815,0.15357282311597,0.0807555241732616,0.52584514977809,153,17,2.38047614284762,23.5385723736154,400.933469929344,292.579059302321,511.964374723693,0.24073035906876,0.0105770076166605,0.469632471554205,401.189197837854,292.765711430075,512.168653011895
2005,Patagonia,Mujer,30 a 39,155152,19853009,13911,1736.33335306618,12519.9,1562.70001775817,0.0828863481386835,0.00985665522095626,0.118917716153501,4,0.222222222222222,0.272165526975909,50.7150874845366,14.8899530449394,0.923426890374595,39.9500681632088,0.0314820739158766,0.00161311246776021,0.062851227093932,14.9187333320724,0.96404967416288,39.9858742433467
2005,Patagonia,Mujer,40 a 49,134465,18030170,10643,1280.38065981825,9578.7,1152.34259383392,0.0982581935682413,0.0111902439221236,0.113886114895364,14,0.777777777777778,0.509175077217316,46.1550939869203,37.8467383512869,4.04346404114654,82.0759933905693,0.0298733044110216,0.00163815220821864,0.0591851673102538,37.8770505357957,4.06353939864149,82.1217369913728
2005,Patagonia,Mujer,50 a 59,99335,15472940,12470,1461.70569794075,11223,1315.53512814716,0.128872608685667,0.0141896605039099,0.110106101278045,49,2.72222222222222,0.95257934441568,41.9936509794637,114.352312236358,38.2931210776574,193.053525742767,0.0478763511967717,0.00238346455157263,0.0931978527544276,114.384517566851,38.3348751526973,193.08439877849
2005,Patagonia,Mujer,60 a 69,64476,12427237,8428,1350.63330802262,7585.2,1215.56997722073,0.148601206801975,0.021527230176164,0.144865782986884,102,5.66666666666667,1.37436854187255,38.7722836625193,218.268698668983,115.621049901328,323.60679160152,0.0717429133753631,0.00396528606914455,0.138179171337431,218.355047855669,115.692264397512,323.623645182274
2005,Patagonia,Mujer,70 a 79,40330,8885135,7704,1155.65109830348,6933.6,1040.08598847229,0.200752794023974,0.0269179108814242,0.134084862989303,165,9.16666666666667,1.74801474695025,37.9917924303777,347.562079796914,219.738032776178,476.882119636587,0.0922114117911751,0.00481428499735148,0.180135181743542,347.61705515287,219.782522697715,476.916032019271
2005,Patagonia,Mujer,80+,17247,6179480,2643,729.457057205528,2378.7,656.511351483914,0.165728419145823,0.0405072571687673,0.244419498946196,192,10.6666666666667,1.88561808316413,27.6229305313704,295.189892363545,192.780842669031,396.991698543117,0.102375785049326,0.00498211280095633,0.194933377529517,295.30529181826,192.893370271112,397.097139763422
2005,Patagonia,Varón,30 a 39,155161,19954294,4495,943.878320804283,4045.5,849.490488724688,0.0334867435373192,0.00693418635684277,0.207072579306345,4,0.222222222222222,0.272165526975909,45.3386501397284,13.2801893788218,0.894701931906887,34.9639066214689,0.0084406605011255,0.000411402804879346,0.0161498394656397,13.2903371669201,0.902810006365497,34.9661217197683
2005,Patagonia,Varón,40 a 49,135819,17638861,6357,1188.715086784,5721.3,1069.84357810734,0.0573506415396953,0.0103871876960751,0.18111720143332,16,0.888888888888889,0.544331053951817,41.0383393552881,37.4012044389143,4.52274742564489,80.7846682526062,0.0431703309711795,0.0020243839435405,0.0852227803368163,37.438767663286,4.57590773480302,80.8108986164919
2005,Patagonia,Varón,50 a 59,100661,14607511,11513,1593.97942693762,10361.7,1434.58148424508,0.117520897367556,0.0154376674068934,0.131361040910119,73,4.05555555555556,1.16269164091424,37.2275117125716,150.7118378981,65.9281464122142,235.864069941413,0.0747150982504469,0.00391522663648412,0.145839664764368,150.802122942943,65.9905357601741,235.958629731253
2005,Patagonia,Varón,60 a 69,62936,10931079,9515,1616.66201444787,8563.5,1454.99581300097,0.16736700152445,0.025751481555636,0.15386235829692,156,8.66666666666667,1.6996731711976,35.0931757395918,303.461076626142,185.810803705609,420.741753044577,0.102431059670644,0.00513039647569223,0.199173375278486,303.590062522075,185.930347851648,420.84403443687
2005,Patagonia,Varón,70 a 79,32782,6706065,5585,910.390987812305,5026.5,819.351889031292,0.200610632183908,0.0299660947937122,0.149374409858003,222,12.3333333333333,2.02758751009941,37.5978720540069,462.956113230283,313.691974877199,616.879979214214,0.144370856995119,0.00677996966538547,0.283117986171383,463.076370368649,313.849800530558,617.02617138313
2005,Patagonia,Varón,80+,10248,3251379,1141,838.821546777533,1026.9,754.939392099613,0.13595922150139,0.0883228657125276,0.649627621702913,105,5.83333333333333,1.39443337755679,23.5385723736154,137.241601231327,72.2595348781438,202.162904578035,0.240007482829958,0.0121772484395827,0.469139059331072,137.456612611163,72.6290982236141,202.338559232792
2009,Centro,Mujer,30 a 39,1881996,19853009,134166,17456.9059884585,120749.4,15711.2153896227,0.068057968204512,0.00846996226500485,0.124452176408689,70,4.66666666666667,1.24721912892465,50.7150874845366,236.67047083221,113.646611448527,357.513333389529,0.032814879248212,0.00159745467595106,0.0627440610752124,236.692822176581,113.689347899644,357.568194984284
2009,Centro,Mujer,40 a 49,1554150,18030170,137578,17224.260503014,123820.2,15501.8344527351,0.0823670202504666,0.0098616906853703,0.119728632350451,145,9.66666666666667,1.7950549357115,46.1550939869203,447.310557028207,283.225274749475,610.139296304981,0.0304737427070408,0.0016802890056529,0.0589817013228885,447.331667620709,283.284400999764,610.184934500424
2009,Centro,Mujer,50 a 59,1377197,15472940,150609,17962.3710345198,135548.1,16166.1339310451,0.0961130228412557,0.0108741313477164,0.113139000587637,511,34.0666666666667,3.3698005216267,41.9936509794637,1431.64006516353,1157.92173975541,1703.53097587308,0.0482517488253724,0.0024689328636305,0.09338975113989,1431.69768998282,1157.96318406881,1703.54608258126
2009,Centro,Mujer,60 a 69,1106798,12427237,205754,20567.4476563844,185178.6,18510.7028907512,0.159385828859055,0.0143619251732795,0.0901079178499601,1110,74,4.96655480858378,38.7722836625193,2871.93943554577,2489.59150382275,3246.16727144627,0.0693841999731484,0.00324603954698033,0.137556862502175,2872.03928004886,2489.66863893264,3246.27216323857
2009,Centro,Mujer,70 a 79,788020,8885135,132613,14789.0088262756,119351.7,13310.1079436387,0.161962823038968,0.0163785581618519,0.101125417886247,1889,125.933333333333,6.47902598989831,37.9917924303777,4784.74143435104,4301.48570992412,5265.41266882144,0.0914258112315188,0.00445365572363203,0.180295065194288,4784.79067998147,4301.63643226188,5265.48701752794
2009,Centro,Mujer,80+,481895,6179480,64446,9781.27507812211,58001.4,8803.14757030747,0.153368201721913,0.0212997109718572,0.138879576944364,2550,170,7.52772652709081,27.6229305313704,4696.54413709986,4293.20044956806,5099.80236701935,0.100676492912873,0.00479964681725253,0.194548769474402,4696.6648548561,4293.25852891539,5099.83524651652
2009,Centro,Varón,30 a 39,1847226,19954294,59065,10710.3861490879,53158.5,9639.34753419425,0.0342613240867256,0.00612080665029016,0.178650615918888,58,3.86666666666667,1.13529242439509,45.3386501397284,174.963446908262,75.98170630715,277.417594707,0.00829987052247141,0.000391724295897931,0.0161221932423922,174.971868159848,75.991822830731,277.427383707689
2009,Centro,Varón,40 a 49,1470283,17638861,83304,13172.8970305405,74973.6,11855.607327474,0.0590421410076294,0.00906912613377056,0.153604289732628,176,11.7333333333333,1.97765292989218,41.0383393552881,481.000203884326,322.077061001587,640.600198163302,0.0443915859690685,0.00223603546063122,0.0852872547014123,481.07111377635,322.159758521923,640.602557048375
2009,Centro,Varón,50 a 59,1254044,14607511,146597,18619.26924984,131937.3,16757.3423248428,0.113922899714021,0.0136232608633379,0.119583164557223,782,52.1333333333333,4.16866618689693,37.2275117125716,1944.18873980912,1642.34613035955,2247.45427786171,0.0748537477386054,0.00349807618965665,0.145525723728532,1944.25295321138,1642.45356760925,2247.56356878211
2009,Centro,Varón,60 a 69,927710,10931079,179520,21097.6780138516,161568,18987.9102124365,0.173929518757105,0.0182140563535045,0.104720903522655,1633,108.866666666667,6.02402597013732,35.0931757395918,3819.20724545291,3406.93241967442,4234.03282689841,0.10199269286581,0.00436310755666611,0.198553575039436,3819.27837831338,3407.01286295261,4234.09622043734
2009,Centro,Varón,70 a 79,547687,6706065,138204,17160.0542710851,124383.6,15444.048843977,0.216391183854115,0.0234399565062934,0.108322141821157,2231,148.733333333333,7.04114889615166,37.5978720540069,5593.11094279815,5055.97592437849,6106.5500643929,0.144229264572735,0.00751821924279191,0.283290828357312,5593.34906023807,5056.1258852697,6106.75237664944
2009,Centro,Varón,80+,225522,3251379,44746,8795.89724056724,40271.4,7916.30751649917,0.175182919932835,0.0312578377305218,0.178429710741812,1622,108.133333333333,6.00370256129036,23.5385723736154,2543.02650419061,2270.09209735229,2818.58095807383,0.238702095992509,0.0125322338682617,0.468924359949083,2543.35085253547,2270.46924157342,2818.62287531202
2009,Cuyo,Mujer,30 a 39,220902,19853009,11086,2112.74328398281,9977.4,1901.46895558565,0.0562154548271685,0.0104921979087605,0.186642586829871,9,0.75,0.5,50.7150874845366,40.3743453455322,4.00640824484481,87.7427078314216,0.0319645047012943,0.00159373791945705,0.0628810308876207,40.405559084122,4.05712840287776,87.796859047257
2009,Cuyo,Mujer,40 a 49,177216,18030170,13345,2434.50026523799,12010.5,2191.05023871387,0.0880535190615836,0.0156058961594014,0.177231941729516,29,2.41666666666667,0.897527467855751,46.1550939869203,111.391920300268,33.082614655711,191.769949407994,0.0307781747806478,0.00152563127632416,0.0593627839425284,111.430835427041,33.1287954097548,191.811025979695
2009,Cuyo,Mujer,50 a 59,154276,15472940,15713,3089.93158358073,14141.7,2780.93842522668,0.106016102914718,0.0199946997497134,0.188600591796868,125,10.4166666666667,1.86338998124982,41.9936509794637,436.304635691751,283.354401875882,590.309891868433,0.0475246696478787,0.00210364353169469,0.0933963015313552,436.32323169564,283.37311643903,590.363238712582
2009,Cuyo,Mujer,60 a 69,117694,12427237,28912,3979.02448129448,26020.8,3581.12203316387,0.222775099954624,0.0269683274599897,0.121056291594001,373,31.0833333333333,3.21886798597133,38.7722836625193,1206.44661432123,957.534708977873,1452.17654485341,0.0717367476434331,0.003649046176709,0.137655357403691,1206.51180483846,957.673172848087,1452.29128170331
2009,Cuyo,Mujer,70 a 79,75487,8885135,14697,2653.9905826124,13227.3,2388.59152435197,0.192142763759969,0.031377726327559,0.163304231257739,529,44.0833333333333,3.83333333333333,37.9917924303777,1672.53316278346,1393.2539226262,1957.96473796387,0.0914476453322324,0.00447185296241307,0.18049602626288,1672.62627152817,1393.40331751459,1958.07507372425
2009,Cuyo,Mujer,80+,38293,6179480,4837,1530.70066306671,4353.3,1377.63059675937,0.157517096645801,0.0453616606130945,0.287979283385959,522,43.5,3.80788655293195,27.6229305313704,1201.76054398938,999.595072646969,1404.6123538798,0.0983604296880017,0.00499790373889379,0.194724023856271,1201.8667953537,999.745271906658,1404.70522283917
2009,Cuyo,Varón,30 a 39,216221,19954294,11512,3165.39157084596,10360.8,2848.85241375948,0.0600500765057727,0.0158169006575536,0.26339517912243,10,0.833333333333333,0.52704627669473,45.3386501397284,39.6901367252669,4.05161081667891,84.9013907275875,0.00829273875113464,0.000448242550963468,0.0161922723006153,39.7027885475026,4.06222834845284,84.9088483384386
2009,Cuyo,Varón,40 a 49,168091,17638861,12487,2788.79477872377,11238.3,2509.91530085139,0.0914731521500256,0.0193649681896481,0.211701113763823,46,3.83333333333333,1.13038833052088,41.0383393552881,157.142169464573,65.023369020584,248.478132395958,0.0437936020068087,0.00230424747891822,0.0849301770903795,157.206218836429,65.108702589091,248.523752003978
2009,Cuyo,Varón,50 a 59,142749,14607511,16562,3481.39835713242,14905.8,3133.25852142042,0.128681313937929,0.0252013713908621,0.195843286174544,200,16.6666666666667,2.35702260395516,37.2275117125716,620.316960065839,448.355910248617,788.821156136603,0.0747791515167307,0.00369719644914056,0.145522279393605,620.428843804503,448.398766093334,788.88624382607
2009,Cuyo,Varón,60 a 69,103057,10931079,18254,3590.24282345235,16428.6,3231.21854111029,0.201168172801411,0.0349194432921778,0.173583339779348,529,44.0833333333333,3.83333333333333,35.0931757395918,1549.6353218307,1287.58682651851,1807.80064249907,0.101031435093786,0.00502421071038207,0.198007513477151,1549.67461518714,1287.67754598414,1807.96227789213
2009,Cuyo,Varón,70 a 79,57367,6706065,12599,2459.42395685799,11339.1,2213.48156117628,0.192615807980431,0.0359959367555111,0.186879452589728,576,48,4,37.5978720540069,1806.08721269664,1511.40221313171,2095.25281810496,0.145860623490899,0.00747621750169568,0.282840801358399,1806.23618702005,1511.53677564867,2095.38471415593
2009,Cuyo,Varón,80+,21673,3251379,3581,1811.8513061047,3222.9,1630.66617549204,0.152426220204313,0.0689053067692382,0.452056783123514,315,26.25,2.95803989154981,23.5385723736154,619.778645032013,484.873394176198,757.564739596776,0.241000464761296,0.0101906454436618,0.46918766348425,620.00641700834,485.080493523532,757.74645241895
2009,NEA,Mujer,30 a 39,241811,19853009,14838,2537.11727389819,13354.2,2283.40554650853,0.0701858947069675,0.0114983453729573,0.163827011409685,10,0.833333333333333,0.52704627669473,50.7150874845366,43.7153110340557,4.76705429537442,95.8198655765001,0.0326750192746628,0.00171205448305419,0.0628178233414258,43.7518627688751,4.79418656810635,95.8712491562159
2009,NEA,Mujer,40 a 49,195668,18030170,17276,3989.1921594912,15548.4,3590.27294353796,0.0930507013932111,0.0198040728960691,0.21283098998235,50,4.16666666666667,1.17851130197758,46.1550939869203,192.605142627814,85.1212215291478,300.237066578202,0.0302887271296336,0.00150377983917373,0.0593114776569352,192.64165241821,85.1587050350634,300.241014550596
2009,NEA,Mujer,50 a 59,151167,15472940,23896,3664.52353374897,21506.4,3298.07118038012,0.166929793922459,0.0228368621101643,0.136805189616255,135,11.25,1.93649167310371,41.9936509794637,471.465272699107,315.472457935228,630.392298672727,0.0483884488089715,0.00216682087736557,0.0933684073478961,471.510195892385,315.542665961561,630.404862624803
2009,NEA,Mujer,60 a 69,101921,12427237,17870,2697.30100206635,16083,2427.57090185665,0.181917925979549,0.0247868486241926,0.136252920050216,270,22.5,2.73861278752583,38.7722836625193,875.479716377727,665.697911128229,1080.39814979752,0.0704182727918175,0.00335913501559727,0.13794637475449,875.600207120681,665.707183610315,1080.49124794219
2009,NEA,Mujer,70 a 79,62980,8885135,11450,2201.61977055808,10305,1981.45779350411,0.203563597574225,0.0341198215218002,0.167612588539359,415,34.5833333333333,3.39525813124389,37.9917924303777,1314.13963230781,1060.27395922798,1569.22546133029,0.0915155158509299,0.00446453570972215,0.180329619471122,1314.24498317681,1060.43973875068,1569.35256692172
2009,NEA,Mujer,80+,28991,6179480,3088,1172.50862920132,2779.2,1055.25776627901,0.117226252741691,0.0416964700691131,0.355692254029409,370,30.8333333333333,3.20589734361189,27.6229305313704,851.469311127528,676.929481637291,1025.36260404184,0.0994268342877822,0.00487538530401937,0.194511349620683,851.59303406219,676.946179598481,1025.45873241788
2009,NEA,Varón,30 a 39,232085,19954294,5662,1439.4557086217,5095.8,1295.51013776095,0.029165521978022,0.00733532918913664,0.251506871526738,11,0.916666666666667,0.552770798392567,45.3386501397284,43.0691658236354,5.30092601149009,91.1217749181668,0.00826867689702955,0.000428723984692266,0.0161542139724349,43.0716448436269,5.31596097001201,91.125605710389
2009,NEA,Varón,40 a 49,190649,17638861,9177,1915.77351307091,8259.3,1724.19616176111,0.0570740505279452,0.0115819903223777,0.20292918086665,45,3.75,1.11803398874989,41.0383393552881,155.039991600191,65.5136351588395,242.467409369854,0.0438109293475216,0.00235397265299114,0.0849619106776166,155.070854078319,65.5678111504199,242.522719497778
2009,NEA,Varón,50 a 59,152395,14607511,11683,2405.59511011584,10514.7,2165.03559909959,0.0888568700193522,0.0174412136254082,0.19628435732217,164,13.6666666666667,2.13437474581095,37.2275117125716,508.819975200261,353.190837807693,663.011890416933,0.0744754363865256,0.00384764788235799,0.145251133511986,508.853576561384,353.249194782759,663.149008875437
2009,NEA,Varón,60 a 69,97034,10931079,12608,2787.28754103038,11347.2,2508.55878692724,0.160882448852278,0.0318408975036403,0.197914052967186,319,26.5833333333333,2.97676184991529,35.0931757395918,932.436222737703,726.813823273463,1140.5899663124,0.102131427034001,0.00454497670482624,0.199802063439661,932.577105459328,726.941323784979,1140.69562900917
2009,NEA,Varón,70 a 79,51384,6706065,10471,2129.98797355758,9423.9,1916.9891762038,0.251558913031872,0.0431707689666499,0.171612957165148,367,30.5833333333333,3.19287401011134,37.5978720540069,1148.77546327173,913.02926079023,1382.74864432654,0.146592544214578,0.00676598249022102,0.282907017721364,1148.86073390431,913.234850876321,1382.8943966298
2009,NEA,Varón,80+,18465,3251379,553,408.87619436625,497.7,367.988574929552,0.0417008797653959,0.0304930826836461,0.73123355802555,181,15.0833333333333,2.24227067451229,23.5385723736154,355.060593417329,250.800700009354,460.580741939814,0.238385091719168,0.0123757518847755,0.467774765467959,355.311735185277,251.203949952097,460.794875401145
2009,NOA1,Mujer,30 a 39,129499,19853009,6265,1507.02837524243,5638.5,1356.32553771565,0.0490748154853085,0.0115626749619741,0.235613213165022,4,0.666666666666667,0.471404520791032,50.7150874845366,36.1970447402491,3.58505539345592,80.4976727165794,0.032395778803702,0.00156698077021302,0.0627697562701239,36.2298113217819,3.63276848910063,80.5573175062344
2009,NOA1,Mujer,40 a 49,98086,18030170,10298,2470.43830895718,9268.2,2223.3944780596,0.0945889124755062,0.0212569489087055,0.224729816131568,11,1.83333333333333,0.781735959970572,46.1550939869203,85.6007809567679,19.2514070883511,155.136345438771,0.0304321747144065,0.00150299765078377,0.0592845728665535,85.6331142802802,19.2624906469877,155.143369999693
2009,NOA1,Mujer,50 a 59,77283,15472940,13772,2844.2122671365,12394.8,2559.79104042304,0.159988641204032,0.0295843452058074,0.184915285130016,60,10,1.82574185835055,41.9936509794637,419.609739490855,267.414459063291,566.512271425807,0.0467019006097599,0.0021477445218587,0.0930410350751508,419.660239827425,267.429030495975,566.524838307405
2009,NOA1,Mujer,60 a 69,53312,12427237,5584,1391.85519868563,5025.6,1252.66967881548,0.0921773261678986,0.0222460577244783,0.241339802848671,107,17.8333333333333,2.4381231397213,38.7722836625193,690.961677582343,506.319584680695,876.067828706985,0.0717217335623117,0.00390738044165752,0.137975276665352,691.053015824073,506.346296898517,876.141934408774
2009,NOA1,Mujer,70 a 79,31617,8885135,7439,1608.06103263813,6695.1,1447.25492937259,0.289017914957911,0.0511918368324479,0.177123403716697,148,24.6666666666667,2.86744175568088,37.9917924303777,937.66419069161,728.433511651795,1153.45922708589,0.0930605260985051,0.00465878951345168,0.180432127683076,937.781112878414,728.472797879169,1153.61984625498
2009,NOA1,Mujer,80+,14389,6179480,1939,841.308060235659,1745.1,757.177254212903,0.127556465170675,0.0516336429359869,0.404790481351921,121,20.1666666666667,2.59272486435067,27.6229305313704,557.228670437919,418.224963266367,697.456326278605,0.0983601244886133,0.00488564099963958,0.195133173864149,557.340620904967,418.34309451938,697.52674384875
2009,NOA1,Varón,30 a 39,124318,19954294,3691,1109.16228368627,3321.9,998.246055318555,0.0350633312222926,0.0104425817368184,0.297820582722592,6,1,0.577350269189626,45.3386501397284,46.883734148895,5.62569404083938,98.067403579696,0.00834238028435513,0.000372373228654791,0.0161671811282824,46.889631316946,5.63675060126587,98.069909116783
2009,NOA1,Varón,40 a 49,92917,17638861,4573,1476.75136165868,4115.7,1329.07622549309,0.0587789203084833,0.0183026833930041,0.311381755516229,17,2.83333333333333,0.97182531580755,41.0383393552881,116.949972352418,41.3696100564129,195.972909326241,0.0435662786232084,0.00224220147110038,0.0848907835629761,116.97962191001,41.4291554700484,196.004387814889
2009,NOA1,Varón,50 a 59,72593,14607511,13256,2906.94238657964,11930.4,2616.2481479226,0.185148284370781,0.0359464366435319,0.1941494449473,75,12.5,2.04124145231932,37.2275117125716,465.332739883468,316.809393478774,615.619644649424,0.0755896917944568,0.00369154169338577,0.146415159353167,465.423004423304,316.92064148769,615.736716911594
2009,NOA1,Varón,60 a 69,48821,10931079,7288,1717.96609044011,6559.2,1546.1694813944,0.137960625946492,0.0312759784072211,0.226702207188822,155,25.8333333333333,2.93446947694317,35.0931757395918,904.897864122446,702.890019820937,1108.2681283167,0.102115639730438,0.00474644758843455,0.199122600456754,904.985072211014,703.053118073777,1108.28803132296
2009,NOA1,Varón,70 a 79,26751,6706065,4873,1272.61691925713,4385.7,1145.3552273334,0.137237537941609,0.0352620332174651,0.256941604653882,142,23.6666666666667,2.80871659105879,37.5978720540069,892.023552498284,680.028861596458,1096.10783643997,0.143288880965605,0.00707895095703343,0.28360134615209,892.191803335408,680.21378635169,1096.16783087339
2009,NOA1,Varón,80+,9252,3251379,2349,1219.52947345017,2114.1,1097.57652610619,0.23175838631879,0.0988002179932566,0.426306981001129,71,11.8333333333333,1.98606254796883,23.5385723736154,278.675452505736,185.128274333497,371.722442500121,0.241675715614235,0.011389214787697,0.47103191646682,278.936794734531,185.366663824076,371.951137671585
2009,NOA2,Mujer,30 a 39,182774,19853009,13714,2375.01431710125,12342.6,2137.51288539153,0.0853403213762204,0.0141725886372408,0.16607142331655,7,0.777777777777778,0.509175077217316,50.7150874845366,41.0781097285065,4.10887354924798,91.7740496208647,0.0321713874332326,0.0016262344242993,0.0627760174069544,41.0900307756088,4.14251821171614,91.7966765248045
2009,NOA2,Mujer,40 a 49,139271,18030170,12104,2455.05766667832,10893.6,2209.55190000939,0.0934279024691464,0.0179788583241685,0.192435641270078,18,2,0.816496580927726,46.1550939869203,93.3769705082336,23.6078783322133,168.405031794496,0.0301165044476921,0.0014224539470558,0.0592083298557875,93.4100610122502,23.6331050072923,168.4274208876
2009,NOA2,Mujer,50 a 59,118443,15472940,16293,2901.1777367872,14663.7,2611.05996310355,0.155099213064816,0.0254909289825439,0.164352406945425,102,11.3333333333333,1.9436506316151,41.9936509794637,474.601005487818,313.92385385206,642.203253737683,0.0483094591833736,0.00228689899697844,0.0935242949002327,474.632916839602,313.935529049688,642.255113404416
2009,NOA2,Mujer,60 a 69,83603,12427237,19614,3380.13117630271,17652.6,3042.11805867052,0.239776694149767,0.0349136592682394,0.145609060930801,181,20.1111111111111,2.58915115505134,38.7722836625193,779.897694053474,585.167924590162,975.410586597624,0.0696487256027887,0.00358865698545837,0.138103684328341,779.941607354194,585.240946519752,975.466848652704
2009,NOA2,Mujer,70 a 79,53928,8885135,6791,1461.44412664333,6111.9,1315.29971397853,0.162382103669067,0.033163893648698,0.204233674150975,224,24.8888888888889,2.88032919929238,37.9917924303777,944.086863203018,733.371693194864,1155.85962507439,0.093591476082872,0.00452420578362329,0.180413080600641,944.205717900592,733.514367345666,1155.93126443761
2009,NOA2,Mujer,80+,27423,6179480,4156,1485.89793154806,3740.4,1337.30813839302,0.174662619659117,0.056055766158508,0.320937395007071,228,25.3333333333333,2.90593262902712,27.6229305313704,700.841088237546,544.871379000453,858.465811729932,0.101507481081565,0.00463848945751011,0.194560125002258,700.959111377957,545.065446292306,858.654793682115
2009,NOA2,Varón,30 a 39,179721,19954294,7057,2454.27436834356,6351.3,2208.84693150772,0.0488772086437235,0.016362064000898,0.334758560378614,5,0.555555555555556,0.430331482911935,45.3386501397284,27.5056651885939,2.20251638982974,64.4117100871981,0.00833959426514188,0.000419712649765991,0.0161735853228929,27.5111102744435,2.20823916171451,64.4253417080562
2009,NOA2,Varón,40 a 49,135947,17638861,8601,2036.52022377892,7740.9,1832.86820140063,0.0772475526150346,0.0176041207613982,0.227892278337009,29,3.22222222222222,1.0363754503432,41.0383393552881,131.288046046148,48.0507040001392,214.950656723006,0.0433923746369373,0.00229455348406413,0.0850741729569347,131.340621634347,48.1101413685857,214.952192454759
2009,NOA2,Varón,50 a 59,115891,14607511,16208,3346.7030949434,14587.2,3012.03278544648,0.173576553742905,0.0317113762613504,0.182693892565237,124,13.7777777777778,2.14303350244288,37.2275117125716,512.465299673379,355.204570917948,668.955871555473,0.074726881197239,0.00417315484768458,0.146314893379748,512.521003383575,355.331913862883,669.09456605502
2009,NOA2,Varón,60 a 69,76645,10931079,12105,2620.79608792701,10894.5,2358.71647913477,0.187026832157388,0.0361355864564099,0.193210706932152,254,28.2222222222222,3.06714972040939,35.0931757395918,989.964565624021,772.04327709451,1202.68579841093,0.102410218807567,0.00543320229146711,0.199133974831073,990.073735191752,772.052601240726,1202.87038876744
2009,NOA2,Varón,70 a 79,41190,6706065,4617,1621.16261229476,4155.3,1459.04635106646,0.147345838800043,0.0476707782420944,0.323529857580753,258,28.6666666666667,3.09120616516523,37.5978720540069,1079.39139749103,848.963647848503,1309.76694714395,0.1480577404806,0.00769498574613897,0.283219510095751,1079.57501472219,849.059417579261,1310.05199732303
2009,NOA2,Varón,80+,16022,3251379,2070,1223.56048863971,1863,1101.20443977635,0.192957017089591,0.0963886482859616,0.499534299088008,152,16.8888888888889,2.37268405600696,23.5385723736154,397.449995408132,288.336705540009,509.099281764064,0.236328087423361,0.012800935867336,0.469864446156837,397.692297136114,288.580300989697,509.467454964204
2009,Patagonia,Mujer,30 a 39,178565,19853009,11793,1681.59200340872,10613.7,1513.43280306931,0.0721152082186755,0.00990392570456062,0.137334772362147,2,0.111111111111111,0.192450089729875,50.7150874845366,9.2431163675049,0.455528647035396,26.3947881571113,0.0315993809371927,0.00146835688078476,0.0626413412520017,9.27935964279096,0.481862419861154,26.4292609069817
2009,Patagonia,Mujer,40 a 49,142195,18030170,12285,1598.83960495727,11056.5,1438.9556444612,0.0874425630521263,0.0110070138597662,0.125877072624286,17,0.944444444444444,0.561083607686782,46.1550939869203,45.2714072895693,5.26373867551157,94.7778343539308,0.0304048346116754,0.0015463963950421,0.0590877581039854,45.3087127286177,5.29019725741304,94.7815981819689
2009,Patagonia,Mujer,50 a 59,107786,15472940,14546,1929.09213932109,13091.4,1736.18292538644,0.131653894889278,0.0162088544366401,0.123117166038057,52,2.88888888888889,0.981306762925316,41.9936509794637,120.962188162532,40.5058033706981,199.902422305677,0.0476112270583529,0.00227385770145937,0.0931803507654167,121.013071881594,40.5373315911262,199.965637169244
2009,Patagonia,Mujer,60 a 69,72420,12427237,13578,1694.99817410208,12220.2,1525.4983566933,0.176592485549133,0.0199298846828546,0.112858056337338,107,5.94444444444445,1.40765105103555,38.7722836625193,229.802318410327,122.929065622803,338.012320217853,0.0717805119026584,0.00351277885528092,0.137711084054288,229.870932553209,123.028864934408,338.119845268434
2009,Patagonia,Mujer,70 a 79,42980,8885135,7686,1192.4325777182,6917.4,1073.18931994499,0.199050414364641,0.0271854670638838,0.136575787348439,170,9.44444444444444,1.77430215807459,37.9917924303777,357.121617712491,227.214661185653,489.350811576603,0.0928962805669177,0.00482327179341658,0.180206264369977,357.242005722861,227.223973093867,489.500263889793
2009,Patagonia,Mujer,80+,21364,6179480,2762,635.477765438325,2485.8,571.929988894693,0.164600715137068,0.0360981130406818,0.219307145844547,224,12.4444444444444,2.03670030886926,27.6229305313704,343.076126988002,234.81514074833,452.065013992747,0.100525374231063,0.00518268612831673,0.19498625495287,343.191137882301,234.954941654462,452.185386343351
2009,Patagonia,Varón,30 a 39,179114,19954294,6226,1173.69677078943,5603.4,1056.32709371112,0.0443689574078913,0.00821067206468685,0.185054428689968,2,0.111111111111111,0.192450089729875,45.3386501397284,8.05163041088954,0.437082761983087,23.1420643411134,0.00831818175959737,0.000433697500255059,0.0161746071882363,8.05924798578607,0.447557298887588,23.1508543674715
2009,Patagonia,Varón,40 a 49,141752,17638861,9376,1773.68070561282,8438.4,1596.31263505257,0.0878844371309247,0.0156192487404998,0.177724853801262,19,1.05555555555556,0.59317101400174,41.0383393552881,44.1476717328418,5.5878915980938,91.4624652178493,0.0435055391030928,0.00208320625289167,0.0852492454743496,44.1748100979099,5.61973300973743,91.487036607493
2009,Patagonia,Varón,50 a 59,109337,14607511,12651,1887.76379654855,11385.9,1698.98741689316,0.117955597915609,0.0167413380209929,0.141929152298227,78,4.33333333333333,1.20185042515466,37.2275117125716,162.162438346311,73.3149546749421,248.907451382591,0.0746358349312815,0.00379938808332641,0.145650612706962,162.233397185949,73.4236934062857,248.942341871607
2009,Patagonia,Varón,60 a 69,69729,10931079,11545,1577.75230628237,10390.5,1419.97707565597,0.173600320785926,0.0218388454215319,0.125799568357148,178,9.88888888888889,1.81557051537424,35.0931757395918,347.011156615514,222.146907458558,470.160788074032,0.102172057902397,0.00509574832066469,0.198432356759829,347.088322016367,222.238093610016,470.278547394093
2009,Patagonia,Varón,70 a 79,35249,6706065,10592,1646.62803176213,9532.8,1481.96522858588,0.293199643219635,0.0370147985134447,0.126244350460266,238,13.2222222222222,2.09938262529902,37.5978720540069,495.833886800627,339.843098108733,647.320277542196,0.142610914094331,0.0074923266411741,0.282856885795757,495.952854047133,340.059323903194,647.585928318658
2009,Patagonia,Varón,80+,12397,3251379,2343,734.740275675825,2108.7,661.266248108358,0.183285528031291,0.0521765168373661,0.284673413104708,148,8.22222222222222,1.65551826952793,23.5385723736154,193.580303474555,117.585116123958,269.045846828203,0.238985507479924,0.0127498981658601,0.47002243225327,193.814147923096,117.797826084347,269.338741027584
2013,Centro,Mujer,30 a 39,2034559,19853009,131043,21320.5804193817,117938.7,19188.5223774331,0.0649235183275817,0.010172631402476,0.156686385219427,52,3.46666666666667,1.07496769977314,50.7150874845366,174.42174145358,68.7826024733269,285.125112674229,0.0323923899607474,0.00159764280723285,0.0627954532866726,174.468530575726,68.8337096282612,285.141064130706
2013,Centro,Mujer,40 a 49,1635582,18030170,151029,23632.6942219594,135926.1,21269.4247997497,0.0837211236063017,0.0125432576316087,0.149821897883183,127,8.46666666666667,1.67994708911389,46.1550939869203,391.787475584802,239.295787867631,545.001528238772,0.0302149865244957,0.0014063104726624,0.059188714636379,391.820947459566,239.304133264769,545.026826046162
2013,Centro,Mujer,50 a 59,1438612,15472940,191416,27494.4476185208,172274.4,24745.0028566699,0.134449778316108,0.0176765482195182,0.13147324183725,460,30.6666666666667,3.19722101554181,41.9936509794637,1288.67597659707,1019.75191373374,1556.34283780362,0.0477850886705166,0.00249953816249339,0.0934116021176905,1288.70661468716,1019.79434741228,1556.34799764901
2013,Centro,Mujer,60 a 69,1193578,12427237,219209,28503.8516360499,197288.1,25653.4664724648,0.160260803025725,0.0187301322564312,0.116872821693179,1164,77.6,5.08592829940284,38.7722836625193,3006.92212699918,2623.30339147872,3385.96116167463,0.0704561861401169,0.00331190489558764,0.138015412313192,3006.97895902927,2623.37485486479,3385.97476389624
2013,Centro,Mujer,70 a 79,817149,8885135,159292,22102.7617314744,143362.8,19892.4855583241,0.18348676927015,0.022637387909056,0.123373407244021,1707,113.8,6.15900424852373,37.9917924303777,4319.30615009992,3862.40455471905,4800.91613380277,0.0930303987593951,0.00456098984857665,0.180114299409495,4319.45137658971,3862.54930385344,4801.09103510356
2013,Centro,Mujer,80+,550404,6179480,50609,13607.360610598,45548.1,12246.6245495251,0.109504576304193,0.027312937200504,0.249422792382954,2622,174.8,7.63326055278258,27.6229305313704,4829.42805256117,4421.07648958337,5240.69707040312,0.100200116859655,0.00485669219418429,0.195006741291578,4829.51354525935,4421.2136232023,5240.71585611197
2013,Centro,Varón,30 a 39,1997173,19954294,81048,16216.4220667105,72943.2,14594.7798600286,0.040387199580089,0.00795324099627873,0.196924794959037,62,4.13333333333333,1.17378779077727,45.3386501397284,186.970217874611,82.5393877823741,292.353711823244,0.00821470778979029,0.000386493949739882,0.0161329664306491,186.978986685968,82.5478571662326,292.363357889159
2013,Centro,Varón,40 a 49,1559774,17638861,123089,23024.7351546598,110780.1,20722.2616392069,0.0781949946213638,0.0139626508126939,0.178561951187591,233,15.5333333333333,2.27547308878347,41.0383393552881,636.772232553689,453.873141839552,819.259935035041,0.0439293887589957,0.00213555665263307,0.0850786650070149,636.807864590869,453.885445051947,819.293396988959
2013,Centro,Varón,50 a 59,1313514,14607511,152525,22838.6435333379,137272.5,20554.7791799993,0.118604711442507,0.0167576952286248,0.141290299725977,766,51.0666666666667,4.12579958580421,37.2275117125716,1900.85437020941,1596.21219967683,2196.39752182473,0.0748089351389487,0.00357162111431043,0.145997197008975,1900.91374789406,1596.28666747581,2196.48911995531
2013,Centro,Varón,60 a 69,1003542,10931079,197182,26491.317643325,177463.8,23842.1858789744,0.1783097012226,0.0217771179999256,0.122130864729223,1744,116.266666666667,6.225396015962,35.0931757395918,4079.62970430686,3650.30568378468,4506.68048153855,0.102749581675328,0.00508418905442321,0.199207489068529,4079.77048342446,3650.33634628384,4506.87524949474
2013,Centro,Varón,70 a 79,573207,6706065,137036,22946.7894901259,123332.4,20652.1105411398,0.254204505637199,0.0351588772274283,0.138309417999093,2054,136.933333333333,6.75606723208439,37.5978720540069,5150.89268074974,4647.60266605018,5648.856835518,0.145918193753703,0.00783448076229767,0.282088221961341,5150.97418218506,4647.81282563806,5648.92412655597
2013,Centro,Varón,80+,257595,3251379,15898,4221.14862340083,14308.2,3799.03376106159,0.0617589930852304,0.0170304554853114,0.27575668958541,1767,117.8,6.26631204670392,23.5385723736154,2773.49615887407,2479.01419073085,3063.85562530968,0.235589406041668,0.0119545934050357,0.46975394434069,2773.79874464119,2479.22247766937,3064.23273614513
2013,Cuyo,Mujer,30 a 39,243878,19853009,12951,3166.80442232488,11655.9,2850.12398009295,0.0626782603084468,0.0147004552823224,0.234538342480786,11,0.916666666666667,0.552770798392567,50.7150874845366,48.1400281901114,5.58837616532463,101.609043161506,0.0324226071786371,0.00153441802484502,0.0628286425026132,48.1607937268315,5.61920554510468,101.641684804877
2013,Cuyo,Mujer,40 a 49,189911,18030170,14547,3049.58108919595,13092.3,2744.62298027495,0.0835106586551341,0.0168887883057493,0.202235122770296,25,2.08333333333333,0.833333333333333,46.1550939869203,96.0301877942226,24.3862426091508,172.74381927741,0.0308374071642301,0.00147493377969606,0.0593490136029888,96.0553743137873,24.3929660584067,172.752628218749
2013,Cuyo,Mujer,50 a 59,163333,15472940,15349,3242.05035648845,13814.1,2917.84532083464,0.110343312671736,0.0218127129924219,0.197680425431066,113,9.41666666666667,1.77169096878911,41.9936509794637,395.451607050775,249.703534628129,540.870383789987,0.0483866194919104,0.00245538261024487,0.0931991807532843,395.501033844662,249.7945455904,540.935081245698
2013,Cuyo,Mujer,60 a 69,133729,12427237,20737,3412.9606804996,18663.3,3071.66461245031,0.148914457148784,0.0228157626949902,0.153213886225931,357,29.75,3.14907393794853,38.7722836625193,1152.9293671949,919.364987983756,1387.65858166831,0.0713306791977885,0.00380343449433173,0.137484915417187,1153.01344933266,919.444296151745,1387.77492858987
2013,Cuyo,Mujer,70 a 79,82767,8885135,14053,2515.47923204068,12647.7,2263.93130883671,0.17856416772554,0.0298922030237577,0.167403143668237,449,37.4166666666667,3.53160335006952,37.9917924303777,1424.20072509134,1167.46795799222,1684.71855787032,0.0922834480873568,0.00482927059329201,0.180365951239776,1424.27387044587,1167.63270537145,1684.86059292562
2013,Cuyo,Mujer,80+,47919,6179480,8638,2902.519011057,7774.2,2612.2671099471,0.233228332283323,0.0632249968861872,0.271086262407357,492,41,3.69684550213647,27.6229305313704,1132.87364988654,937.91353897889,1333.49924870365,0.0997436451187808,0.00521553988032084,0.195312177775411,1133.01276726909,938.01452593103,1333.6536430245
2013,Cuyo,Varón,30 a 39,240372,19954294,3722,1399.0235920407,3349.8,1259.1212328368,0.019317670668835,0.00722935371573898,0.374235270891228,7,0.583333333333333,0.440958551844098,45.3386501397284,28.9240399744716,2.69348582860086,65.871378055281,0.00834012999078931,0.000434898075444592,0.0161989616694843,28.9310960735371,2.69917202604492,65.8763888336507
2013,Cuyo,Varón,40 a 49,181792,17638861,15474,3992.29400796341,13926.6,3593.0646071684,0.0931551381614593,0.0224902304725569,0.24142769702704,43,3.58333333333333,1.092906420717,41.0383393552881,146.949461886095,59.5452662868683,237.365195340725,0.0432420743036037,0.00221920051413561,0.0850496072854878,147.010327343877,59.5649151320408,237.380107294957
2013,Cuyo,Varón,50 a 59,150889,14607511,19768,3985.56158737425,17791.2,3587.00542864012,0.144113144273529,0.0264149527781576,0.183293154217922,188,15.6666666666667,2.28521820013368,37.2275117125716,583.65527742496,412.51051738264,749.707989123167,0.0751411238341369,0.00390606930293158,0.146033452023805,583.729338550466,412.592151471731,749.807970730673
2013,Cuyo,Varón,60 a 69,116940,10931079,17666,3448.89198268372,15899.4,3104.00278441469,0.181039135533972,0.0318678981667111,0.176027675301903,454,37.8333333333333,3.55121262544375,35.0931757395918,1328.20380694051,1081.24825658129,1571.81064046405,0.102492117319549,0.0051405848089715,0.198977363671942,1328.28513130298,1081.32175246136,1571.95350133898
2013,Cuyo,Varón,70 a 79,63079,6706065,11509,2809.78961221409,10358.1,2528.81065099386,0.193526147637464,0.0428968192453146,0.221659035582488,509,42.4166666666667,3.76017139089283,37.5978720540069,1592.53824156921,1312.88772106794,1866.74743011188,0.145277491399558,0.0080767063447889,0.282494629341594,1592.67679489592,1313.08582760958,1866.84079517855
2013,Cuyo,Varón,80+,26705,3251379,5831,2323.76112934008,5247.9,2091.38501640339,0.327666083916084,0.0951629487762216,0.290426606375877,354,29.5,3.13581462037113,23.5385723736154,694.120499257643,549.330879149103,840.159078967669,0.241876493123334,0.0114067641252127,0.467464263616401,694.390484183869,549.69820292657,840.443900827278
2013,NEA,Mujer,30 a 39,264248,19853009,19135,5326.32564644916,17221.5,4793.69308180045,0.0787927729254645,0.0205275007080051,0.260525171863458,13,1.08333333333333,0.600925212577332,50.7150874845366,56.3306744434196,7.27496792471569,114.411483168656,0.0325462619643333,0.00161308840780001,0.0628609598641535,56.3631767710211,7.29735076558979,114.449261988468
2013,NEA,Mujer,40 a 49,207337,18030170,12682,2669.90476432657,11413.8,2402.91428789047,0.0718440979675078,0.0146632657138618,0.2040984037477,60,5,1.29099444873581,46.1550939869203,230.159676092795,112.976322859917,348.269711586243,0.030766283533852,0.00145905561919333,0.059120092049125,230.191226147744,113.001254809907,348.321714159018
2013,NEA,Mujer,50 a 59,174096,15472940,16872,3219.48896634866,15184.8,2897.54006971372,0.111430081014442,0.0200986469565154,0.180370029111893,165,13.75,2.14087209644419,41.9936509794637,576.066124415396,397.500695091417,750.513597170326,0.0486073414506605,0.00255503744323802,0.0932359770411591,576.094954654822,397.553616948615,750.556699855548
2013,NEA,Mujer,60 a 69,117768,12427237,19289,3605.21768017497,17360.1,3244.69591216224,0.18618326505223,0.0304942201486281,0.163786042424778,344,28.6666666666667,3.09120616516523,38.7722836625193,1111.33348821898,879.152321548258,1346.45317726667,0.0712927484825018,0.00379732557588555,0.137813683994488,1111.4018899929,879.247327097637,1346.47490140287
2013,NEA,Mujer,70 a 79,70930,8885135,11671,2671.62805310476,10503.9,2404.46524779604,0.168764460154242,0.0349590229914194,0.207146830318828,463,38.5833333333333,3.58623913189167,37.9917924303777,1467.44672281561,1202.03695201026,1730.99703153309,0.0922463573445162,0.00423788509508363,0.18067003206154,1467.52616614144,1202.21708919963,1731.14255496597
2013,NEA,Mujer,80+,37366,6179480,4433,1565.30719405445,3989.7,1408.77647464941,0.167381272025508,0.0538504761380423,0.321723425126294,404,33.6666666666667,3.34995854037363,27.6229305313704,928.463962292466,749.438021807405,1112.78156588085,0.0986119767361058,0.00531032650907706,0.19503108285579,928.602937805586,749.518700861113,1112.86197128546
2013,NEA,Varón,30 a 39,250616,19954294,7065,2273.53739858809,6358.5,2046.18365872739,0.0372131540906085,0.0117497637218907,0.315742215596179,11,0.916666666666667,0.552770798392567,45.3386501397284,43.7620744681715,5.10172304984118,91.6756930727473,0.00826242695487548,0.000374480140847248,0.0161776614065274,43.765950164765,5.10937873244992,91.6887541571068
2013,NEA,Varón,40 a 49,197662,17638861,7928,2491.55938110656,7135.2,2242.4034429957,0.0457402207777222,0.0141030815581984,0.308329984385805,65,5.41666666666667,1.34370962471642,41.0383393552881,222.790895268594,117.15073171892,329.923283799009,0.0436354651615271,0.00222497558989212,0.085116614547311,222.830877996577,117.199391287038,329.941484053141
2013,NEA,Varón,50 a 59,170630,14607511,15326,4029.64076375218,13793.4,3626.67668737746,0.109997846838441,0.0268080127386391,0.243713977220056,210,17.5,2.41522945769824,37.2275117125716,650.222871700735,475.593802706597,826.844586340398,0.0759825255354955,0.00392158899962412,0.146041601586147,650.304880430889,475.624698320057,826.876954782096
2013,NEA,Varón,60 a 69,113051,10931079,13256,2705.83754324289,11930.4,2435.25378891781,0.143414915612829,0.0278735819436092,0.194356227345685,418,34.8333333333333,3.40750805004348,35.0931757395918,1223.94045576804,986.509798632379,1453.4018242761,0.101990284411998,0.00545543269079476,0.199166730272379,1224.05939452897,986.594797008255,1453.52179846375
2013,NEA,Varón,70 a 79,57419,6706065,11656,2571.70456866222,10490.4,2314.53411179654,0.243097814752161,0.0485390237168755,0.199668696184543,436,36.3333333333333,3.48010216963685,37.5978720540069,1365.5007302266,1107.8238034378,1620.48380050066,0.143782379257723,0.00739279941945559,0.282868925753577,1365.62138013712,1108.02357461407,1620.70911926529
2013,NEA,Varón,80+,22412,3251379,1864,1051.72137076931,1677.6,946.549233692231,0.126477683956574,0.0658428154294027,0.520588402393656,268,22.3333333333333,2.72845092395748,23.5385723736154,525.566708501683,400.339532987421,651.741076543642,0.238701150542596,0.0111343880712079,0.469680584296087,525.79903408059,400.646738750266,652.110305798389
2013,NOA1,Mujer,30 a 39,145090,19853009,11415,2281.78176059279,10273.5,2053.60358453108,0.0838625677528897,0.0161151101137209,0.192160943142188,6,1,0.577350269189626,50.7150874845366,52.1057893466481,6.25869579240616,109.425068058778,0.0323425187996024,0.00178614998389822,0.0627445112258544,52.1413842017581,6.29521829826158,109.471976109406
2013,NOA1,Mujer,40 a 49,108229,18030170,13935,3591.22466192857,12541.5,3232.10219573727,0.131243524942706,0.0304755484644523,0.232206110570075,18,3,1,46.1550939869203,139.99118234304,50.8593640558624,229.790761030769,0.0310368010511943,0.00149646832422351,0.0592810943501438,140.023174815041,50.8786159463255,229.792000264063
2013,NOA1,Mujer,50 a 59,86032,15472940,10632,2707.57901877532,9568.8,2436.82111689962,0.12198256080771,0.0287696558861547,0.235850564995978,54,9,1.73205080756888,41.9936509794637,377.201471863786,235.983423540956,522.412802014768,0.0473766560290214,0.00229991561809977,0.0932764574560145,377.253279864779,236.050715360435,522.458920819488
2013,NOA1,Mujer,60 a 69,62487,12427237,14003,2871.52234789718,12602.7,2584.37011310596,0.247816340576148,0.0426623975038095,0.172153286601778,127,21.1666666666667,2.65622957508487,38.7722836625193,821.391062664652,623.578649891998,1027.67685028593,0.0708726209121115,0.00350241665903486,0.137951188051533,821.420965052853,623.68483260505,1027.77296568491
2013,NOA1,Mujer,70 a 79,36383,8885135,3387,1678.33715360373,3048.3,1510.50343824245,0.103174818074124,0.0473915014727244,0.459332057544088,142,23.6666666666667,2.80871659105879,37.9917924303777,899.356250387523,687.031895495932,1108.06166957903,0.092724619849147,0.0046103265485991,0.180374869114987,899.496307214687,687.142787919245,1108.20715016037
2013,NOA1,Mujer,80+,19050,6179480,4813,2055.05229833073,4331.7,1849.54706849766,0.262400048461352,0.0878728121531526,0.334881082028821,117,19.5,2.54950975679639,27.6229305313704,538.28602884388,399.766590437893,676.663829005171,0.0995929297013701,0.00498300635364557,0.194618054605735,538.381168400303,399.882341971681,676.845191555742
2013,NOA1,Varón,30 a 39,138418,19954294,5560,1764.86468086175,5004,1588.37821277672,0.0472280423580044,0.0146933675918346,0.311115321707682,7,1.16666666666667,0.623609564462324,45.3386501397284,53.7203741158529,7.59590078687535,108.211192017325,0.00818303113374865,0.000439562942151907,0.0161816010935298,53.7255433516424,7.60215381702883,108.222699010872
2013,NOA1,Varón,40 a 49,102208,17638861,8489,2148.8561261515,7640.1,1933.97051353747,0.0821109988607785,0.0199998192350319,0.243570526634832,25,4.16666666666667,1.17851130197758,41.0383393552881,170.598786411287,76.9569675984943,263.584748033858,0.043864563238237,0.00196053001392488,0.0850681119656105,170.640741824479,77.0090072180562,263.601815643762
2013,NOA1,Varón,50 a 59,79610,14607511,8776,2591.56818896013,7898.4,2332.41137006363,0.112642792966243,0.0310214958863718,0.275397076630267,93,15.5,2.27303028283098,37.2275117125716,577.280989178439,405.604433657753,746.077865278707,0.0742776248760933,0.00369901075147383,0.145540157076953,577.354186373074,405.610483700287,746.140670759159
2013,NOA1,Varón,60 a 69,56073,10931079,8906,2288.80500667843,8015.4,2059.9245060138,0.176418541180614,0.040642566091913,0.230375820023951,126,21,2.64575131106459,35.0931757395918,736.835814989893,555.904953483596,918.829045184127,0.102238593104657,0.00520878757944955,0.19925708704869,736.942563638122,556.068003214223,918.96973246303
2013,NOA1,Varón,70 a 79,30223,6706065,2046,1239.81145699697,1841.4,1115.83031129745,0.0751499816349018,0.0433067731988062,0.576271241278564,158,26.3333333333333,2.96273147243853,37.5978720540069,992.219896827365,770.045492389375,1209.39844254914,0.145447771272828,0.00741649490649603,0.282628453208751,992.338782238291,770.134297705142,1209.61036578555
2013,NOA1,Varón,80+,11932,3251379,829,599.392762846728,746.1,539.453486561577,0.105950014200511,0.0723980287936978,0.683322502030854,115,19.1666666666667,2.52762514801718,23.5385723736154,449.926395897534,333.097555028243,569.119034216282,0.241015516514372,0.0114885708495356,0.46970094686943,450.127956175182,333.247601647332,569.518383475394
2013,NOA2,Mujer,30 a 39,206475,19853009,13657,2614.6590494555,12291.3,2353.19314451116,0.0832783397586606,0.0152235426249071,0.182803147481382,9,1,0.577350269189626,50.7150874845366,52.2917599778848,6.82793204949006,106.939180396345,0.0327402421816668,0.00157234538948236,0.0627507576898032,52.3386506152325,6.84478978573563,106.985103390155
2013,NOA2,Mujer,40 a 49,148835,18030170,19541,3381.25504903682,17586.9,3043.12954413121,0.149953957128971,0.0238009769030174,0.158721899433083,23,2.55555555555556,0.922958206990897,46.1550939869203,117.721621855336,33.8713852057198,201.813830653918,0.030524800138918,0.00161353818391604,0.0592896483613906,117.752381178643,33.9103833889077,201.862552682741
2013,NOA2,Mujer,50 a 59,128748,15472940,17002,3585.90151219026,15301.8,3227.31136097102,0.16461336546323,0.0312949492152619,0.190111836467206,86,9.55555555555556,1.78470871157878,41.9936509794637,401.632855940971,253.628734289713,548.824211085172,0.0483456896050846,0.00250101532786054,0.0933548437181054,401.670803250635,253.702188423558,548.858986546498
2013,NOA2,Mujer,60 a 69,96154,12427237,15199,2585.73766322423,13679.1,2327.16389690157,0.166293050000608,0.0263231817178969,0.158293937827231,200,22.2222222222222,2.72165526975909,38.7722836625193,861.317268531205,657.291489011141,1069.75446292342,0.0712294502533537,0.00369340572824638,0.138130329612932,861.386192625394,657.406178778629,1069.8324517563
2013,NOA2,Mujer,70 a 79,57615,8885135,7766,1773.50360361362,6989.4,1596.15324325251,0.164247779292193,0.0346232817857178,0.210799086203313,248,27.5555555555556,3.03070704377463,37.9917924303777,1044.00700896523,820.795351973132,1271.30541676757,0.0943724820338266,0.00491146555210859,0.180393800962999,1044.14891079716,820.95675864644,1271.3664164894
2013,NOA2,Mujer,80+,34120,6179480,4842,1662.36888592219,4357.8,1496.13199733158,0.194076779193017,0.0588075923757284,0.303011996696637,290,32.2222222222222,3.27730693416725,27.6229305313704,890.770029996504,707.778215065186,1066.79797230894,0.0994438023303919,0.00516154325148152,0.194436830976322,890.852404472116,707.968910102448,1066.95568997005
2013,NOA2,Varón,30 a 39,200460,19954294,11985,2812.72364249313,10786.5,2531.45127824378,0.0728010852838746,0.0163593099262595,0.224712445734419,8,0.888888888888889,0.544331053951817,45.3386501397284,42.4011825027582,4.38836711241961,90.7775735183541,0.00842041619736692,0.000488873793111189,0.0161796678518917,42.4052434693913,4.39780335510123,90.7832292704073
2013,NOA2,Varón,40 a 49,145086,17638861,12465,2666.93407527402,11218.5,2400.24066774665,0.101404669577243,0.0205156347253343,0.20231449706275,37,4.11111111111111,1.17062819476142,41.0383393552881,168.027545981098,75.0247768467832,260.435325252341,0.0432002300748596,0.0023032461941589,0.0850697325917689,168.06524659789,75.0856589616534,260.492644737596
2013,NOA2,Varón,50 a 59,123290,14607511,15496,3466.69938283882,13946.4,3120.02944455887,0.152125396773455,0.0307114904418839,0.201882730255879,128,14.2222222222222,2.17732421580727,37.2275117125716,529.524044812642,374.518553700743,686.898932791315,0.0750883829006926,0.00377127606835031,0.14574739058797,529.581128512276,374.571013786841,686.986449697285
2013,NOA2,Varón,60 a 69,89822,10931079,9445,2272.56127733103,8500.5,2045.30514959803,0.156417333701352,0.0347060241118669,0.221880934104983,244,27.1111111111111,3.00616650188193,35.0931757395918,952.343014308981,747.265523854268,1157.37251935637,0.101519920149253,0.00475586693600167,0.198725063632522,952.374646999128,747.390881371133,1157.41753642669
2013,NOA2,Varón,70 a 79,44746,6706065,7989,2264.85848329602,7190.1,2038.37263496962,0.203150340462803,0.0508146702808354,0.250133325718642,259,28.7777777777778,3.09719108105919,37.5978720540069,1080.88679835754,851.598348325684,1310.66277571692,0.145617440124136,0.00702995270000203,0.283107306972409,1081.07320170871,851.640043676431,1310.86511686746
2013,NOA2,Varón,80+,18821,3251379,1485,819.110924580921,1336.5,737.199832122557,0.108517375771354,0.0572299801109452,0.527380796892182,164,18.2222222222222,2.46456366809098,23.5385723736154,429.504798761952,316.373021897102,545.123487502303,0.241003120388723,0.0122501699884375,0.469377831205177,429.734736134892,316.633433511978,545.292524969261
2013,Patagonia,Mujer,30 a 39,203346,19853009,14946,2184.09480822468,13451.4,1965.68532740141,0.0775842379079237,0.0108496270700931,0.139843186743284,5,0.277777777777778,0.304290309725092,50.7150874845366,17.5601771595703,1.22347148276786,45.9100260177744,0.0320201412663431,0.00172345706726074,0.0627738848356684,17.5769003592144,1.25300534417668,45.9116876341832
2013,Patagonia,Mujer,40 a 49,156604,18030170,16036,2619.52055637545,14432.4,2357.56850073655,0.103140878588427,0.0156817276907411,0.152041827695859,16,0.888888888888889,0.544331053951817,46.1550939869203,42.5398309128312,4.87668693217948,90.8813623745434,0.0305341283530683,0.00163099673855956,0.0592880254977757,42.5872324943816,4.911670467846,90.8826135851775
2013,Patagonia,Mujer,50 a 59,125629,15472940,17085,2326.18860146959,15376.5,2093.5697413213,0.135886423287998,0.0171099070233187,0.12591329294948,49,2.72222222222222,0.95257934441568,41.9936509794637,114.624464238743,37.546224953289,195.868567097013,0.0476096746059877,0.00245587583739572,0.0934692379701435,114.673139717612,37.6003421938849,195.916931052002
2013,Patagonia,Mujer,60 a 69,87021,12427237,12998,1854.2373510325,11698.2,1668.8136159306,0.167725747713131,0.021711816315798,0.129448320319506,123,6.83333333333333,1.50923085635624,38.7722836625193,266.724616495244,152.846109631125,381.484256317265,0.0727692954624083,0.00368384249451626,0.138105111173239,266.836218945377,152.895851217333,381.506423565214
2013,Patagonia,Mujer,70 a 79,50118,8885135,9589,1610.06181289064,8630.1,1449.05563160214,0.203847789115646,0.029398454545246,0.144217676692916,196,10.8888888888889,1.90515868883136,37.9917924303777,413.853244817569,270.496706219545,552.987847798963,0.0929265980143256,0.0046360276369759,0.180661960696511,413.924455580729,270.627742973811,553.005652276903
2013,Patagonia,Mujer,80+,27963,6179480,3984,912.409651483916,3585.6,821.168686335509,0.15698086773784,0.0336092871381704,0.214097982910238,263,14.6111111111111,2.20689156289347,27.6229305313704,404.107260602264,284.84627347314,523.360980688171,0.0994093892055773,0.00483611647678928,0.194776592795056,404.246949796938,284.921437268272,523.443286112625
2013,Patagonia,Varón,30 a 39,205186,19954294,9639,1758.22759338103,8675.1,1582.40483404191,0.0502662487035224,0.00894381245834027,0.177928783010886,6,0.333333333333333,0.333333333333333,45.3386501397284,18.1306085959268,1.22962568031789,45.9220870301829,0.00830387854207442,0.000446716057930017,0.0161542035319324,18.1408513924705,1.23519292741566,45.9278618097285
2013,Patagonia,Varón,40 a 49,154890,17638861,11582,2245.35929877765,10423.8,2020.82336890056,0.0794085382576104,0.0146384436441401,0.184343446754445,28,1.55555555555556,0.720082299823096,41.0383393552881,64.5955232853038,13.1570952365464,122.0570398357,0.0434418486656533,0.00225644548684485,0.0849819797808297,64.6592062047547,13.1808869624641,122.135961334462
2013,Patagonia,Varón,50 a 59,124686,14607511,11524,1826.12198099305,10371.6,1643.50978289291,0.103692150805315,0.0156802388615037,0.151219149566526,106,5.88888888888889,1.40105780143539,37.2275117125716,218.271300372716,116.388508195418,319.839132344535,0.0756574693431409,0.00355302192604989,0.14613854226158,218.347134327782,116.427312453265,319.944485259313
2013,Patagonia,Varón,60 a 69,83037,10931079,14020,2358.57188343674,12618,2122.71469509115,0.183174856645133,0.0267796643027818,0.146197271794034,195,10.8333333333333,1.90029237516523,35.0931757395918,380.23875575804,249.835734086461,511.676552120366,0.102646937495719,0.00497798657977115,0.199559185646638,380.360438180532,249.911692421576,511.826512423943
2013,Patagonia,Varón,70 a 79,41144,6706065,7784,1435.09148916715,7005.6,1291.58234025068,0.222732330779258,0.0351066764570915,0.157618233214129,257,14.2777777777778,2.18157265734132,37.5978720540069,535.893884766953,376.878383638862,696.20692967643,0.143811533096132,0.00750451784509577,0.282862304265673,536.110978179175,376.887873572307,696.349602754192
2013,Patagonia,Varón,80+,16160,3251379,2287,711.488014752,2058.3,640.339213277168,0.142729353026836,0.0421289423907314,0.295166631791642,204,11.3333333333333,1.9436506316151,23.5385723736154,266.537103477871,178.08225901726,356.332606549164,0.239616848850933,0.0121190002688788,0.469874361907375,266.750140498008,178.234794008999,356.572086140986
2018,Centro,Mujer,30 a 39,2104266,19853009,217724,30287.0436901979,195951.6,27258.3393211781,0.0970686449783548,0.0129224682572744,0.133127110820966,52,3.46666666666667,1.07496769977314,50.7150874845366,174.858529729865,67.4954406964672,281.929377858255,0.0320732526763624,0.00155308020668927,0.0627978392350766,174.89209693992,67.5053119835609,281.966781917821
2018,Centro,Mujer,40 a 49,1840483,18030170,231200,29303.5612686119,208080,26373.2051417508,0.110046794215456,0.0129879932309211,0.118022458750524,199,13.2666666666667,2.10290803941167,46.1550939869203,612.089179347002,418.635166775303,800.605578634773,0.0301598156711716,0.00144655822318928,0.0592237016599632,612.121727078723,418.639242243129,800.63556315688
2018,Centro,Mujer,50 a 59,1494432,15472940,212270,26348.1842698427,191043,23713.3658428585,0.14455629692293,0.0165595421198901,0.114554277277307,489,32.6,3.29646275068696,41.9936509794637,1370.15499242719,1099.84582236862,1635.51401315238,0.0480785503881509,0.00239648023981816,0.0933603306033944,1370.21945103796,1099.94003608144,1635.59250437547
2018,Centro,Mujer,60 a 69,1280852,12427237,272120,27111.6082051966,244908,24400.4473846769,0.198992476071307,0.017653508879945,0.0887144540762388,1110,74,4.96655480858378,38.7722836625193,2866.81045247417,2495.69028989832,3248.57614505052,0.0702432699414076,0.00376288269539534,0.137761065094808,2866.87356693479,2495.74081540374,3248.66911438191
2018,Centro,Mujer,70 a 79,909193,8885135,136132,17842.9137572834,122518.8,16058.622381555,0.159938906185749,0.0182667446044206,0.114210763597483,1799,119.933333333333,6.32279825534374,37.9917924303777,4558.26963289629,4076.80236762837,5030.98483186928,0.0927256405192689,0.00473199132984013,0.179886609024599,4558.41229554179,4076.89352689171,5031.14040515225
2018,Centro,Mujer,80+,594949,6179480,68547,9845.17184789665,61692.3,8860.65466310699,0.157207072907827,0.0229730889371028,0.146132667647671,2785,185.666666666667,7.86694914747063,27.6229305313704,5126.53287211548,4690.37620598118,5557.4028529768,0.0996149775280307,0.00500166428836966,0.195009585732929,5126.57585523421,4690.45369926358,5557.5098811734
2018,Centro,Varón,30 a 39,2082169,19954294,64103,13489.0164338413,57692.7,12140.1147904572,0.0307243284926186,0.00634267921627316,0.206438334943495,74,4.93333333333333,1.28235893744476,45.3386501397284,223.348471733222,111.270483979699,337.21462721387,0.00833283750265081,0.000427012864026784,0.016154593390693,223.356422932371,111.281636707195,337.223924675024
2018,Centro,Varón,40 a 49,1772184,17638861,226525,34804.0925940803,203872.5,31323.6833346722,0.127168756802949,0.0184174712954214,0.144827013792072,239,15.9333333333333,2.30458480232581,41.0383393552881,654.045592033628,471.706145570337,838.156804282426,0.0439769245350713,0.00216733418842015,0.0849480831264705,654.079882352932,471.750489989325,838.160384290858
2018,Centro,Varón,50 a 59,1374527,14607511,257364,31980.3232219849,231627.6,28782.2908997864,0.17937995830455,0.0203945252355943,0.113694558903669,834,55.6,4.30503581092345,37.2275117125716,2073.35572635388,1757.54967397444,2382.21855716941,0.0756748286368783,0.00376418718191147,0.146810272384262,2073.43728830328,1757.68182419678,2382.34304223317
2018,Centro,Varón,60 a 69,1081293,10931079,239005,23750.8652168671,215104.5,21375.7786951804,0.187944458375673,0.0193145089852318,0.10276711083774,2006,133.733333333333,6.67665917789562,35.0931757395918,4692.54813385898,4242.29287145241,5152.32349466171,0.0993702187966006,0.00469762118362571,0.198760545646216,4692.6364104675,4242.34208900121,5152.33981484951
2018,Centro,Varón,70 a 79,648184,6706065,178050,24822.7600721337,160245,22340.4840649203,0.218074407540371,0.0266247781176329,0.122090337962762,2501,166.733333333333,7.45505048794291,37.5978720540069,6264.95756872401,5708.26047073016,6827.16758513662,0.142749657144926,0.00640994879147213,0.282928142035687,6265.10248082666,5708.46309551663,6827.36204528431
2018,Centro,Varón,80+,282101,3251379,50579,12016.0029460349,45521.1,10814.4026514314,0.195947278025767,0.0429578974938905,0.219231917517331,1940,129.333333333333,6.5659052011974,23.5385723736154,3046.07375273647,2744.22169167183,3350.84768515916,0.239977822124768,0.0120264418628635,0.470602304023025,3046.30735054038,2744.37268793533,3351.11469927723
2018,Cuyo,Mujer,30 a 39,255366,19853009,32792,8794.84289379399,29512.8,7915.35860441459,0.125891200395852,0.0345612168703171,0.274532427696637,6,0.5,0.408248290463863,50.7150874845366,28.4161288952869,2.18627805600098,67.2295093305151,0.0323181177611985,0.00163362320572999,0.0626412680069782,28.452273395099,2.21599005590103,67.2895346314131
2018,Cuyo,Mujer,40 a 49,218796,18030170,38472,6322.97378829706,34624.8,5690.67640946735,0.185713519485953,0.0292655736780416,0.157584508435614,26,2.16666666666667,0.849836585598798,46.1550939869203,100.347919741498,27.1568467466875,178.514625084778,0.0298268549166659,0.00130791419010989,0.0592286873223144,100.37067348715,27.2043081906525,178.556805926191
2018,Cuyo,Mujer,50 a 59,170979,15472940,24758,4766.13551540604,22282.2,4289.52196386544,0.152156129005825,0.0266757374972374,0.175318192382617,105,8.75,1.70782512765993,41.9936509794637,367.965046897635,225.123526900144,509.419879606168,0.0478172445427056,0.00244185085275723,0.0930916637771731,368.015860709603,225.199586236093,509.441205004898
2018,Cuyo,Mujer,60 a 69,146409,12427237,21763,3095.91720119845,19586.7,2786.32548107861,0.17902765844652,0.0259642953698134,0.145029519992127,266,22.1666666666667,2.71825107171668,38.7722836625193,858.973429538432,650.63654341801,1065.700704857,0.0702194792825436,0.00349032918527386,0.137987449828965,858.999075796431,650.773821709522,1065.80945517114
2018,Cuyo,Mujer,70 a 79,97867,8885135,19057,3145.62741931454,17151.3,2831.06467738308,0.215593181989592,0.0323488268201837,0.150045685682887,439,36.5833333333333,3.49205447329283,37.9917924303777,1386.87861905604,1131.67054401766,1649.99980735776,0.0916817667284872,0.00503698119107382,0.180313492971872,1386.94143683972,1131.73534054448,1650.00791860055
2018,Cuyo,Mujer,80+,55455,6179480,4643,1761.19887127267,4178.7,1585.07898414541,0.112041505791506,0.0408952126275747,0.365000562413675,587,48.9166666666667,4.03801381319524,27.6229305313704,1349.80590666699,1130.3132627864,1570.81805168607,0.101359808118694,0.00533569218719952,0.195234692966862,1349.92072039431,1130.50340404023,1570.9533455444
2018,Cuyo,Varón,30 a 39,254618,19954294,11693,3422.17072159232,10523.7,3079.95364943309,0.0540894629447834,0.0159491348724444,0.294865839003169,13,1.08333333333333,0.600925212577332,45.3386501397284,50.5927913885307,6.98883591066393,103.459545490767,0.00830553739310557,0.000389282590571347,0.0161239441801517,50.6069725060454,7.00036951301154,103.463533933257
2018,Cuyo,Varón,40 a 49,211797,17638861,14468,3932.86632905979,13021.2,3539.57969615382,0.0725035357528648,0.0196775833610138,0.271401706919325,50,4.16666666666667,1.17851130197758,41.0383393552881,170.5376927162,76.5467750450319,263.4554778563,0.0431032375696874,0.0020766898125814,0.0848480888613694,170.577501032928,76.5937746668323,263.519982107488
2018,Cuyo,Varón,50 a 59,159267,14607511,23958,5050.87846112742,21562.2,4545.79061501468,0.166295445080286,0.0333073352474773,0.200290123589355,139,11.5833333333333,1.96497102042527,37.2275117125716,431.557463715997,290.096997812885,572.381759007188,0.0739336841338703,0.00369942788003087,0.145983847928219,431.637599691921,290.219398795639,572.501025036034
2018,Cuyo,Varón,60 a 69,127270,10931079,40470,6374.7879665787,36423,5737.30916992083,0.31893766254236,0.0431406096280427,0.135263453316094,372,31,3.21455025366432,35.0931757395918,1085.80670411022,864.218735400052,1309.55449820225,0.101589643888069,0.00512247520639489,0.199145270731601,1085.93843239667,864.341974636679,1309.67816877398
2018,Cuyo,Varón,70 a 79,75323,6706065,24620,5148.19617949936,22158,4633.37656154943,0.306100458639554,0.0550860517383635,0.179960696508559,511,42.5833333333333,3.76755151848577,37.5978720540069,1603.14642668265,1321.20144255768,1883.39406816844,0.148035909984843,0.00624650165056352,0.282370657975394,1603.29691586557,1321.27289093091,1883.48548441604
2018,Cuyo,Varón,80+,30811,3251379,3984,1403.68538823628,3585.6,1263.31684941265,0.156051703877791,0.0594427424647713,0.380916971668075,407,33.9166666666667,3.36237350030534,23.5385723736154,798.707920476432,640.353712170805,952.762513065171,0.243189003924728,0.0113086776129519,0.469849512171775,799.052693026825,640.522043168239,953.037417846163
2018,NEA,Mujer,30 a 39,277078,19853009,27044,4811.08666580478,24339.6,4329.9779992243,0.0956993559649909,0.0153782346210647,0.160693188224699,28,2.33333333333333,0.881917103688197,50.7150874845366,119.066049408099,35.2011907230306,207.824122743414,0.0321611832235391,0.00153889571028176,0.0626279177680697,119.110351212207,35.2298024769709,207.860654751893
2018,NEA,Mujer,40 a 49,231029,18030170,22608,5060.31322117824,20347.2,4554.28189906042,0.118145184703464,0.0250259856167121,0.211824000102294,66,5.5,1.35400640077266,46.1550939869203,253.557657567886,132.971378995106,377.314275052251,0.030811052649565,0.00168178208147491,0.0592408121758869,253.597660480818,133.002544198031,377.323254289584
2018,NEA,Mujer,50 a 59,186819,15472940,35345,4833.80688578812,31810.5,4350.42619720931,0.204584919736571,0.0250913168312638,0.122644996823676,209,17.4166666666667,2.40947204913349,41.9936509794637,731.674845922795,533.144469150108,932.108060255137,0.0478039812221887,0.00214910582838075,0.0932930615580232,731.724741801497,533.187099429416,932.16515424595
2018,NEA,Mujer,60 a 69,140618,12427237,23726,3924.97019403297,21353.4,3532.47317462967,0.192859465317919,0.0287063514225627,0.148845955656061,431,35.9166666666667,3.46008991533778,38.7722836625193,1391.81660658427,1130.34537917662,1659.87206478545,0.0712407835904416,0.00340221976860494,0.137999939451885,1391.86602707845,1130.46118634537,1659.91625683015
2018,NEA,Mujer,70 a 79,81417,8885135,16530,3282.56308844763,14877,2954.30677960286,0.212543753125223,0.0374151131861907,0.176034875812827,500,41.6666666666667,3.72677996249965,37.9917924303777,1583.86279119355,1305.47467340872,1859.99869898094,0.091574840184068,0.00443032614904259,0.179824653164385,1583.92316573638,1305.54354685912,1860.07300676912
2018,NEA,Mujer,80+,45745,6179480,12064,3296.20761336561,10857.6,2966.58685202905,0.33173235563703,0.0667906715678824,0.201339032605437,480,40,3.65148371670111,27.6229305313704,1106.8716301768,905.735672304913,1303.78106949755,0.0987685642518913,0.00498892556249556,0.194725940025761,1106.94870762379,905.834922711055,1303.84619055226
2018,NEA,Varón,30 a 39,261848,19954294,11718,3156.46015531366,10546.2,2840.81413978229,0.0556580572297105,0.0144826465080892,0.260207546381233,29,2.41666666666667,0.897527467855751,45.3386501397284,109.788173061841,31.2728411293817,188.123859568874,0.00821494751726277,0.000405854764776442,0.0161645924047535,109.796043975938,31.2836496489905,188.13571481443
2018,NEA,Varón,40 a 49,217530,17638861,19051,3684.56024339395,17145.9,3316.10421905456,0.0965346200186922,0.0192758288818057,0.199677886317605,95,7.91666666666667,1.62446572413483,41.0383393552881,324.812396436746,194.663065364113,458.051814620761,0.043607139697059,0.00217312191689364,0.0851022121781492,324.868699414263,194.737058905212,458.103733217794
2018,NEA,Varón,50 a 59,178906,14607511,16700,3390.72120734561,15030,3051.64908661105,0.123049465393873,0.0242674117404891,0.197216718193864,297,24.75,2.87228132326901,37.2275117125716,923.060748672628,714.465819471716,1134.34609783453,0.076008343604234,0.00427778137852377,0.146040296988712,923.121346509671,714.500862629306,1134.44337318717
2018,NEA,Varón,60 a 69,132753,10931079,27085,4028.03527635009,24376.5,3625.23174871508,0.189721059103716,0.028457997085131,0.149999147272174,608,50.6666666666667,4.10960933531265,35.0931757395918,1776.81605470823,1497.7878548414,2061.85550558934,0.100458447520747,0.00513449108397316,0.198446315230712,1776.89954009649,1497.93306697195,2061.95416367298
2018,NEA,Varón,70 a 79,67091,6706065,9064,2406.40945381863,8157.6,2165.76850843677,0.185362085028062,0.0402015183816054,0.216881021679915,524,43.6666666666667,3.8151743807532,37.5978720540069,1642.58594705077,1354.93003016739,1926.47372330103,0.145988684944898,0.00748496920438297,0.282748227150132,1642.78147302077,1355.20565037477,1926.49544161852
2018,NEA,Varón,80+,26627,3251379,2648,885.468518053033,2383.2,796.92166624773,0.11545392888286,0.0414136822485163,0.35870310044221,283,23.5833333333333,2.80376730687679,23.5385723736154,554.770190045172,428.500157685256,685.361364219601,0.24300641569435,0.0134519118349374,0.46999307412122,554.984803539906,428.656294476607,685.667539969005
2018,NOA1,Mujer,30 a 39,150166,19853009,13845,3287.60545734562,12460.5,2958.84491161106,0.091496860887763,0.0209009196117475,0.228433187859703,4,0.666666666666667,0.471404520791032,50.7150874845366,36.6323501895515,3.14033061135278,80.34509219062,0.0320077199885376,0.00166914403410978,0.0628365334595525,36.6646839688758,3.16755734820888,80.3767724292028
2018,NOA1,Mujer,40 a 49,127463,18030170,15490,3953.51314814724,13941,3558.16183333252,0.126578715599662,0.0299675445023111,0.236750265321787,17,2.83333333333333,0.97182531580755,46.1550939869203,131.176801103123,45.3010264203749,219.99422699762,0.030446471722048,0.00161935990540107,0.0593194662266256,131.216070463985,45.3208882520293,220.000220613171
2018,NOA1,Mujer,50 a 59,93669,15472940,16855,3019.6571811861,15169.5,2717.69146306749,0.164728303362002,0.0270506927767884,0.164213994952298,74,12.3333333333333,2.02758751009941,41.9936509794637,517.290805727932,349.345619488548,687.50623360672,0.0475044670576297,0.00248352916596931,0.0931283100381115,517.315981802127,349.376813540802,687.586167597485
2018,NOA1,Mujer,60 a 69,71903,12427237,14045,2861.67110084032,12640.5,2575.50399075629,0.201076927971494,0.0366077044810325,0.182058204540614,144,24,2.82842712474619,38.7722836625193,930.96520179025,717.551884198043,1148.79690958042,0.0703657427901693,0.0035180200673959,0.137698304897863,931.050299227321,717.652793795856,1148.84282801588
2018,NOA1,Mujer,70 a 79,43632,8885135,6537,1997.77420534625,5883.3,1797.99678481163,0.173099329175003,0.0487033492520232,0.281360704770752,151,25.1666666666667,2.89635786616379,37.9917924303777,956.584701008691,737.336032483902,1170.72277045482,0.0916217592794778,0.004496542282158,0.1804673078793,956.709808091539,737.44968710121,1170.80773214911
2018,NOA1,Mujer,80+,23539,6179480,1645,882.118314185005,1480.5,793.906482766504,0.118449475958077,0.0616161691683693,0.520189461962477,156,26,2.94392028877595,27.6229305313704,717.720945170374,556.975566569925,879.982899037507,0.0999723566098784,0.00488265496538805,0.194598143365849,717.780031770205,557.077429081359,880.105682811305
2018,NOA1,Varón,30 a 39,143389,19954294,5259,1950.59364302389,4733.1,1755.5342787215,0.040196178343949,0.0142825522130103,0.355321147468247,8,1.33333333333333,0.666666666666667,45.3386501397284,61.4228514627944,11.7970246701433,121.16636900722,0.00833125359237038,0.000443608647615431,0.0161771682677286,61.4279816877568,11.809453079054,121.171439648559
2018,NOA1,Varón,40 a 49,120568,17638861,12761,2640.53317815468,11484.9,2376.47986033921,0.107192257076991,0.021045724001854,0.196336233378666,26,4.33333333333333,1.20185042515466,41.0383393552881,178.25696679857,82.7051976178781,274.718052659641,0.0437609939167185,0.00232647762463614,0.0850255081104996,178.310972969984,82.7596098140312,274.742575538682
2018,NOA1,Varón,50 a 59,86431,14607511,10356,2239.01474050156,9320.4,2015.1132664514,0.119276692133451,0.0254894384662378,0.213700078450527,100,16.6666666666667,2.35702260395516,37.2275117125716,621.23977846359,450.063348802906,793.140852463511,0.075655324097608,0.00344572097562092,0.146129394872263,621.319823063144,450.203794319156,793.182876827931
2018,NOA1,Varón,60 a 69,63676,10931079,8696,2045.27286494588,7826.4,1840.74557845129,0.142337001000273,0.0320146279818561,0.224921332871098,194,32.3333333333333,3.2829526005987,35.0931757395918,1134.62435424103,912.6008890408,1357.50485108511,0.102922815860561,0.00499844720617675,0.199256019032984,1134.75013697456,912.668877365154,1357.66031978214
2018,NOA1,Varón,70 a 79,35319,6706065,3698,1687.5776430089,3328.2,1518.81987870801,0.0913462330177028,0.0421620296792285,0.461562872232044,181,30.1666666666667,3.17104959840674,37.5978720540069,1136.4962404142,895.147108579866,1371.84043956725,0.145140684973281,0.00810793948771447,0.282661792289997,1136.67793589993,895.299047975784,1372.01156729778
2018,NOA1,Varón,80+,14619,3251379,3367,1690.05936522509,3030.3,1521.05342870258,0.318978947368421,0.126950576644519,0.397990455771022,101,16.8333333333333,2.36877840059198,23.5385723736154,395.094778115417,288.390950970495,504.411945302318,0.238649122277539,0.0124061110615587,0.469805119319422,395.33450976182,288.608104267095,504.827942084197
2018,NOA2,Mujer,30 a 39,213136,19853009,21822,4315.52984616926,19639.8,3883.97686155233,0.114566550193377,0.0220217017903809,0.192217551747962,11,1.22222222222222,0.638284738504225,50.7150874845366,63.8728111451104,9.8174978047493,125.830234380149,0.0324610581606243,0.0015627906587998,0.0627308418892084,63.9094050718378,9.85873091694397,125.887214541356
2018,NOA2,Mujer,40 a 49,177847,18030170,25756,5357.80465863723,23180.4,4822.02419277351,0.165642909205242,0.0326460087909845,0.197086666417661,30,3.33333333333333,1.05409255338946,46.1550939869203,154.106466037006,60.7256297945431,249.24964846163,0.030525524113765,0.00137592222495105,0.0590363894013686,154.129484313434,60.7369170792077,249.282955551599
2018,NOA2,Mujer,50 a 59,132713,15472940,15320,3118.64669109571,13788,2806.78202198614,0.165244487056568,0.0343595466607779,0.207931576252923,82,9.11111111111111,1.74270968237312,41.9936509794637,383.314775759961,243.357745681763,530.006749025272,0.0475383084813812,0.00229178235993749,0.0931011247046692,383.373888956162,243.368349327564,530.091967050436
2018,NOA2,Mujer,60 a 69,111137,12427237,18564,3424.87717596227,16707.6,3082.38945836605,0.183640360518795,0.0344282136234997,0.187476290757859,202,22.4444444444444,2.7352296944647,38.7722836625193,869.614879752508,667.15499782786,1079.19345911392,0.071235386303632,0.0034636258202455,0.137921841743141,869.699452724382,667.169895068249,1079.22789942881
2018,NOA2,Mujer,70 a 79,66777,8885135,12355,3082.59374460748,11119.5,2774.33437014673,0.180417640186916,0.0425947956686615,0.236089972269521,243,27,3,37.9917924303777,1025.9774667994,803.448504730405,1251.78736312883,0.092566782331684,0.00477539701815534,0.180293083809882,1026.09918704656,803.627214307692,1251.81942823523
2018,NOA2,Mujer,80+,39346,6179480,1514,761.998248716462,1362.6,685.798423844816,0.0619251045264497,0.0292779375420162,0.472795932536712,210,23.3333333333333,2.78886675511359,27.6229305313704,644.028542796448,494.900964337832,792.107501137291,0.0990660249128306,0.00460067416726962,0.195101245622634,644.126464758632,495.050792084557,792.158489273831
2018,NOA2,Varón,30 a 39,206500,19954294,9098,3017.57916090951,8188.2,2715.82124481856,0.0510996005991014,0.0171315375327172,0.335257758022839,15,1.66666666666667,0.74535599249993,45.3386501397284,75.7021244629735,15.9106732418462,140.401467521004,0.00818550275681448,0.000374757202590489,0.0161455114855111,75.7073459461816,15.9129989733406,140.411895404601
2018,NOA2,Varón,40 a 49,171811,17638861,14452,4225.70783215406,13006.8,3803.13704893865,0.106152829126166,0.0296682087264214,0.279485803352069,46,5.11111111111111,1.30526001383008,41.0383393552881,210.020874388944,104.71123546098,314.705786910509,0.0436571694582411,0.00206595766524578,0.0850096031364925,210.05643809098,104.743548041708,314.741485488756
2018,NOA2,Varón,50 a 59,126619,14607511,27915,5151.54921132771,25123.5,4636.39429019494,0.244031199005362,0.0448114015851318,0.183629805401018,127,14.1111111111111,2.1688023662159,37.2275117125716,526.695859217695,367.884330140467,685.113314355255,0.0743631843938368,0.00357954319310915,0.145919615499566,526.805846605868,367.925609496435,685.144179595076
2018,NOA2,Varón,60 a 69,102627,10931079,20893,5073.16976120954,18803.7,4565.85278508858,0.2150936273893,0.0472381081905353,0.219616493356349,270,30,3.16227766016838,35.0931757395918,1050.90421311199,833.487214239099,1269.66305385215,0.103627620514454,0.00512009822115618,0.198356532089134,1051.03379953577,833.557925429447,1269.7891091267
2018,NOA2,Varón,70 a 79,53681,6706065,3497,1540.74983107145,3147.3,1386.67484796431,0.0924806064880113,0.0404935166628662,0.437859549159808,277,30.7777777777778,3.20300784564435,37.5978720540069,1154.58745609862,919.529300901318,1393.00104863473,0.143997368485558,0.00743039691856613,0.283740776973565,1154.72417952557,919.561521426029,1393.03265518845
2018,NOA2,Varón,80+,21492,3251379,2271,1326.60510686226,2043.9,1193.94459617603,0.10563336606543,0.0662022014042965,0.626716764504982,175,19.4444444444444,2.54587538608658,23.5385723736154,457.864936638447,341.268355596164,576.02362714458,0.243249300686338,0.012635775086428,0.469311645982478,458.070042889325,341.665866815173,576.346767944297
2018,Patagonia,Mujer,30 a 39,216910,19853009,26570,3318.34259581931,23913,2986.50833623738,0.120582718141111,0.0152313762232812,0.126314752711552,1,0.0555555555555556,0.136082763487954,50.7150874845366,6.0203437329309,0.324371585522352,17.5804346148295,0.0322258366021197,0.00166084790592888,0.0628529904508232,6.05841653164333,0.35900545416138,17.6112379391811
2018,Patagonia,Mujer,40 a 49,183698,18030170,22350,2982.2281716006,20115,2684.00535444054,0.127385913138196,0.017417538809462,0.136730493822864,30,1.66666666666667,0.74535599249993,46.1550939869203,77.4287237457514,14.8733573984306,142.714739274751,0.0300695731590451,0.00158760007405472,0.0591358737914897,77.4530418855791,14.9022959181669,142.715912173584
2018,Patagonia,Mujer,50 a 59,139660,15472940,22258,3673.90549109721,20032.2,3306.51494198749,0.169090909090909,0.0260479404858802,0.154046959862732,53,2.94444444444444,0.990697472229278,41.9936509794637,123.680006524904,44.1102086064471,206.604882054402,0.0492567828560613,0.00238907218447973,0.0933652777947857,123.729588440267,44.1566461747575,206.697822675652
2018,Patagonia,Mujer,60 a 69,103004,12427237,26072,3664.00473870496,23464.8,3297.60426483447,0.2583916045413,0.0279318216693664,0.108098797245953,153,8.5,1.68325082306035,38.7722836625193,329.656534460261,203.632091060544,459.444458423031,0.0697360693859339,0.00344463999008858,0.137714472229372,329.76474937101,203.657667527023,459.493701873976
2018,Patagonia,Mujer,70 a 79,61357,8885135,7640,1397.15919098714,6876,1257.44327188842,0.141382571863306,0.0244021540293386,0.172596619991689,255,14.1666666666667,2.17306746840088,37.9917924303777,537.68941479096,370.54424269695,699.847529325231,0.0913662703087712,0.00419976806319181,0.179884119985639,537.781104833182,370.595552237765,699.901116978212
2018,Patagonia,Mujer,80+,34069,6179480,5645,1435.57578257562,5080.5,1292.01820431806,0.276024122568728,0.05335626277416,0.193302897868554,344,19.1111111111111,2.52395926480012,27.6229305313704,529.369508119025,392.010059207558,664.397459870902,0.0981075300887678,0.00522993852355336,0.19510655493158,529.471594919529,392.118482461314,664.503426047963
2018,Patagonia,Varón,30 a 39,220880,19954294,10197,1899.26651496733,9177.3,1709.3398634706,0.0527185620487015,0.00974969058264293,0.184938477146553,8,0.444444444444444,0.384900179459751,45.3386501397284,23.1317978879807,1.72812743593091,55.1900089067647,0.00830653796764489,0.000450306191463745,0.0161475898545874,23.1410264571078,1.7365562101834,55.2004968008742
2018,Patagonia,Varón,40 a 49,183490,17638861,16453,2499.52612685108,14807.7,2249.57351416597,0.0923737695100498,0.0141840421709909,0.153550539793093,27,1.5,0.707106781186548,41.0383393552881,62.7308039193315,11.1700274197708,118.095487885805,0.0427302944823193,0.00188978137819121,0.0850480237886588,62.804485031772,11.1748692387298,118.137404009392
2018,Patagonia,Varón,50 a 59,136358,14607511,16853,2546.50348043056,15167.7,2291.85313238751,0.147170635151656,0.0226005966715604,0.153567297227949,125,6.94444444444445,1.52145154862546,37.2275117125716,259.119409850553,146.871559430184,369.809097160182,0.0754550364400899,0.003610700090936,0.146363043835296,259.193210205423,146.879056482846,369.925127601125
2018,Patagonia,Varón,60 a 69,97769,10931079,22678,3225.16699758659,20410.2,2902.65029782793,0.211075949367089,0.0277006332375981,0.131235383854288,253,14.0555555555556,2.16452885986424,35.0931757395918,493.060068303039,347.083435212682,641.998463390815,0.101160366599777,0.00498270285200339,0.198816575234242,493.174775841807,347.122911251877,642.059411728713
2018,Patagonia,Varón,70 a 79,50799,6706065,14083,2562.76804827504,12674.7,2306.49124344754,0.259387278978389,0.0398752258287077,0.153728532816869,339,18.8333333333333,2.50554939639548,37.5978720540069,708.768769345562,525.4977513467,889.030926648044,0.144694758920565,0.00811981851341581,0.283161180140046,708.909708871429,525.615881435205,889.29147677633
2018,Patagonia,Varón,80+,19829,3251379,3853,1413.18626099517,3467.7,1271.86763489565,0.235162077851621,0.0751749115640172,0.319672764634483,261,14.5,2.19848432637882,23.5385723736154,342.059315722785,238.9178129213,441.34964008705,0.240204358877938,0.012043690116517,0.47007175556225,342.320787592043,239.148804962853,441.712337013694
