anio_enfr,codprov_censo,prov_nombre,region_deis,sexo,grupo_edad_10,proy_pob,dm_total,dm_total_se,dm2_total,dm2_total_se,dm2_prev,dm2_prev_se,dm2_prev_cv,defun_n,defun_mean,defun_se,ex,fwd,AVP,AVP_inf,AVP_sup,AVD,AVD_inf,AVD_sup,AVAD,AVAD_inf,AVAD_sup,AVP_tasa,AVP_tasa_inf,AVP_tasa_sup,AVD_tasa,AVD_tasa_inf,AVD_tasa_sup,AVAD_tasa,AVAD_tasa_inf,AVAD_tasa_sup
2005,02,CABA,Centro,Mujer,30 a 39,224243,8244,4595.63836597044,7419.6,4136.07452937063,0.0286448922863099,0.0156604060837573,0.54670849962462,1,0.333333333333333,0.333333333333333,50.7150874845366,0.0643872796179425,20.3184535770609,1.41894228280837,51.0114852663681,484.134597709044,59.1173208069057,999.953481059645,507.847919734792,80.4003496460132,1019.80064967907,9.0609087360858,0.63276993387012,22.7483066434038,215.897306809597,26.3630618600829,445.924056072941,226.472139480292,35.8541179194058,454.774797732403
2005,02,CABA,Centro,Mujer,40 a 49,194853,8240,3738.24454412491,7416,3364.42008971012,0.0357113620494547,0.0159426279113946,0.446430127456818,5,1.66666666666667,0.74535599249993,46.1550939869203,0.0607444624951787,76.7860807514536,16.174538832249,143.575915611308,456.884114406001,82.2806042421951,851.95415403674,534.173657176718,157.445935751298,936.567232041888,39.4071842627281,8.30089289477144,73.6842212392461,234.476304909855,42.227014335009,437.229169700615,274.141869602582,80.8024181055965,480.653226812976
2005,02,CABA,Centro,Mujer,50 a 59,187843,6389,2770.90303122255,5750.1,2493.81272809754,0.0279878315891945,0.0120925348194286,0.432064012565277,24,8,1.63299316185545,41.9936509794637,0.095738854348258,337.333165488502,202.964024689633,474.977280246056,553.666352509021,118.118429181557,1023.14459635771,887.966052915277,434.115792526985,1378.72219116087,179.582505330782,108.049820695811,252.858653368002,294.749526204874,62.8814644046129,544.680715468616,472.717137670968,231.105653405762,733.975815527259
2005,02,CABA,Centro,Mujer,60 a 69,169062,36196,11032.8568041597,32576.4,9929.57112374188,0.214245126667193,0.0536022281253678,0.250191119673089,55,18.3333333333333,2.47206616236522,38.7722836625193,0.141268066304241,712.037689925564,520.423849941298,894.14108306184,4629.02358573408,1862.48323513023,7382.00462335484,5335.50270305921,2563.44781370312,8106.57679911649,421.169564967624,307.830174694076,528.883535662562,2738.06271411321,1101.65692771305,4366.44818075904,3155.94438907573,1516.2767586466,4795.03188127225
2005,02,CABA,Centro,Mujer,70 a 79,147823,13351,3817.10071291447,12015.9,3435.39064162436,0.109479294792948,0.029571131115663,0.270107066104045,138,46,3.91578004149024,37.9917924303777,0.184921326838426,1748.37900575294,1455.10877798354,2037.26624056451,2212.49087898168,1019.03026560953,3455.24831282599,3956.90135885208,2736.41303889238,5243.55155631109,1182.75167311781,984.358846717726,1378.17947177673,1496.71626132718,689.358398631827,2337.42266956157,2676.78328734505,1851.14159426637,3547.18247925633
2005,02,CABA,Centro,Mujer,80+,100219,7561,3509.0849972623,6804.9,3158.17649753916,0.0903405243942914,0.0396508703024391,0.438904584274746,291,97,5.68624070307733,27.6229305313704,0.199850784311032,2681.60950663332,2375.56958060216,2986.28122425934,1377.267627094,264.147884282404,2582.74650744201,4053.37806296757,2910.22929467026,5301.56202426349,2675.74961497652,2370.37845179273,2979.75555958385,1374.25800206947,263.570664527089,2577.10265263274,4044.52056293474,2903.86981976497,5289.97697468892
2005,02,CABA,Centro,Varón,30 a 39,213307,7239,3484.36630473632,6515.1,3135.92967426478,0.0329753258256358,0.0156628543528482,0.474987099010604,4,1.33333333333333,0.666666666666667,45.3386501397284,0.016576188398,60.7388089534168,9.86035833452457,119.974822339674,109.128801218705,18.5171333053172,213.023583449989,171.026734014474,67.5806919421241,288.745387285433,28.4748315589347,4.62261357317133,56.2451407312811,51.1604406881655,8.68097779506402,99.8671320912998,80.1786786249274,31.6823601392004,135.366109544194
2005,02,CABA,Centro,Varón,40 a 49,176243,10161,4250.18199258166,9144.9,3825.16379332708,0.059196038450335,0.0240667200116853,0.406559638815645,5,1.66666666666667,0.74535599249993,41.0383393552881,0.0872595074687928,68.3608143926147,13.8539531156558,129.076666897644,807.95259850482,188.372841221028,1458.63714209531,875.437163542238,257.96149220734,1527.88167271408,38.7878181786594,7.86071112932476,73.2378970498938,458.431029036512,106.882452761828,827.628411962635,496.721664714195,146.366943485608,866.917649333067
2005,02,CABA,Centro,Varón,50 a 59,153967,18480,6645.48564708181,16632,5980.93708235791,0.122195283226802,0.0412155374030072,0.337292375897265,46,15.3333333333333,2.26077666104176,37.2275117125716,0.149790434322404,571.881371156607,404.5540217763,737.007147117516,2510.67927513602,766.487706237706,4254.47859204251,3080.07703017764,1328.49917461581,4831.13550171883,371.431132097532,262.753721106666,478.678643551875,1630.66064490184,497.825966757621,2763.24055936825,2000.47869360164,862.846697419456,3137.77335514677
2005,02,CABA,Centro,Varón,60 a 69,118792,27458,7848.98507538241,24712.2,7064.0865678445,0.161312053265446,0.0417544586502747,0.258842769681729,86,28.6666666666667,3.09120616516523,35.0931757395918,0.20417545409127,1006.41717059393,792.373086947461,1216.13606313595,5044.86950678804,2214.13267035509,7907.48236277855,6053.14721711444,3217.60303576523,8923.63540543807,847.209551648202,667.025630469612,1023.75249439015,4246.80913427506,1863.87355238997,6656.57818942231,5095.5849022783,2708.60246124758,7511.98347147794
2005,02,CABA,Centro,Varón,70 a 79,86161,20157,6128.01791150781,18141.3,5515.2161203641,0.21398593974852,0.057458364550744,0.268514672591434,158,52.6666666666667,4.18993502999218,37.5978720540069,0.2901401799049,1982.59218350335,1677.75237670731,2295.42720877798,5272.86742808369,2208.82227719731,8474.81842646098,7258.67623312453,4182.79318115812,10453.980219754,2301.03200230191,1947.22946194602,2664.11393644222,6119.78438978621,2563.59870149755,9836.02607497706,8424.54966066379,4854.62469232962,12133.0767049524
2005,02,CABA,Centro,Varón,80+,39349,12788,5341.443379895,11509.2,4807.29904190681,0.2455296,0.0840587376421513,0.342356838613965,141,47,3.95811402901264,23.5385723736154,0.481838209781249,1105.90129158228,922.774483270175,1286.06428437356,5578.71235897127,1262.36611121807,10109.9106951131,6679.45749517689,2363.86086871341,11196.2693570257,2810.49401911682,2345.10275552155,3268.35315858995,14177.5200360143,3208.12755398631,25692.9291598594,16974.91040478,6007.42298079597,28453.758309044
2005,06,Buenos Aires,Centro,Mujer,30 a 39,1010635,86560,20151.8134167326,77904,18136.6320750387,0.0717736013849106,0.0160775320160241,0.224003417771985,24,8,1.63299316185545,50.7150874845366,0.0643872796179425,405.615105698624,245.177098456833,569.101381669687,4992.11072117904,2675.2301163654,7276.95839655729,5395.31587510089,3075.79225677243,7687.63318988206,40.1346782664982,24.2597078526702,56.3112678335588,493.957830589584,264.707843718593,720.038233047271,533.854049691619,304.342542735254,760.673555723091
2005,06,Buenos Aires,Centro,Mujer,40 a 49,873313,41871,12780.3648958914,37683.9,11502.3284063126,0.0434454135130306,0.0130471038940166,0.300310270728655,89,29.6666666666667,3.1446603773522,46.1550939869203,0.0607444624951787,1368.25889541869,1086.44942488024,1649.2120235178,2308.57021962748,909.808718395674,3643.26978046262,3670.92973495565,2246.92575008428,5030.00945560371,156.67451365303,124.405502366304,188.845468178969,264.346256110637,104.178996350183,417.178008395916,420.345252498892,257.287564720127,575.968691134074
2005,06,Buenos Aires,Centro,Mujer,50 a 59,771036,93681,22311.2725055017,84312.9,20080.1452549251,0.118868594872373,0.0263505392928518,0.221677889951873,255,85,5.32290647422377,41.9936509794637,0.095738854348258,3571.58626926227,3130.99151969552,4010.03315756658,8063.89197987542,4342.91571132734,11776.2413683198,11649.0116353066,7853.35740104299,15365.1870139527,463.219132344309,406.075918594659,520.083777873741,1045.85155295932,563.257190497894,1527.32704676821,1510.82590635284,1018.54613805879,1992.79761437245
2005,06,Buenos Aires,Centro,Mujer,60 a 69,577304,114895,24217.2026905986,103405.5,21795.4824215237,0.183264775158133,0.0336638817148996,0.183689864491702,714,238,8.90692614392492,38.7722836625193,0.141268066304241,9225.17395079726,8542.44172555375,9909.15308413793,14578.0746231755,8562.92888727755,20728.2044030311,23794.7995499066,17780.1560701254,30003.7653947549,1597.97506180405,1479.71289399584,1716.45321773934,2525.1989633149,1483.26165889679,3590.51806379846,4121.71049393501,3079.86018980041,5197.22111656162
2005,06,Buenos Aires,Centro,Mujer,70 a 79,447520,72126,18322.2472010056,64913.4,16490.0224809294,0.155328287601906,0.0349197728252218,0.224812707101481,1257,419,11.8180652674906,37.9917924303777,0.184921326838426,15905.5053021959,15045.499124927,16781.9821069891,11991.8934523618,6014.00667343388,17969.8901858042,27907.5119563156,21776.4014208424,33967.2786166225,3554.14401640059,3361.97245372878,3749.99600174051,2679.63296665217,1343.85204536867,4015.4384576788,6236.03681540838,4866.01747873667,7590.11409917378
2005,06,Buenos Aires,Centro,Mujer,80+,211345,30249,10329.30397359,27224.1,9296.37357624457,0.145691717372807,0.0458223242570755,0.314515643602594,1476,492,12.8062484748657,27.6229305313704,0.199850784311032,13594.3057160163,12905.7237814928,14295.3249590268,5458.23515186418,1799.11192729148,9153.98760746368,19051.4378143136,15368.1240034375,22825.4652890517,6432.28167972571,6106.47225223818,6763.97594408517,2582.61853929082,851.267797814699,4331.30076768491,9014.37829819186,7271.5815389233,10800.0971345675
2005,06,Buenos Aires,Centro,Varón,30 a 39,1017305,29441,10341.6866063339,26496.9,9307.51794570093,0.0304030539711608,0.0105549940464728,0.347168875090142,28,9.33333333333333,1.76383420737639,45.3386501397284,0.016576188398,424.116762327046,270.976841115222,579.786475193128,438.471849046953,146.797087234241,737.618440390626,863.471970355091,529.900706868262,1190.74882188028,41.6902268569451,26.6367354053329,56.9923941387418,43.1013166205763,14.4299976147017,72.5071085260199,84.8783767262612,52.0886761461176,117.049343302184
2005,06,Buenos Aires,Centro,Varón,40 a 49,826228,48422,18267.4933773729,43579.8,16440.7440396345,0.0539538926092237,0.0195567076195256,0.362470744440453,125,41.6666666666667,3.72677996249965,41.0383393552881,0.0872595074687928,1708.27551385796,1411.47089485145,2003.0191851551,3824.69001032885,1062.48978099789,6577.44015313855,5545.25865190067,2754.41866267306,8300.96495681053,206.755945557153,170.833098715059,242.429351844176,462.909754974275,128.595228072384,796.080519316527,671.153561958766,333.372708583231,1004.68211641466
2005,06,Buenos Aires,Centro,Varón,50 a 59,694872,81999,21303.3541108271,73799.1,19173.0186997287,0.0975458590088268,0.0240799201521048,0.246857430923088,430,143.333333333333,6.91214711777591,37.2275117125716,0.149790434322404,5331.61495048469,4827.59317533917,5839.30698395163,11017.9759868439,5433.03504092039,16599.1616293838,16371.6517884674,10744.388743721,21935.1809880229,767.280153824689,694.745676230898,840.342823419511,1585.61231231707,781.875660685765,2388.80853299368,2356.06727404003,1546.23999005874,3156.7225313472
2005,06,Buenos Aires,Centro,Varón,60 a 69,493284,97517,21289.7001052566,87765.3,19160.7300947128,0.173148423982844,0.0341528981242334,0.197246370129348,1010,336.666666666667,10.5934990547138,35.0931757395918,0.20417545409127,11815.9016223833,11082.7649382314,12524.1945871721,17858.8655567439,10295.4941856405,25480.24930179,29685.6298779882,22057.4360328983,37361.385096413,2395.35472919927,2246.73107950621,2538.94198619297,3620.40235579178,2087.13321041032,5165.43194220572,6017.95920362067,4471.54905346582,7574.01113687308
2005,06,Buenos Aires,Centro,Varón,70 a 79,306565,59325,17543.8832353649,53392.5,15789.4949118388,0.15768373178187,0.041302925028428,0.261935233024317,1502,500.666666666667,12.9185482500507,37.5978720540069,0.2901401799049,18825.853248504,17848.2289477834,19793.7331327777,15459.6701405242,6181.09524873987,24567.840288259,34295.5973977542,24973.1448177789,43499.7572230473,6140.9010319195,5822.00477803513,6456.61870493295,5042.86860552386,2016.24296600717,8013.90905297703,11187.0557296998,8146.1174034149,14189.4075393627
2005,06,Buenos Aires,Centro,Varón,80+,103959,30602,14379.9205933,27541.8,12941.9285339718,0.256181342957334,0.103956217448598,0.405791523490889,916,305.333333333333,10.088497300281,23.5385723736154,0.481838209781249,7181.08329757952,6707.69707254431,7645.62956732339,13274.7603197013,2460.61084200257,25377.6915219252,20430.7717536631,9670.44119125153,32551.2711988784,6907.61097892392,6452.25240002723,7354.46624854355,12769.226637137,2366.90507027056,24411.250129306,19652.7205471995,9302.16834641688,31311.6432428923
2005,10,Catamarca,NOA2,Mujer,30 a 39,23062,1402,421.921788240302,1261.8,379.729609416531,0.0681648749392253,0.019761434451133,0.289906413952229,2,0.666666666666667,0.471404520791032,50.7150874845366,0.0643872796179425,36.4165092946298,3.57103377814813,81.6113762059766,81.4476048015778,33.7124858741804,129.406908910886,118.55320639089,59.5749889970323,183.938080036012,157.906986794856,15.4844930107889,353.878138088529,353.168002781969,146.181969795249,561.126133513513,514.062988426374,258.325336037778,797.580782395333
2005,10,Catamarca,NOA2,Mujer,40 a 49,18606,1187,375.627287787787,1068.3,338.064559009127,0.0925175370226033,0.0276614119216755,0.298985606533358,4,1.33333333333333,0.666666666666667,46.1550939869203,0.0607444624951787,61.8964563849288,11.2702871206123,123.697706734416,65.4341074835646,25.5141077971921,105.169424128002,127.384024651487,62.9244063849987,200.823462499077,332.669334542238,60.5734017016677,664.82697374189,351.682830718932,137.128387601806,565.244674449112,684.639496138271,338.194165242388,1079.34785821282
2005,10,Catamarca,NOA2,Mujer,50 a 59,14919,1913,498.140847703415,1721.7,448.326762933034,0.138322487346349,0.0339750038244653,0.245621695186804,20,6.66666666666667,1.49071198499986,41.9936509794637,0.095738854348258,279.993993829575,158.109903866334,403.851527743369,164.920356034307,80.6878223241268,247.225470195872,445.581015043964,295.672998739758,593.045009881006,1876.76113566308,1059.78888575866,2706.9611082738,1105.43840762991,540.839347973234,1657.11823980074,2986.66810807671,1981.85534378818,3975.09893344732
2005,10,Catamarca,NOA2,Mujer,60 a 69,10039,2191,564.249556629766,1971.9,507.824600966666,0.265647312407383,0.0603684748020611,0.22725046323632,15,5,1.29099444873581,38.7722836625193,0.141268066304241,194.73163674956,97.0753892453346,291.106347391252,280.11869945156,136.642720199771,418.748365078412,473.52528295535,304.337879750404,644.691819576334,1939.75133728021,966.982660079038,2899.75443162917,2790.30480577308,1361.11883852745,4171.21590874004,4716.85708691453,3031.55573015643,6421.87289148654
2005,10,Catamarca,NOA2,Mujer,70 a 79,7177,1078,355.688624007483,970.2,320.119761606875,0.266318967883612,0.0736948966571146,0.276716665143134,38,12.6666666666667,2.05480466765633,37.9917924303777,0.184921326838426,480.952199212379,327.624769492887,635.542602116753,179.917192375444,65.1328082977417,294.796311837023,661.620342104001,470.15314758363,855.469796524306,6701.29858175252,4564.92642459087,8855.26824741191,2506.85791243478,907.521364048233,4107.51444666327,9218.61978687475,6550.83109354368,11919.6014563788
2005,10,Catamarca,NOA2,Mujer,80+,3101,18,18.0000000000023,16.2,16.1999999999907,0.00956316410861865,0.00974059623419768,1.01855370498339,30,10,1.82574185835055,27.6229305313704,0.199850784311032,276.081215020667,178.61939754507,374.101744674969,3.87084742260238,0.274918650032763,9.80175734257026,280.231052492249,183.146524727111,378.529495397249,8902.9737188219,5760.05796662592,12063.9066325369,124.825779509912,8.8654837159872,316.08375822542,9036.79627514508,5906.04723402486,12206.6912414463
2005,10,Catamarca,NOA2,Varón,30 a 39,23915,824,292.699074406984,741.6,263.429166966336,0.0369341102644554,0.0129965194655744,0.351883919025442,1,0.333333333333333,0.333333333333333,45.3386501397284,0.016576188398,18.0622046917764,1.33161153990698,45.7055234165778,12.3172842490166,3.83024305854446,20.8071536839309,30.5311811062326,11.2588803401215,59.1060383951296,75.5266765284398,5.56810177673835,191.11655202416,51.5044292244055,16.0160696573049,87.004615027936,127.66540291128,47.0787386164393,247.15048461271
2005,10,Catamarca,NOA2,Varón,40 a 49,19310,448,228.169184494737,403.2,205.35226604571,0.0328659928268666,0.0165635548299291,0.503972447057465,5,1.66666666666667,0.74535599249993,41.0383393552881,0.0872595074687928,69.693547876157,13.2851985179817,130.308488967156,35.3241902406113,5.49840535639839,70.9517133514207,105.198015036945,40.231708080578,174.908367574911,360.919460777613,68.7995780320128,674.823868291847,182.932108962254,28.4743933526587,367.435076910516,544.785163319239,208.346494461823,905.791649792393
2005,10,Catamarca,NOA2,Varón,50 a 59,15124,1768,571.894382046012,1591.2,514.704943841498,0.162815921416147,0.0487387453500062,0.299348767160389,19,6.33333333333333,1.45296631451356,37.2275117125716,0.149790434322404,236.767507965246,128.970395979921,342.5614230112,238.919770918631,87.0779599908966,387.925761154416,475.491016004053,290.507415493977,661.762890321127,1565.50851603574,852.753213302834,2265.01866577096,1579.739294622,575.760116311139,2564.96800551716,3143.95011904293,1920.83718258382,4375.58113145416
2005,10,Catamarca,NOA2,Varón,60 a 69,8974,981,355.671024357848,882.9,320.103921922105,0.148962375569428,0.0503669998692257,0.338118935581494,23,7.66666666666667,1.59861050777091,35.0931757395918,0.20417545409127,268.512300467663,158.546475062526,379.477298106045,180.144289482929,54.5250047392545,306.798902430154,449.15001128691,285.929901979419,615.762554745038,2992.11388976669,1766.73139138095,4228.63046697175,2007.40237890494,607.588642068804,3418.75309148823,5005.0146120672,3186.20349876776,6861.62864659057
2005,10,Catamarca,NOA2,Varón,70 a 79,5396,359,165.631241559501,323.1,149.06811740372,0.105934426229508,0.0479455437427732,0.452596435826241,40,13.3333333333333,2.10818510677892,37.5978720540069,0.2901401799049,499.701610373258,342.521394477078,654.675860764583,94.3355256807182,16.5010804628187,178.321989488121,595.393182242323,418.592633469331,770.223189437354,9260.59322411524,6347.69077978276,12132.6141728055,1748.24917866416,305.802084188634,3304.70699570276,11033.972984476,7757.46170254506,14273.9657049176
2005,10,Catamarca,NOA2,Varón,80+,1816,34,34.0000000000473,30.6,30.5999999999899,0.0351724137931035,0.0359652927947023,1.02254263828075,31,10.3333333333333,1.85592145427667,23.5385723736154,0.481838209781249,243.209330734179,156.090850961173,330.810696085514,18.0081000682353,1.192197755702,44.3344021445483,262.436025711551,173.55391220277,352.444103487836,13392.5842915297,8595.31117627606,18216.4480223301,991.635466312517,65.6496561509911,2441.32170399495,14451.3230017374,9556.93349134197,19407.7149497707
2005,14,Córdoba,Centro,Mujer,30 a 39,210583,10977,3640.80887257164,9879.3,3276.7279853143,0.0555950726219886,0.0180678282133429,0.324989740299338,10,3.33333333333333,1.05409255338946,50.7150874845366,0.0643872796179425,168.610793021095,63.41646361519,271.827284501054,633.505394677907,221.342929935198,1046.09474025378,802.230459791554,370.561849695785,1231.19930113393,80.0685682230258,30.1147118310547,129.083204485193,300.83406290057,105.109590961852,496.761248654344,380.956895756806,175.969498817941,584.662247728416
2005,14,Córdoba,Centro,Mujer,40 a 49,189098,12735,6352.29421836865,11461.5,5717.06479654119,0.0649207571964247,0.0306492883329347,0.472103063126667,25,8.33333333333333,1.66666666666667,46.1550939869203,0.0607444624951787,383.815783769504,232.340098813605,532.972886172453,706.31387103736,103.764163254783,1376.32671786507,1089.25749919475,475.817434651934,1767.49734852392,202.97188958609,122.867560108306,281.850091578152,373.517367205026,54.8732208985727,727.837797261244,576.028037945801,251.624784319207,934.699123483022
2005,14,Córdoba,Centro,Mujer,50 a 59,170102,22265,7543.48909487026,20038.5,6789.14018538289,0.124901828789409,0.038832230054292,0.310902013450622,112,37.3333333333333,3.52766841475279,41.9936509794637,0.095738854348258,1566.20300370082,1276.57340703067,1854.91297509065,1916.82349051066,653.862347746498,3233.64053035971,3488.157333062,2195.13705032336,4818.22717494526,920.743438466815,750.475248398416,1090.47099686697,1126.86710944649,384.394273874791,1901.00088791414,2050.62687861518,1290.48279874626,2832.55174833057
2005,14,Córdoba,Centro,Mujer,60 a 69,133541,27676,8347.75304140997,24908.4,7512.97773726927,0.218060528596566,0.0544535001145173,0.249717362720246,290,96.6666666666667,5.67646212197547,38.7722836625193,0.141268066304241,3753.03288912077,3316.1959054763,4185.00925404261,3511.79886270009,1439.30249137611,5562.7169902868,7265.47719886079,5161.17260693731,9369.78366233135,2810.39747277673,2483.2792217194,3133.87592877289,2629.75330625058,1077.79819783895,4165.5498987478,5440.6341115169,3864.8599358529,7016.40968865843
2005,14,Córdoba,Centro,Mujer,70 a 79,101148,18233,4414.11123145429,16409.7,3972.7001083067,0.189006116031836,0.0423582497591368,0.224110471388143,445,148.333333333333,7.03167436990966,37.9917924303777,0.184921326838426,5635.62107578203,5114.27256302821,6159.95215920435,3039.05023023148,1614.74078560827,4465.2842618731,8681.16728062307,7131.82039491702,10197.8849780139,5571.65843692612,5056.22707619351,6090.03851702886,3004.55790547661,1596.41395342298,4414.60460105301,8582.6385896143,7050.87633459586,10082.1419879917
2005,14,Córdoba,Centro,Mujer,80+,49847,2564,1358.05910242567,2307.6,1222.25319218419,0.0851324430015495,0.0431359966678957,0.506692808840345,539,179.666666666667,7.73879117749593,27.6229305313704,0.199850784311032,4961.64235147442,4550.19012993213,5374.49083299626,468.877146639323,67.1337221142006,939.713236635251,5432.15037226741,4852.43506767793,6067.12115914003,9953.74315700929,9128.3128973301,10781.974507987,940.632629123764,134.679563693303,1885.19517049221,10897.6475460257,9734.65818941546,12171.4870687103
2005,14,Córdoba,Centro,Varón,30 a 39,213479,12050,6477.6708727546,10845,5829.90378547953,0.0877917283920636,0.0435221418913127,0.495743080680106,8,2.66666666666667,0.942809041582063,45.3386501397284,0.016576188398,121.176430958226,40.3939553230733,202.80183387401,181.303987230436,25.4571922077178,365.444852819009,301.699945499103,127.031867942551,505.140844284492,56.7626937348527,18.9217465526226,94.9984934696199,84.9282539408731,11.924916365412,171.185387236688,141.325350736655,59.5055569599591,236.623201478596
2005,14,Córdoba,Centro,Varón,40 a 49,180777,10662,4453.33367597644,9595.8,4008.00030837222,0.0800991661032229,0.0317707154830998,0.396642275178711,36,12,2,41.0383393552881,0.0872595074687928,492.937104630855,334.473213118101,651.940925051607,842.387141607873,186.151307582575,1511.18065071843,1330.01112971543,659.474480644433,2023.28778553475,272.676891767678,185.019783002318,360.632671773293,465.981370200785,102.972893444728,835.936347388458,735.719217442172,364.799991505796,1119.21748094877
2005,14,Córdoba,Centro,Varón,50 a 59,155691,15610,5629.15956435825,14049,5066.24360792729,0.123712157235695,0.0412550113278819,0.333475805852155,201,67,4.72581562625261,37.2275117125716,0.149790434322404,2496.26757840669,2150.70479018214,2851.76648452323,2092.47364079878,648.684488012719,3563.5540675454,4594.30179702867,3103.55453061106,6097.81388018786,1603.34738578767,1381.39313780639,1831.68358127524,1343.9913937214,416.648674626484,2288.86324035776,2950.91032688381,1993.40651072385,3916.61295783819
2005,14,Córdoba,Centro,Varón,60 a 69,113005,29389,8500.4610111626,26450.1,7650.41491003077,0.231071837298086,0.0568506795226586,0.24603032627174,406,135.333333333333,6.71648055986996,35.0931757395918,0.20417545409127,4753.38662307613,4282.56381923082,5206.45988530979,5416.64852951966,2285.20348763381,8421.58675814873,10164.7335939216,7071.07218254678,13207.8904678147,4206.35071286769,3789.71179968215,4607.28276209884,4793.28218177927,2022.21449283997,7452.4018920833,8994.94145738824,6257.30913016838,11687.8814811864
2005,14,Córdoba,Centro,Varón,70 a 79,70342,12018,4638.99446860395,10816.2,4175.09502174795,0.150181197150831,0.0522624294649626,0.347995824087579,576,192,8,37.5978720540069,0.2901401799049,7214.16050057855,6626.58292236474,7807.72012331927,3161.71764289863,891.511129176052,5553.1711660705,10372.7090503455,8051.26111974628,12814.5057397508,10255.8364854263,9420.52105763945,11099.6561418772,4494.77928250353,1267.3951965768,7894.53124174817,14746.1105034624,11445.8802987494,18217.4316052299
2005,14,Córdoba,Centro,Varón,80+,23479,1469,924.138890746714,1322.1,831.725001672711,0.0736176847263211,0.047532603682224,0.645668277383753,299,99.6666666666667,5.76387215526353,23.5385723736154,0.481838209781249,2346.0755438105,2087.61410511796,2609.06941395195,663.722528941074,77.3771121069953,1431.53455622991,3009.16197623297,2354.85537675217,3827.69674325316,9992.22941271135,8891.40979223121,11112.3532260827,2826.87733268484,329.558806197007,6097.08486830745,12816.3975306997,10029.6238202316,16302.639564092
2005,18,Corrientes,NEA,Mujer,30 a 39,59154,2111,850.98172544195,1899.9,765.88355289757,0.0362784036662211,0.0143572941636035,0.395753195088118,3,1,0.577350269189626,50.7150874845366,0.0643872796179425,52.1200453342166,6.61235981170047,107.95211365268,122.457399471136,30.6910905993403,221.851217237399,175.471850889989,71.1215927952413,287.342632685293,88.1090802552939,11.178212482166,182.49334559401,207.014571239707,51.8833732280832,375.040094055177,296.635647445632,120.231248597291,485.753512332713
2005,18,Corrientes,NEA,Mujer,40 a 49,53391,2153,688.77135640711,1937.7,619.894220766716,0.0527337052660226,0.0165606214896384,0.314042440334811,7,2.33333333333333,0.881917103688197,46.1550939869203,0.0607444624951787,108.597604952629,28.8734432818855,187.291156490109,116.579863060594,45.1400100586076,194.114067077542,224.694200767487,120.225950169503,332.512902368837,203.400582406452,54.0792329828725,350.791624974451,218.351151056534,84.5461033856035,363.570764880864,420.846586067852,225.180180497655,622.788302089934
2005,18,Corrientes,NEA,Mujer,50 a 59,40394,4756,1393.03732778107,4280.4,1253.7335950045,0.114464500601685,0.0313985928836429,0.274308564826611,23,7.66666666666667,1.59861050777091,41.9936509794637,0.095738854348258,322.760018537884,192.297753719457,453.118727520122,409.055574656047,173.561947327586,644.090205004134,730.7350384485,460.286955939556,1003.04048978616,799.029604738042,476.055240182841,1121.74760489212,1012.66419432601,429.672593275205,1594.51949547986,1809.01876132223,1139.49338005534,2483.1422730756
2005,18,Corrientes,NEA,Mujer,60 a 69,28383,5040,1292.04718319984,4536,1162.84246488051,0.195441423585678,0.0442892956313702,0.226611609856365,64,21.3333333333333,2.66666666666667,38.7722836625193,0.141268066304241,827.002919701359,622.625973052051,1028.02051929826,639.488544611103,314.439184118433,965.0507678093,1466.27725652895,1086.82816947149,1846.25890693772,2913.72624353084,2193.65808072456,3621.95863474001,2253.06889550471,1107.84337144922,3400.10135577388,5166.04043451698,3829.15184959831,6504.80536566861
2005,18,Corrientes,NEA,Mujer,70 a 79,18634,1505,622.787354410755,1354.5,560.508618969584,0.135884831460674,0.0524848163396247,0.386244849961889,99,33,3.3166247903554,37.9917924303777,0.184921326838426,1250.48224650977,1004.18020759452,1500.43064903495,251.484474929084,57.4035549503848,450.863214033281,1500.87735420748,1190.76647846164,1822.26217656181,6710.7558576246,5388.96751955844,8052.11253104513,1349.6000586513,308.058146132793,2419.57289918043,8054.50978967199,6390.28914061202,9779.23245981435
2005,18,Corrientes,NEA,Mujer,80+,8506,0,0,0,0,0,0,,79,26.3333333333333,2.96273147243853,27.6229305313704,0.199850784311032,727.367547879639,568.635782866254,886.45568169747,1.36193567981745e-07,6.7915936168825e-09,4.51474564732586e-07,727.367548265952,568.63578297128,886.455681887998,8551.22910744932,6685.11383571895,10421.5339959731,1.60114704892717e-06,7.98447403818775e-08,5.30771884237698e-06,8551.22911199097,6685.11383695368,10421.533998213
2005,18,Corrientes,NEA,Varón,30 a 39,57748,758,485.863166053225,682.2,437.276849447718,0.0140906743777755,0.00899094185123531,0.638077469550802,0,0,0,45.3386501397284,0.016576188398,3.0651710249299e-05,1.27004040356417e-06,0.000102572188896349,11.704654187636,1.21974536688827,25.5320444409211,11.7046959962647,1.21975191593875,25.5320839636324,5.30783927569768e-05,2.19928032756835e-06,0.000177620331260562,20.2685013985523,2.11218633872736,44.2128635466529,20.2685737969535,2.11219767946725,44.2129319866184
2005,18,Corrientes,NEA,Varón,40 a 49,51931,1988,788.067199394965,1789.2,709.260479456754,0.0465719194127753,0.0181426491358835,0.389561979936492,12,4,1.15470053837925,41.0383393552881,0.0872595074687928,163.90592030065,70.4041188363662,255.924428656687,156.714903964853,41.7633749487038,281.279721205242,321.401119818644,174.87347859106,473.034220098085,315.622499664266,135.572430410287,492.816292112009,301.775247857451,80.4208949350172,541.641257062722,618.900309677542,336.741981843331,910.889873289721
2005,18,Corrientes,NEA,Varón,50 a 59,40887,6026,1855.84413774734,5423.4,1670.2597239708,0.167192798569579,0.0454870852238202,0.272063663106221,38,12.6666666666667,2.05480466765633,37.2275117125716,0.149790434322404,470.552097169753,319.472450901766,621.688162585947,811.87977332055,324.148299271033,1297.90177994439,1283.23023508363,776.718611547283,1792.40629658652,1150.8599241073,781.35458923806,1520.50324696345,1985.66726177159,792.790616261972,3174.36295141337,3138.47979818434,1899.67131740476,4383.80486850716
2005,18,Corrientes,NEA,Varón,60 a 69,24867,2713,1033.29996234372,2441.7,929.969966109653,0.150295457343346,0.0522427497353407,0.347600324446224,85,28.3333333333333,3.0731814857643,35.0931757395918,0.20417545409127,995.44792809856,782.252609947099,1210.22951962578,498.940078677504,137.323052471102,876.885038305395,1493.76246766157,1075.54222743442,1922.58100116221,4003.08814130599,3145.74580748421,4866.80950507007,2006.43454649738,552.230073877438,3526.30006959181,6007.00714867723,4325.17886127967,7731.45534709539
2005,18,Corrientes,NEA,Varón,70 a 79,14021,3323,1107.6301285062,2990.7,996.867115654934,0.280816901408451,0.0816158566432027,0.29063726660986,94,31.3333333333333,3.23178657161089,37.5978720540069,0.2901401799049,1175.62630079134,937.346638284011,1417.97274077154,867.45057225456,309.706751863818,1431.12831041109,2041.49256967578,1433.81734566501,2655.06255622258,8384.75358955382,6685.30517284081,10113.2069094325,6186.79532311932,2208.87776808942,10207.0345225811,14560.2494092845,10226.2131493118,18936.3280523685
2005,18,Corrientes,NEA,Varón,80+,4844,470,318.085075405992,423,286.276567865346,0.177284157585918,0.10596546324989,0.597715355352808,41,13.6666666666667,2.13437474581095,23.5385723736154,0.481838209781249,322.025850654355,223.614135246504,418.427478102463,217.507389774585,20.5708113514455,474.731279646302,538.200718077016,315.69176595504,815.30848737129,6647.93250731534,4616.31162771479,8638.05693853145,4490.24338923585,424.665799988554,9800.39801086503,11110.6671774776,6517.17105604954,16831.3065105551
2005,22,Chaco,NEA,Mujer,30 a 39,61165,5531,1419.37792945579,4977.9,1277.44013650976,0.104457034938621,0.0248553730997595,0.23794829246651,2,0.666666666666667,0.471404520791032,50.7150874845366,0.0643872796179425,35.9234944497584,3.18607054218844,81.634949069166,319.722972631842,160.326343722836,478.647571044334,356.976371348509,190.105190874748,521.316265573338,58.7321089671517,5.20897660784508,133.466768689882,522.722100272774,262.121055706427,782.551411827571,583.62849889399,310.80714603899,852.311396343233
2005,22,Chaco,NEA,Mujer,40 a 49,54918,3847,917.72550863115,3462.3,825.952957768771,0.0832663957095789,0.0191976045581943,0.230556449508789,10,3.33333333333333,1.05409255338946,46.1550939869203,0.0607444624951787,154.767219815824,58.254455711163,249.169484929287,210.871092665199,112.405049556745,308.58480587685,365.013511546937,226.610684856656,498.675888797278,281.815105822906,106.075340892172,453.711870296236,383.97445767362,204.67797362749,561.901026761444,664.651865594043,412.634627729808,908.037235145631
2005,22,Chaco,NEA,Mujer,50 a 59,39620,4520,1451.00219855302,4068,1305.90197870084,0.138273283480625,0.0396470443852214,0.286729608115342,30,10,1.82574185835055,41.9936509794637,0.095738854348258,419.824372698304,271.956879090478,568.860925274774,389.272461900608,150.813130538928,632.237475078336,808.943933175462,525.360467693017,1091.34839762148,1059.62739196947,686.41312238889,1435.79234042093,982.515047704715,380.648991769128,1595.75334446829,2041.75651987749,1325.99815167344,2754.53911565239
2005,22,Chaco,NEA,Mujer,60 a 69,27401,2767,807.499673470153,2490.3,726.749706122695,0.132823083897808,0.0363505440246053,0.273676404416064,78,26,2.94392028877595,38.7722836625193,0.141268066304241,1009.30605523782,785.324975101496,1232.81801732204,353.840654970217,151.000376464687,553.349466585435,1361.16628481954,1063.57390380004,1658.75925722689,3683.46430873989,2866.04494398561,4499.17162629846,1291.34212244158,551.076152201332,2019.44989812574,4967.57886507622,3881.5149220833,6053.64496634023
2005,22,Chaco,NEA,Mujer,70 a 79,17748,5032,1423.23086545144,4528.8,1280.90777890728,0.22704166040006,0.0540089222940123,0.237881110448389,103,34.3333333333333,3.38296385503074,37.9917924303777,0.184921326838426,1306.79507808709,1053.94333477714,1558.90665572477,836.269861168534,375.320656047254,1303.16842855925,2141.5365802617,1607.76700657326,2664.36496038093,7363.05543208862,5938.37804134067,8783.56240548099,4711.91041902487,2114.72084768568,7342.6213013255,12066.3544076048,9058.86300751219,15012.1983343528
2005,22,Chaco,NEA,Mujer,80+,5982,787,398.160829942658,708.3,358.34474694823,0.180045754956787,0.0829822098735826,0.460895120207079,79,26.3333333333333,2.96273147243853,27.6229305313704,0.199850784311032,727.64975281678,570.133558973145,886.840079996051,143.742412100235,23.1832087463911,282.569842289032,871.360934564233,669.86763045507,1083.59803463004,12163.9878438111,9530.81843820035,14825.1434302249,2402.91561518279,387.549460822318,4723.6683766137,14566.3813868979,11198.0546715993,18114.3101743571
2005,22,Chaco,NEA,Varón,30 a 39,60093,1225,636.730290109002,1102.5,573.057261097462,0.025132787744774,0.0128961372930038,0.513120049553015,3,1,0.577350269189626,45.3386501397284,0.016576188398,46.6489714395257,6.22649048401186,95.1762287990347,18.4679265582587,2.70504186301526,36.6866923255799,65.6948352884606,21.199248885258,117.153697807781,77.6279623908371,10.3614239329237,158.381556585683,30.7322426210352,4.50142589488836,61.0498599264139,109.321943135574,35.2774015031002,194.953984337245
2005,22,Chaco,NEA,Varón,40 a 49,54752,1931,717.328867256627,1737.9,645.595980531436,0.0440822849025974,0.0160788550664449,0.364746407813755,7,2.33333333333333,0.881917103688197,41.0383393552881,0.0872595074687928,95.6638161046015,27.2556755698306,165.277425054768,152.653022283085,45.3745151349866,263.766042914707,248.76012907806,120.416438597399,381.118466280551,174.722048700689,49.7802373791472,301.865548390503,278.808120768347,82.8727994136955,481.746863885715,454.339803254786,219.930666637564,696.08136009744
2005,22,Chaco,NEA,Varón,50 a 59,41264,4534,1483.96779165361,4080.6,1335.57101248653,0.107900999524036,0.0330470585282345,0.306272033382535,56,18.6666666666667,2.49443825784929,37.2275117125716,0.149790434322404,694.255620362834,518.47771027371,871.141158456908,604.706398252691,220.20597966517,985.791172374675,1300.0441329732,875.725540231139,1726.61838574465,1682.47290704448,1256.48921644463,2111.14084542678,1465.45753744836,533.651559871,2388.98597415344,3150.55286199398,2122.25072758613,4184.32140787285
2005,22,Chaco,NEA,Varón,60 a 69,24657,2664,889.038448483721,2397.6,800.134603637028,0.141143227173721,0.0440259679770934,0.31192405656777,72,24,2.82842712474619,35.0931757395918,0.20417545409127,840.315683682507,647.619811485663,1033.26675284463,489.434547326003,173.213689653499,812.377328244012,1329.56849052614,955.116244959704,1704.13227966198,3408.02077982929,2626.51503218422,4190.56151536938,1984.97200521557,702.49296205337,3294.71277221078,5392.25571045198,3873.61092168432,6911.35288016376
2005,22,Chaco,NEA,Varón,70 a 79,13677,1781,587.718710414917,1602.9,528.946839372951,0.169511421319797,0.0594549892201514,0.350743264124869,92,30.6666666666667,3.19722101554181,37.5978720540069,0.2901401799049,1152.65281686106,913.125157533779,1382.7280385262,467.179259038977,173.915316585614,765.494711270514,1618.79597214624,1235.58479834952,1999.7703156646,8427.67285852936,6676.35561551348,10109.8781788857,3415.80214256764,1271.58965113413,5596.94897470581,11835.8994819496,9034.03376727004,14621.4105115493
2005,22,Chaco,NEA,Varón,80+,3833,255,187.946897410502,229.5,169.152207669286,0.0591190108191654,0.0443503088627479,0.750186923769879,42,14,2.16024689946929,23.5385723736154,0.481838209781249,328.12537011423,228.248048949264,427.711155404747,121.217378471867,9.66987687432332,274.580240666429,450.014592245713,297.044228670341,637.028847218219,8560.53665834151,5954.81473908854,11158.6526325267,3162.46747904687,252.279594947126,7163.58572049124,11740.5320178897,7749.65376129249,16619.5890221294
2005,26,Chubut,Patagonia,Mujer,30 a 39,30744,3025,909.998321907508,2722.5,818.998489716626,0.0841134488831217,0.0240482571084006,0.285902640157062,2,0.666666666666667,0.471404520791032,50.7150874845366,0.0643872796179425,36.1403824822148,3.4658600638282,81.8310662833849,175.159874073879,73.9093422660701,278.837553071374,212.129717575755,103.400459262659,325.158734429317,117.552636228906,11.2732893046715,266.169224184833,569.736774895522,240.402492408503,906.965759404677,689.987371766051,336.327280974041,1057.63314607506
2005,26,Chubut,Patagonia,Mujer,40 a 49,26677,2285,548.242037575238,2056.5,493.417833817913,0.107293786195023,0.0250015358856933,0.233019420530553,1,0.333333333333333,0.333333333333333,46.1550939869203,0.0607444624951787,18.6761272597286,1.35406073546681,46.3768928723407,124.054099511495,65.1731336585534,184.625879945429,143.868371984742,80.5659044352589,209.960059708607,70.0083489887492,5.07576090065153,173.845982952883,465.022676880814,244.304583193588,692.07886923353,539.29741719362,302.005114650294,787.045243875273
2005,26,Chubut,Patagonia,Mujer,50 a 59,20155,2475,597.58498966478,2227.5,537.826490698534,0.104181282447032,0.0247266867235164,0.237342890610776,8,2.66666666666667,0.942809041582063,41.9936509794637,0.095738854348258,112.369724095516,34.558910047937,190.530200175884,213.526564811552,113.189435844149,314.778447926797,326.128911270729,198.769231816127,452.314520627292,557.527780181174,171.465691133401,945.324734189453,1059.42230122328,561.594819370622,1561.78837969138,1618.10424842833,986.203085170565,2244.18020653581
2005,26,Chubut,Patagonia,Mujer,60 a 69,13169,2081,680.614068927287,1872.9,612.552662034135,0.137632275132275,0.0418035716999973,0.303733783807765,20,6.66666666666667,1.49071198499986,38.7722836625193,0.141268066304241,259.27382957554,144.981116004798,371.242942551872,262.913879249143,96.3852043626775,434.859998195615,522.302117107446,317.253591113265,728.173636742021,1968.81942118262,1100.92729899612,2819.06707078648,1996.46046965709,731.9098212672,3302.14897255384,3966.14866054709,2409.09401711037,5529.45278109212
2005,26,Chubut,Patagonia,Mujer,70 a 79,8115,1710,404.445824506179,1539,364.001242054775,0.223854545454545,0.0506360615711984,0.226200729890831,21,7,1.52752523165195,37.9917924303777,0.184921326838426,265.84877093034,151.922172156751,377.028137422365,284.33559346743,151.915435553736,415.343748340937,550.597050686293,378.964232158881,720.594012655884,3276.01689378115,1872.11549176526,4646.06454001682,3503.82739947542,1872.03247755682,5118.22240715881,6784.92976816134,4669.92276227826,8879.77834449642
2005,26,Chubut,Patagonia,Mujer,80+,3315,1122,584.373366906051,1009.8,525.936030216094,0.279336099585062,0.109430691510938,0.391752772640166,27,9,1.73205080756888,27.6229305313704,0.199850784311032,248.716996260678,155.187887418529,341.293347726432,202.838297127929,32.5949518890658,409.003245438732,451.028591952013,257.117691276793,678.034341229878,7502.77515115166,4681.38423585305,10295.4252707823,6118.80232663436,983.256467241804,12337.956121832,13605.6890483262,7756.18978210537,20453.5246223191
2005,26,Chubut,Patagonia,Varón,30 a 39,31219,921,342.877952949776,828.9,308.59015765445,0.0298444588464031,0.0111608371707328,0.373966813342903,2,0.666666666666667,0.471404520791032,45.3386501397284,0.016576188398,32.2625125178255,3.15782761231533,73.5328048235601,13.6767021170027,4.10222786023352,23.8788266531508,46.1099172245048,15.0525229819659,88.3236435561412,103.342555872467,10.1150825212702,235.53862975611,43.8089052083754,13.1401641956293,76.488121506617,147.698251784185,48.21590371878,282.916312361514
2005,26,Chubut,Patagonia,Varón,40 a 49,27159,1949,620.108231212719,1754.1,558.097408091256,0.0831681759992414,0.0256160232027825,0.308002705301799,2,0.666666666666667,0.471404520791032,41.0383393552881,0.0872595074687928,29.1393735032931,2.77851693780405,66.374370393009,153.501409111731,56.8800864825678,248.59324476553,183.492207053283,83.12115990131,283.526979726355,107.291776218908,10.2305568607241,244.391805269005,565.195364747344,209.433655445958,915.325471355831,675.622103366407,306.053830779152,1043.95220636384
2005,26,Chubut,Patagonia,Varón,50 a 59,20202,3056,795.079537412685,2750.4,715.571583671291,0.153816900620771,0.0374584596824918,0.243526293478271,17,5.66666666666667,1.37436854187255,37.2275117125716,0.149790434322404,211.780936175846,111.54309880572,311.729885891616,412.419569604651,201.465622929712,623.564964925568,624.476477565188,384.676440453107,855.126451576906,1048.31668238712,552.138891227204,1543.06447822798,2041.47891102193,997.255830757906,3086.64966303123,3091.16165510933,1904.15028439316,4232.88016818585
2005,26,Chubut,Patagonia,Varón,60 a 69,12664,1436,415.310347513512,1292.4,373.779312762041,0.091809334375222,0.0282418001455373,0.307613603101771,28,9.33333333333333,1.76383420737639,35.0931757395918,0.20417545409127,327.87993246077,204.615686137526,448.460897297235,265.659571004231,116.238538876865,413.059164058084,593.086720377368,402.325200741085,788.073379696819,2589.07085013242,1615.72714890655,3541.22628946017,2097.75403509342,917.865910272151,3261.68006994696,4683.2495291959,3176.92041014755,6222.94203803553
2005,26,Chubut,Patagonia,Varón,70 a 79,6444,1109,367.237618236527,998.1,330.513856413159,0.239065868263473,0.070452126766041,0.294697554601965,35,11.6666666666667,1.97202659436654,37.5978720540069,0.2901401799049,438.099399078179,292.866642825971,582.341026752511,287.917750701354,94.847725075702,476.270586908077,727.199248639709,485.830076734361,959.62401971151,6798.56299004002,4544.79582287354,9036.94951509173,4467.99737277086,1471.87655300593,7390.91537722032,11284.9045412742,7539.2625191552,14891.7445641141
2005,26,Chubut,Patagonia,Varón,80+,1902,82,82.0000000000284,73.8,73.7999999999952,0.174468085106383,0.184753892622815,1.05895523820394,15,5,1.29099444873581,23.5385723736154,0.481838209781249,118.216106784007,58.5774983295809,178.290367291544,43.0690672671648,2.9507758705852,109.090970014066,162.433450426577,85.7233532340286,248.226147825913,6215.35787507922,3079.78434960993,9373.83634550702,2264.40942519268,155.140687202166,5735.59253491407,8540.13934945199,4507.01121104251,13050.7964156631
2005,30,Entre Ríos,Centro,Mujer,30 a 39,76493,3604,1328.82648548807,3243.6,1195.94383694013,0.0521646831778707,0.0188155990248093,0.360696123863189,5,1.66666666666667,0.74535599249993,50.7150874845366,0.0643872796179425,85.2143208278838,18.2678757533187,158.412685244815,208.065139952992,59.004671934305,359.905152244467,294.415800063036,130.726900596571,463.394009481968,111.401462653947,23.8817614073428,207.094355359073,272.005464490859,77.1373484296667,470.507304255902,384.892473903541,170.90047533313,605.799235854219
2005,30,Entre Ríos,Centro,Mujer,40 a 49,69905,1830,873.077354742622,1647,785.769619267972,0.0323067869752844,0.015219745114875,0.471100550064559,8,2.66666666666667,0.942809041582063,46.1550939869203,0.0607444624951787,122.541318030443,38.4505068490701,209.54781392335,101.089012927743,17.806418440328,195.401205406116,224.960241139058,102.980198329707,350.077853181283,175.296928732484,55.0039437079896,299.760838170874,144.609130860086,25.4723101928732,279.523933060748,321.808513180829,147.314495858247,500.790863573826
2005,30,Entre Ríos,Centro,Mujer,50 a 59,59118,6341,2001.26266567624,5706.9,1801.13639911005,0.118782391507961,0.034888137358853,0.293714724177065,39,13,2.08166599946613,41.9936509794637,0.095738854348258,547.606493253042,380.230757817331,717.583502661055,545.881131396202,211.97842633547,886.974237787163,1095.09564058364,715.825505410123,1482.1451424315,926.294010712544,643.172566421954,1213.81559366192,923.375505592547,358.568331701801,1500.34547479137,1852.38952701992,1210.84188472229,2507.09621846391
2005,30,Entre Ríos,Centro,Mujer,60 a 69,45222,5330,1562.38643762504,4797,1406.14779386126,0.117478510028653,0.0325127147111547,0.276754571565683,88,29.3333333333333,3.12694383988229,38.7722836625193,0.141268066304241,1137.70361566362,901.354236926834,1378.58329839702,680.796068961645,294.747914961105,1066.8262760286,1819.67928976833,1366.88364643402,2266.14820771755,2515.81888386985,1993.17641176161,3048.47927645177,1505.45325054541,651.779918979933,2359.08689582196,4023.88061069463,3022.60768306138,5011.16316774479
2005,30,Entre Ríos,Centro,Mujer,70 a 79,33826,7808,2876.6686108281,7027.2,2589.00174974567,0.246162468910919,0.0712100503807587,0.289280696183333,136,45.3333333333333,3.8873012632302,37.9917924303777,0.184921326838426,1723.56882115931,1437.22439915221,2015.20906454118,1302.81814712134,405.857687257405,2262.52856587831,3026.40522009025,2076.18572694432,4031.04169162072,5095.39650316121,4248.87482750608,5957.57424626376,3851.52884503442,1199.83943492404,6688.7263225871,8946.9793061262,6137.83990700738,11916.9919340765
2005,30,Entre Ríos,Centro,Mujer,80+,16969,2383,1023.02917601353,2144.7,920.72625841251,0.11574203993524,0.0533149118619888,0.460635667833567,163,54.3333333333333,4.25571511160124,27.6229305313704,0.199850784311032,1499.94308543031,1269.9305321738,1733.77642146065,431.922138787987,98.6628362569006,792.933563492359,1932.6103023634,1527.24656185995,2353.00654589612,8839.31336808481,7483.82657890154,10217.3164091027,2545.36000228645,581.429879526788,4672.8361334926,11389.0641897778,9000.21546266693,13866.5009481768
2005,30,Entre Ríos,Centro,Varón,30 a 39,77937,1065,663.331345306787,958.5,596.998210776543,0.0185389346640362,0.0115090842423514,0.620806127801831,0,0,0,45.3386501397284,0.016576188398,3.08333769189008e-05,1.56439271094782e-06,0.00010161945014227,16.5890128254221,1.97275865043899,35.4487158014165,16.5890806115089,1.97284827900663,35.4487467750435,3.95619242707581e-05,2.0072529234482e-06,0.000130386658637451,21.2851570183894,2.53122220567765,45.4838084624973,21.2852439938783,2.53133720698337,45.4838482043747
2005,30,Entre Ríos,Centro,Varón,40 a 49,68178,1847,789.847167481299,1662.3,710.862450731811,0.029766850512141,0.0127754250890178,0.429182962564583,11,3.66666666666667,1.10554159678513,41.0383393552881,0.0872595074687928,149.794626153825,63.2126124666847,239.952541395006,145.462450442873,31.8318415291299,269.340979891051,296.15335677896,150.403896354043,446.588224456076,219.711088846586,92.7170237711354,351.950103251791,213.356875301231,46.6893155110591,395.055560284918,434.382582033735,220.604735184433,655.032744369263
2005,30,Entre Ríos,Centro,Varón,50 a 59,57221,8914,2678.23792978446,8022.6,2410.41413680946,0.151464119168539,0.0413478072136846,0.272987473473342,53,17.6666666666667,2.42670329642684,37.2275117125716,0.149790434322404,659.141047145443,480.944186528415,837.796266063338,1205.24037295896,489.994852570707,1923.52757371636,1863.39969304162,1130.01592740737,2607.33738080816,1151.92157974423,840.502938656113,1464.14125244812,2106.29030069199,856.319974433699,3361.57629841555,3256.49620426351,1974.82729663475,4556.60925326044
2005,30,Entre Ríos,Centro,Varón,60 a 69,39595,4061,1443.97767463408,3654.9,1299.57990716885,0.114287054409006,0.0383656410680167,0.335695422954164,129,43,3.78593889720018,35.0931757395918,0.20417545409127,1508.4978897347,1246.06669748883,1764.31398131558,742.927916036308,237.405077355427,1265.50530945958,2248.54730960521,1686.3189868769,2838.5217101905,3809.81914316126,3147.03042679335,4455.90095041188,1876.31750482715,599.583476083918,3196.1240294471,5678.86680036675,4258.91902229297,7168.88927943049
2005,30,Entre Ríos,Centro,Varón,70 a 79,22355,4717,1790.98997762234,4245.3,1611.8909798598,0.168819342267467,0.0576845842742212,0.341694165487443,153,51,4.12310562561766,37.5978720540069,0.2901401799049,1919.62127254259,1616.74615803568,2219.49605682848,1222.17442514851,318.677912179866,2138.90099387856,3143.29363081754,2205.87448532299,4099.83071769765,8586.98847033142,7232.14564095584,9928.41000594263,5467.11887787302,1425.53304486632,9567.8863515033,14060.8080108143,9867.47700882573,18339.6587684977
2005,30,Entre Ríos,Centro,Varón,80+,7874,1101,860.07538563938,990.9,774.067847073658,0.184422110552764,0.128635396836499,0.697505285298728,86,28.6666666666667,3.09120616516523,23.5385723736154,0.481838209781249,673.854528469755,533.32673490575,815.203281167272,524.692342657517,43.3903074423549,1224.26942499649,1198.23747961352,697.877110163916,1920.45056720846,8557.96962750515,6773.26307982918,10353.1023770291,6663.60607896262,551.058006633921,15548.252793961,15217.6464263846,8863.05702519578,24389.7709830894
2005,34,Formosa,NEA,Mujer,30 a 39,30973,761,265.918225911513,684.9,239.326403320167,0.0269751870815282,0.0094352043091084,0.349773452194864,2,0.666666666666667,0.471404520791032,50.7150874845366,0.0643872796179425,36.2454880031777,3.52640548265116,80.6350965672194,44.1027999661619,14.3345294768216,74.3901408523797,80.8431879566456,35.0290926555659,134.326290015404,117.02285217182,11.3854178886487,260.33996244219,142.391114732709,46.2807266871844,240.177383050979,261.011810146404,113.095575680644,433.688341508424
2005,34,Formosa,NEA,Mujer,40 a 49,27213,1842,501.834708802201,1657.8,451.651237921833,0.0916519239274657,0.0241139314591451,0.263103385349872,9,3,1,46.1550939869203,0.0607444624951787,139.805185687146,50.5284862462331,227.372972479461,101.229745504541,48.296919426539,154.166891692637,240.631414265459,136.517301565924,343.501610125505,513.744113795414,185.677750509804,835.53071134921,371.990392476173,177.477380026234,566.519280096414,884.251696856133,501.662079028127,1262.2702756973
2005,34,Formosa,NEA,Mujer,50 a 59,19295,2918,1183.7918658358,2626.2,1065.41267925423,0.184294736842105,0.0625399255854561,0.339347322973402,33,11,1.91485421551268,41.9936509794637,0.095738854348258,462.729165329374,303.599514166938,620.422866578812,252.749959415462,60.9040330590319,450.617872546267,717.608406192696,471.597609138456,971.481826331789,2398.18173272544,1573.46211021994,3215.45927224054,1309.92464066059,315.646711889256,2335.41265895967,3719.14177866129,2444.14412613867,5034.88896777294
2005,34,Formosa,NEA,Mujer,60 a 69,12300,2509,795.681643071537,2258.1,716.113478763508,0.298059662090813,0.0818728557622606,0.274686132259371,49,16.3333333333333,2.33333333333333,38.7722836625193,0.141268066304241,632.694402313421,455.370471863822,804.832212853003,319.153439830975,120.163577942187,513.736116412882,950.109082797225,684.492446280522,1215.25888800279,5143.85692937741,3702.19895824246,6543.35132400816,2594.74341325996,976.939658066564,4176.71639360067,7724.46408778232,5564.97923805303,9880.1535609983
2005,34,Formosa,NEA,Mujer,70 a 79,7425,1711,911.533305711251,1539.9,820.379975139186,0.20795408507765,0.101104059658789,0.486184532614672,79,26.3333333333333,2.96273147243853,37.9917924303777,0.184921326838426,997.633005951048,781.039777282674,1219.72148582421,293.721694314718,42.6017531256626,581.867426842655,1293.98386060659,959.757446527695,1660.06673129844,13436.1347602835,10519.0542394973,16427.2253983059,3955.84773487836,573.760984857409,7836.59834131522,17427.3920620417,12926.0262158612,22357.8010949285
2005,34,Formosa,NEA,Mujer,80+,2635,325,159.042111991647,292.5,143.137900792529,0.125267665952891,0.0609098347476228,0.486237484224613,46,15.3333333333333,2.26077666104176,27.6229305313704,0.199850784311032,422.893404312422,299.774384533279,548.092922478074,59.0093287786797,9.79159284611481,114.960914295631,482.000618037669,348.309885596625,618.395668693326,16049.0855526536,11376.6369841852,20800.4904166252,2239.4432174072,371.597451465458,4362.84304727253,18292.243568792,13218.5914837429,23468.5263261224
2005,34,Formosa,NEA,Varón,30 a 39,29878,969,329.117071609275,872.1,296.205364448635,0.0375565221136041,0.0128506867527017,0.342169243302931,1,0.333333333333333,0.333333333333333,45.3386501397284,0.016576188398,18.2131989094109,1.42676603798295,45.7448201412322,14.4246522132377,5.06083909756815,24.1979130895335,33.0052578140647,12.5356351311952,62.0804104647366,60.9585611801691,4.77530637252476,153.105362277369,48.2785066377859,16.9383462667118,80.9890658328319,110.466757527494,41.9560717959543,207.779672216134
2005,34,Formosa,NEA,Varón,40 a 49,27608,2256,749.874054779537,2030.4,674.886649301055,0.100499925753601,0.0315649548217913,0.314079384488106,2,0.666666666666667,0.471404520791032,41.0383393552881,0.0872595074687928,29.5320303620393,2.89263598291208,66.1000359634508,177.024149057362,60.7020571358038,291.235800462461,207.609813057719,88.4922494075777,328.154479203291,106.969104469861,10.4775281907856,239.423485813716,641.205987602732,219.871258822819,1054.89640851369,751.991499049984,320.53118446674,1188.62097654046
2005,34,Formosa,NEA,Varón,50 a 59,20272,1380,439.243059584219,1242,395.318753625717,0.0765108113102938,0.0238244804633862,0.311387110597543,39,13,2.08166599946613,37.2275117125716,0.149790434322404,483.892892416789,333.013030857627,634.177877134303,186.56011888342,69.8176491318612,301.751010039145,670.439828103906,478.433552297749,859.526133178289,2387.00124514991,1642.72410644054,3128.3439085157,920.284722195243,344.404346546277,1488.51129656248,3307.22093579275,2360.07079862741,4239.96711315257
2005,34,Formosa,NEA,Varón,60 a 69,12470,655,274.604307356656,589.5,247.143876621063,0.0957602339181287,0.0413310290535348,0.431609524772791,52,17.3333333333333,2.40370085030933,35.0931757395918,0.20417545409127,607.570186543194,439.005417936892,771.807830247394,120.44758580242,26.2095511744803,219.520846000031,727.577461776958,535.832485645413,918.575761445672,4872.25490411543,3520.49252555647,6189.31700278584,965.898843644106,210.180843420051,1760.39170809969,5834.62278890905,4296.97261944998,7366.28517598775
2005,34,Formosa,NEA,Varón,70 a 79,6778,135,89.0205918251196,121.5,80.1185326425395,0.0328467153284672,0.022554116853655,0.686647557544607,57,19,2.51661147842358,37.5978720540069,0.2901401799049,714.446151970893,527.026081411545,899.965362077293,37.1081127484647,3.89201081765776,81.6408972332105,751.52012915872,561.570358255655,945.490747782057,10540.6632040557,7775.53970804876,13277.7421374638,547.478795344714,57.4212277612535,1204.49833628224,11087.6383764934,8285.19265647175,13949.4061342882
2005,34,Formosa,NEA,Varón,80+,2076,74,52.3441612583356,66.6,47.109745132453,0.0330357142857143,0.0247397435353661,0.748878723232705,22,7.33333333333333,1.56347191994114,23.5385723736154,0.481838209781249,172.660455872671,100.662579418597,246.797832595365,34.4362347711638,3.11216485949255,77.2669334862349,208.163186245709,126.959015716346,291.447739473186,8316.97764319224,4848.87184097288,11888.1422252103,1658.77816816781,149.911602095017,3721.91394442365,10027.1284318743,6115.55952390875,14038.9084524656
2005,38,Jujuy,NOA1,Mujer,30 a 39,41881,1077,438.465050206628,969.3,394.618545186598,0.0210497741487144,0.00864385712035209,0.410638948393658,0,0,0,50.7150874845366,0.0643872796179425,3.47644021761727e-05,1.50012423121817e-06,0.000113753765031606,62.4581403179268,15.1876165276344,112.53237175586,62.4582198449156,15.1876956150304,112.532391864085,8.30075742608168e-05,3.58187300021052e-06,0.000271611864644124,149.132399698973,36.2637389929428,268.695522446598,149.132589586962,36.2639278313087,268.695570459362
2005,38,Jujuy,NOA1,Mujer,40 a 49,34432,1582,501.434890047497,1423.8,451.2914010424,0.0508772556726818,0.0164060201181563,0.322462756712041,1,0.333333333333333,0.333333333333333,46.1550939869203,0.0607444624951787,18.5493495278328,1.13532053916172,46.9645470866304,86.0701661726278,31.7073367681825,140.969963489746,105.73135546105,47.6660256101454,166.130437807841,53.8724138238639,3.29728316438696,136.397964354758,249.971439860095,92.0868284391918,409.415553815479,307.072942207976,138.435250958833,482.488492703999
2005,38,Jujuy,NOA1,Mujer,50 a 59,26666,1008,368.911163127115,907.2,332.020046813986,0.0398191634113155,0.0164072237732668,0.412043407436439,15,5,1.29099444873581,41.9936509794637,0.095738854348258,209.93443821843,103.909745050732,316.884245656948,87.3058706020169,26.0826071084261,148.648568172231,297.228399135654,177.142890669021,419.604999616357,787.273825164743,389.671285722388,1188.3456298543,327.40519988756,97.8122219621469,557.446066797537,1114.63436261777,664.302447570019,1573.55808751353
2005,38,Jujuy,NOA1,Mujer,60 a 69,17746,1174,403.473120835638,1056.6,363.125808751914,0.0896411300585391,0.0301531283028934,0.336376039472084,37,12.3333333333333,2.02758751009941,38.7722836625193,0.141268066304241,478.497046025681,320.520507380403,634.689858847827,149.164890128096,50.7611806079785,248.653413724977,628.399479418832,442.843865907843,813.913975166452,2696.36563747144,1806.1563585056,3576.52349176055,840.554999031306,286.04294267992,1401.18006156304,3541.07674641515,2495.45737579084,4586.46441545392
2005,38,Jujuy,NOA1,Mujer,70 a 79,10869,667,268.598036083056,600.3,241.738232474325,0.0608145071421335,0.025201329534253,0.414396674716994,46,15.3333333333333,2.26077666104176,37.9917924303777,0.184921326838426,581.889338226724,413.561606818061,747.2730741874,111.748407190262,28.1484150995028,199.90453947555,695.399081158246,504.934255779242,879.260761064032,5353.66030202156,3804.96464088749,6875.2697965535,1028.1388093685,258.978885817488,1839.21740247999,6398.00424287649,4645.63672627879,8089.61966201152
2005,38,Jujuy,NOA1,Mujer,80+,4110,289,149.475800254998,260.1,134.528220229644,0.0899377593360996,0.0461875035141298,0.51354963538202,27,9,1.73205080756888,27.6229305313704,0.199850784311032,248.91239996699,154.712702146257,343.578004891223,53.0565934383321,8.21365208615143,104.943854640516,301.73080394679,197.938248502426,410.543831195208,6056.26277291946,3764.29932229336,8359.56216280348,1290.91468219786,199.845549541397,2553.37845840671,7341.38209116278,4816.01577864783,9988.9010023165
2005,38,Jujuy,NOA1,Varón,30 a 39,41205,509,291.803626034479,458.1,262.623263431227,0.0147180722891566,0.00844576464707636,0.573836334076079,0,0,0,45.3386501397284,0.016576188398,3.09134403307466e-05,1.44957206542283e-06,9.98925773123241e-05,7.83886502504259,1.05468091910388,16.2173756185839,7.83892492411822,1.0546948132265,16.2174536504841,7.50235173662095e-05,3.51795186366418e-06,0.000242428291014013,19.0240626745361,2.55959451305394,39.3577857507194,19.0242080430002,2.55962823256037,39.3579751255531
2005,38,Jujuy,NOA1,Varón,40 a 49,31750,752,380.794374155648,676.8,342.714936739587,0.0297442207963435,0.0150684095342433,0.506599572314085,10,3.33333333333333,1.05409255338946,41.0383393552881,0.0872595074687928,137.332193877814,50.3542522215775,221.689665440793,60.6377302933088,9.51754149237985,117.34190624188,197.514840730979,97.017040605622,300.41757775027,432.542342922247,158.59606998922,698.235166742655,190.98497730176,29.9765086374169,369.580807061041,622.093986554265,305.565482222432,946.19709527644
2005,38,Jujuy,NOA1,Varón,50 a 59,24907,2327,901.537390525926,2094.3,811.383651472274,0.0918996006845408,0.0340358117417184,0.370358646699146,17,5.66666666666667,1.37436854187255,37.2275117125716,0.149790434322404,210.931736392003,109.802288052318,310.752824109159,315.06854255267,83.5501074511224,545.814593871825,524.339017833674,278.256688938875,784.479378319512,846.877329232759,440.849110901827,1247.65256397462,1264.97989542165,335.448297471082,2191.4104222581,2105.18736834494,1117.18267530764,3149.6341523247
2005,38,Jujuy,NOA1,Varón,60 a 69,16345,2773,796.182174587991,2495.7,716.563957129342,0.15892129393785,0.0431544526798835,0.271546069192968,36,12,2,35.0931757395918,0.20417545409127,421.781957814321,281.563624639873,559.439176411799,510.284253568908,224.200354126465,797.185371811412,930.742047149361,613.769798189293,1253.44804249084,2580.49530629747,1722.6284774541,3422.69303402753,3121.95933661002,1371.67546115916,4877.24302117719,5694.35330161738,3755.09206600975,7668.69405011223
2005,38,Jujuy,NOA1,Varón,70 a 79,9052,564,295.239744391693,507.6,265.71576995244,0.0589752527012897,0.0338118846659868,0.573323268952223,33,11,1.91485421551268,37.5978720540069,0.2901401799049,414.153095930979,275.137935303799,552.464584483462,149.448249282201,22.8853847869203,297.576071707847,563.44278422604,378.295702630015,771.43151953244,4575.26619455346,3039.52646159742,6103.23226340546,1650.99700930403,252.821307853738,3287.4068902767,6224.51153585992,4179.139445758,8522.22182426469
2005,38,Jujuy,NOA1,Varón,80+,2679,214,151.377863482724,192.6,136.240077134612,0.082062207072859,0.0581786486055696,0.708957883059563,19,6.33333333333333,1.45296631451356,23.5385723736154,0.481838209781249,149.215901377557,81.6792686055046,215.73320788099,99.1642079236484,8.82485008832838,224.154328690341,249.200363539608,134.482438708356,389.664891407067,5569.83581103237,3048.87154182548,8052.751320679,3701.53818304026,329.408364625919,8367.08953678019,9301.99192010482,5019.87453185354,14545.1620532687
2005,42,La Pampa,Patagonia,Mujer,30 a 39,21033,1878,640.423973794249,1690.2,576.381576414125,0.0931444946544693,0.0295596102335948,0.317352199324821,0,0,0,50.7150874845366,0.0643872796179425,3.44592619921623e-05,1.48498485851872e-06,0.000116694633488211,109.766584319066,37.0698329824558,182.771810517236,109.766643856559,37.0698716643467,182.771840206113,0.000163834269919471,7.06026177206639e-06,0.000554816875805693,521.877926682194,176.246056113991,868.976420468956,521.878209749248,176.24624002447,868.976561622751
2005,42,La Pampa,Patagonia,Mujer,40 a 49,18908,1129,332.657827988791,1016.1,299.39204518968,0.0867423595697456,0.0243148667406626,0.280311336482749,3,1,0.577350269189626,46.1550939869203,0.0607444624951787,47.0345785845464,6.79550839299193,98.5436159498961,61.5884412506091,26.9581451938484,96.9412452740117,109.407173444851,53.9493264087994,171.451929907301,248.75491106699,35.9398582239895,521.174190553713,325.726894703877,142.575339506285,512.699625946751,578.62901123784,285.325398819544,906.769250620377
2005,42,La Pampa,Patagonia,Mujer,50 a 59,16015,992,325.311393102825,892.8,292.780253792741,0.0854926745188164,0.0269219239451816,0.314903283780837,4,1.33333333333333,0.666666666666667,41.9936509794637,0.095738854348258,56.2530433887792,9.37800051352152,110.743922665061,85.4664859405137,30.8018224126175,141.510645046371,141.657235281533,69.4275952661996,218.916812390002,351.252222221538,58.557605454396,691.501234249525,533.665225978855,192.331079691648,883.613144217118,884.528475064211,433.516049117699,1366.94856315955
2005,42,La Pampa,Patagonia,Mujer,60 a 69,12292,976,404.791807202528,878.4,364.312626481207,0.132648746602235,0.0489825879933522,0.36926536622493,12,4,1.15470053837925,38.7722836625193,0.141268066304241,155.698338029977,68.3646549926672,243.062527902402,124.007340028515,29.529412011762,223.639840721113,280.189618520504,151.458916264007,412.506700154843,1266.66399308474,556.171941040247,1977.40422959976,1008.84591627493,240.232769376521,1819.39343248546,2279.44694533439,1232.17471740975,3355.89570578298
2005,42,La Pampa,Patagonia,Mujer,70 a 79,8654,598,217.774964505952,538.2,195.997468055591,0.110490659002258,0.0380752628395142,0.344601644911323,15,5,1.29099444873581,37.9917924303777,0.184921326838426,190.413588089002,92.3936703827821,286.350610587347,99.2265614790887,30.8917445388581,172.158965280288,289.918300944713,169.568420713254,410.479057853279,2200.2956793275,1067.64121080173,3308.88156444819,1146.59765979996,356.964924183708,1989.3571213345,3350.10747567267,1959.42247184254,4743.2292333404
2005,42,La Pampa,Patagonia,Mujer,80+,4440,154,104.161329211886,138.6,93.7451962904853,0.0552411319250698,0.0364120394450178,0.659147236418107,43,14.3333333333333,2.185812841434,27.6229305313704,0.199850784311032,395.661216787638,277.091399246799,515.536015161825,29.3702930230154,2.80526873675522,65.4775902370901,426.209751234968,303.548074275397,549.465671898269,8911.28866638825,6240.7972803333,11611.1715126537,661.493086103951,63.1817283052978,1474.72050083536,9599.31872150828,6836.66833953597,12375.3529706817
2005,42,La Pampa,Patagonia,Varón,30 a 39,21551,194,139.267397903946,174.6,125.34065811344,0.0108084684907763,0.00777616450969647,0.719451096733315,0,0,0,45.3386501397284,0.016576188398,3.06064872611659e-05,1.31632584295879e-06,0.000101141869215125,3.04807761312874,0.284616912524669,6.9577142541736,3.04813307082275,0.284625275377859,6.95771519967092,0.000142018872725933,6.10795713868865e-06,0.000469314042109997,14.1435553483771,1.32066684852058,32.2848789112969,14.1438126807236,1.32070565346322,32.2848832985519
2005,42,La Pampa,Patagonia,Varón,40 a 49,19402,97,96.999999999908,87.3,87.300000000007,0.008040154724627,0.0080211494975225,0.997636211272616,1,0.333333333333333,0.333333333333333,41.0383393552881,0.0872595074687928,16.4066307469243,1.03836329097332,41.5888923879796,9.08422701569048,0.57345414783226,22.8469958321932,26.2322915710803,6.23128428791416,53.5360911679625,84.561543897146,5.35183636209321,214.353635645704,46.8210855359781,2.95564451001062,117.755879972133,135.204059226267,32.1167111015058,275.930786351729
2005,42,La Pampa,Patagonia,Varón,50 a 59,16292,1329,468.841999631958,1196.1,421.957799668656,0.11687512214188,0.0388728050082147,0.332601192587634,8,2.66666666666667,0.942809041582063,37.2275117125716,0.149790434322404,99.3964391484333,30.1343891539908,167.69298992381,179.190937533435,58.6985019357484,304.630649408164,278.545494692331,139.825307975847,425.093838620013,610.093537616212,184.964333132769,1029.29652543463,1099.8707189629,360.290338422222,1869.81739140783,1709.70718568826,858.24519994996,2609.2182581636
2005,42,La Pampa,Patagonia,Varón,60 a 69,11868,790,323.253986055886,711,290.928587450528,0.138085065061177,0.0527273515878914,0.381846882315123,19,6.33333333333333,1.45296631451356,35.0931757395918,0.20417545409127,223.111367645467,121.890038815468,321.218692790409,145.343143166108,32.6502506935877,264.303058735049,369.38711956296,222.32020357362,521.853662680466,1879.94074524323,1027.04784981015,2706.59498475235,1224.66416553849,275.1116506032,2227.02273959428,3112.46309035187,1873.27438130789,4397.14916313167
2005,42,La Pampa,Patagonia,Varón,70 a 79,6778,1239,448.700033927136,1115.1,403.830030534555,0.217622950819672,0.0672552914138451,0.309045030225578,30,10,1.82574185835055,37.5978720540069,0.2901401799049,375.009665207944,242.106273680725,512.070333264013,324.282013695676,95.5078075443798,551.182927217156,699.056209814363,436.783550624762,965.739532339482,5532.74808509802,3571.94266274306,7554.8883632932,4784.33186331774,1409.08538719947,8131.94050187601,10313.6059282143,6444.13618508059,14248.1488984875
2005,42,La Pampa,Patagonia,Varón,80+,2310,114,85.9058657072418,102.6,77.3152791365538,0.0916071428571429,0.0684087357061175,0.746762027201282,17,5.66666666666667,1.37436854187255,23.5385723736154,0.481838209781249,133.672260512822,70.6336539000736,195.947019286984,53.8495377958352,4.87711968900679,123.88509007531,189.014992710882,105.631283889287,280.612637725085,5786.67794427799,3057.73393506812,8482.55494748849,2331.14882233053,211.130722467827,5362.99091235108,8182.46721692131,4572.78285235007,12147.7332348521
2005,46,La Rioja,Cuyo,Mujer,30 a 39,21098,1443,407.444254853601,1298.7,366.69982936869,0.0722061603469365,0.019455645115297,0.269445778889452,1,0.333333333333333,0.333333333333333,50.7150874845366,0.0643872796179425,20.3006209366603,1.33689137624154,51.39398558489,83.4471314534708,37.6448105039546,130.598251138736,105.118485637251,54.0367021275819,159.94151317917,96.220594068918,6.33657871002721,243.596481111432,395.521525516498,178.42833682792,619.007731248156,498.23910151318,256.122391352649,758.088506868757
2005,46,La Rioja,Cuyo,Mujer,40 a 49,17179,1741,437.953044843627,1566.9,394.157740359536,0.122194494268112,0.0282306233060403,0.23103023974303,5,1.66666666666667,0.74535599249993,46.1550939869203,0.0607444624951787,76.9616542922788,16.0159396491052,144.916857539225,94.9850617578926,48.6456340187241,142.18392695056,172.707325305828,95.0907006506398,254.100709395591,447.998453299254,93.2297552191933,843.569809297545,552.913800325355,283.169183414192,827.661254732872,1005.33980619261,553.528730721461,1479.13562719361
2005,46,La Rioja,Cuyo,Mujer,50 a 59,12830,2537,585.248035594384,2283.3,526.723232035115,0.221228563123728,0.0429294453521511,0.194050192913569,11,3.66666666666667,1.10554159678513,41.9936509794637,0.095738854348258,153.624908854996,64.6640468619146,243.115974159094,217.895209310343,119.462641106354,316.17192940051,372.180275294827,240.070709616732,504.059143457117,1197.38822178485,504.006600638461,1894.90237068663,1698.32587147579,931.119572146177,2464.31745440772,2900.85951126132,1871.16687152558,3928.75404097519
2005,46,La Rioja,Cuyo,Mujer,60 a 69,8413,1116,369.258732006034,1004.4,332.332858805498,0.152297194844579,0.0454452884276608,0.298398722800103,19,6.33333333333333,1.45296631451356,38.7722836625193,0.141268066304241,245.618424545073,136.449257294657,358.867727093065,142.019547381337,50.3451541780048,234.814293916888,388.446015936378,242.432657237763,533.947914521137,2919.51057345861,1621.88585872646,4265.63327104559,1688.09636730461,598.420945893318,2791.08871885044,4617.21164788278,2881.6433761769,6346.70051730818
2005,46,La Rioja,Cuyo,Mujer,70 a 79,5405,1124,381.617256944182,1011.6,343.455531250155,0.291359447004608,0.0760846658768426,0.261136773353497,20,6.66666666666667,1.49071198499986,37.9917924303777,0.184921326838426,253.331995515439,142.258425374881,361.540105577851,185.696218544319,63.0896168089037,313.357897567171,438.473593278639,274.802967979055,604.611805276222,4686.99344154374,2631.97826780538,6688.99362771232,3435.6377158986,1167.2454543738,5797.55592168679,8112.36990339758,5084.23622532943,11186.1573594121
2005,46,La Rioja,Cuyo,Mujer,80+,2210,259,175.897206545914,233.1,158.307485891252,0.189051094890511,0.111119048832619,0.587772574906132,20,6.66666666666667,1.49071198499986,27.6229305313704,0.199850784311032,184.074535761976,103.62219285878,264.657572773503,49.3937114629102,5.27391151321356,109.52493838314,234.085913839264,142.413890783532,332.809103235383,8329.16451411657,4688.78700718459,11975.4557816065,2235.00956845748,238.638530009663,4955.87956484795,10592.1227981567,6444.06745626841,15059.2354405151
2005,46,La Rioja,Cuyo,Varón,30 a 39,21817,192,120.926747745968,172.8,108.834072971351,0.00964770252917202,0.00606587619530663,0.628737896609589,1,0.333333333333333,0.333333333333333,45.3386501397284,0.016576188398,18.195354256588,1.29617159091737,46.204906193531,2.99939387545749,0.277357111680777,6.42756163088738,21.2705409503104,3.88349968792989,49.2657191215137,83.3998911701332,5.94110826840249,211.783958351428,13.7479666107049,1.27128895668871,29.4612532927872,97.495260348858,17.8003377546404,225.813444201832
2005,46,La Rioja,Cuyo,Varón,40 a 49,17584,1187,377.019751920257,1068.3,339.31777672835,0.0815682980835306,0.02464446088239,0.302132831766977,2,0.666666666666667,0.471404520791032,41.0383393552881,0.0872595074687928,28.9800042250295,2.70628178917655,65.7774114916523,93.4062368520775,36.0680388345691,151.323606884351,123.158509345661,58.9713756879314,191.309604305482,164.808941225145,15.3905925226146,374.075361076275,531.200164081423,205.118510205693,860.575562354134,700.400985814725,335.369515968673,1087.97545669633
2005,46,La Rioja,Cuyo,Varón,50 a 59,13227,1347,432.869732268827,1212.3,389.582759042013,0.116477709454266,0.0348850525795335,0.299499816256525,19,6.33333333333333,1.45296631451356,37.2275117125716,0.149790434322404,235.362248492165,127.675418835276,343.138710148289,181.670695814632,68.2069517304299,294.467399486451,418.802707334252,261.487323838028,572.995073204985,1779.40763961719,965.263618623087,2594.22930481809,1373.48375152818,515.664562867089,2226.25991900243,3166.27131877412,1976.92087274535,4332.0108354501
2005,46,La Rioja,Cuyo,Varón,60 a 69,7850,970,342.755424816123,873,308.479882334337,0.119409109560936,0.0404167273554287,0.338472730464535,23,7.66666666666667,1.59861050777091,35.0931757395918,0.20417545409127,269.672627943999,158.215917632243,378.727266526068,179.122153515651,57.8717735146272,304.024072329326,448.269173998993,285.834253960969,608.907857285169,3435.32010119744,2015.48939658908,4824.55116593718,2281.81087281084,737.220044772321,3872.91811884492,5710.43533756679,3641.20068740088,7756.78799089387
2005,46,La Rioja,Cuyo,Varón,70 a 79,4467,1116,384.95505620959,1004.4,346.459550588696,0.438986013986014,0.0982427754151457,0.223794773148002,19,6.33333333333333,1.45296631451356,37.5978720540069,0.2901401799049,237.70826725683,131.148035322891,344.900930868894,290.918765474719,92.4476214899195,485.968169241288,528.976625430386,308.813812294781,750.738066054424,5321.42975726058,2935.93094521806,7721.08643091322,6512.62067326436,2069.56842377254,10879.0725149158,11841.876548699,6913.22615390152,16806.3144404393
2005,46,La Rioja,Cuyo,Varón,80+,1437,33,33.0000000000507,29.7,29.700000000015,0.0199328859060403,0.0205098635857582,1.02894601827541,12,4,1.15470053837925,23.5385723736154,0.481838209781249,94.3480547298791,40.1450073178508,147.239169140277,17.6355340930633,1.10712786465203,43.6549222378452,112.950124521622,54.2375516529304,170.489747658156,6565.62663395123,2793.6678718059,10246.2887362753,1227.24663138924,77.0443886327094,3037.92082378881,7860.13392634809,3774.35989234032,11864.2830659817
2005,50,Mendoza,Cuyo,Mujer,30 a 39,108918,610,609.999999999416,549,548.999999999491,0.00550232520846697,0.0054898510228532,0.997732924692533,2,0.666666666666667,0.471404520791032,50.7150874845366,0.0643872796179425,36.6854427920218,3.65474202124064,82.3968616755155,42.3736253434023,2.64335950413708,105.851764139615,80.5944360848243,23.3559409413151,159.09910862824,33.681708066639,3.35549865149988,75.6503623602302,38.904152980593,2.42692622352328,97.1848217371004,73.9955159705689,21.4436006365477,146.072374289135
2005,50,Mendoza,Cuyo,Mujer,40 a 49,94754,6126,1635.56322905027,5513.4,1472.00690614393,0.0744078707639986,0.0193763087929692,0.260406709586215,16,5.33333333333333,1.33333333333333,46.1550939869203,0.0607444624951787,246.696067293359,123.72200189055,368.225878781556,336.193582453506,160.918706171774,509.205533668348,582.428039581221,366.023169583929,798.750501416963,260.354251317473,130.571798436531,388.612490007341,354.806744257241,169.827876577004,537.397401342791,614.673828631214,386.287829098433,842.972857522599
2005,50,Mendoza,Cuyo,Mujer,50 a 59,86087,5773,2017.17217957864,5195.7,1815.45496162204,0.0834596973688438,0.0276124720067685,0.330847976655574,85,28.3333333333333,3.0731814857643,41.9936509794637,0.095738854348258,1189.57622461775,933.137780429641,1445.52416051267,498.424880312471,162.277268550279,838.981873693785,1688.4053108171,1261.2919159211,2109.73942425183,1381.83027009624,1083.94737931353,1679.14337880594,578.978103909383,188.503802606989,974.574411576411,1961.2779058593,1465.13633408192,2450.70617427931
2005,50,Mendoza,Cuyo,Mujer,60 a 69,62151,8268,2573.62366049843,7441.2,2316.26129445235,0.124280990079166,0.0353469450838964,0.284411518297212,224,74.6666666666667,4.98887651569859,38.7722836625193,0.141268066304241,2895.7963666154,2524.20801026636,3273.42465903943,1058.33483510108,412.322704082879,1703.56086989501,3948.7374437276,3199.90180624109,4695.85018649809,4659.29167127706,4061.41173958,5266.88976692157,1702.84441939966,663.420868663222,2741.00315344083,6353.45761729917,5148.59263123859,7555.55049234621
2005,50,Mendoza,Cuyo,Mujer,70 a 79,45065,4397,1374.99272706451,3957.3,1237.49345435679,0.0903678838117421,0.0278625708818597,0.308323817119631,340,113.333333333333,6.14636297152859,37.9917924303777,0.184921326838426,4304.68527629122,3842.01310136431,4773.41770901776,729.366132324482,281.970193493486,1179.86258595108,5037.22713668638,4393.9413376857,5678.29800226627,9552.16970218843,8525.49229194343,10592.2949273666,1618.47582896812,625.696645941387,2618.13510695902,11177.6925256549,9750.23041758726,12600.2396588622
2005,50,Mendoza,Cuyo,Mujer,80+,20531,3399,1402.66673050929,3059.1,1262.40005745765,0.181861958266453,0.0669284476368292,0.368017854172503,234,78,5.09901951359278,27.6229305313704,0.199850784311032,2154.8970479092,1883.22464480095,2431.76750442662,612.291878875873,142.824572375865,1112.95245280863,2772.88057722858,2221.2617182791,3331.01538075342,10495.8211870303,9172.59093468875,11844.3695116001,2982.27986399042,695.653267623911,5420.83898888817,13505.8232781091,10819.0624824855,16224.3211765302
2005,50,Mendoza,Cuyo,Varón,30 a 39,105546,499,354.977476871073,449.1,319.479729184448,0.00583458920126799,0.00417009924757801,0.714720283421452,5,1.66666666666667,0.74535599249993,45.3386501397284,0.016576188398,76.1368685056647,15.4218406510469,141.43221044537,7.93809940683022,0.731395257582315,18.0204409026968,84.4305366635849,23.2691139290562,149.999566882267,72.1361951240831,14.6114875514438,134.000540470856,7.52098554832037,0.692963501773933,17.0735422495375,79.9940657756665,22.0464195033978,142.117718229272
2005,50,Mendoza,Cuyo,Varón,40 a 49,87288,2946,1296.78099478462,2651.4,1167.10289530693,0.0368869906370428,0.0160515496070417,0.435154761335352,24,8,1.63299316185545,41.0383393552881,0.0872595074687928,328.334039313168,197.496965903346,459.557188041958,234.357952257474,45.3076734277227,431.926622640962,564.290046947024,335.518638222513,798.933834720452,376.150260417432,226.259011437249,526.483809964667,268.488168198921,51.9059589264534,494.82932664394,646.469213347796,384.381172924701,915.2848441028
2005,50,Mendoza,Cuyo,Varón,50 a 59,77716,9521,3096.41771500713,8568.9,2786.77594351197,0.122537144818316,0.0367478260666788,0.299891319657924,126,42,3.74165738677394,37.2275117125716,0.149790434322404,1566.29301377343,1283.97299197774,1834.23325825022,1281.6964892581,461.844254578403,2102.00777479304,2849.22471128089,1997.76925608096,3706.33336657274,2015.406111706,1652.13468523565,2360.17455639794,1649.20542649918,594.271777469766,2704.72975293767,3666.20092552485,2570.6022647601,4769.07376418336
2005,50,Mendoza,Cuyo,Varón,60 a 69,53773,3386,1232.35760114478,3047.4,1109.12184102933,0.093829669314613,0.0334409460496814,0.356400553193395,320,106.666666666667,5.96284793999944,35.0931757395918,0.20417545409127,3737.97924150722,3332.79488694212,4155.75177126417,626.696888920248,185.994432251854,1070.466722209,4365.89962221724,3761.32656110728,4969.89119484213,6951.40542931811,6197.89650371398,7728.32419850887,1165.44899656007,345.888145076254,1990.71415433209,8119.12971606055,6994.82372400141,9242.35433180616
2005,50,Mendoza,Cuyo,Varón,70 a 79,33722,4732,1587.15190103327,4258.8,1428.4367109307,0.195591071920639,0.0592360119258196,0.302856420511129,359,119.666666666667,6.31576510716547,37.5978720540069,0.2901401799049,4498.27139628569,4040.63466615571,4951.8593496285,1237.45031785989,424.326515012863,2025.63708733879,5732.09983171501,4804.65636163357,6648.30397819838,13339.2782049869,11982.1916438993,14684.3584295964,3669.56383921443,1258.30767751872,6006.87114447184,16998.1016301376,14247.8392789086,19715.0346308
2005,50,Mendoza,Cuyo,Varón,80+,11904,3413,1342.92871747609,3071.7,1208.63584572691,0.298484112331163,0.0952947285396696,0.319262314484403,138,46,3.91578004149024,23.5385723736154,0.481838209781249,1084.91015703689,903.053646876738,1266.3871961786,1490.06157352492,383.019673029358,2630.36491344239,2573.72902687125,1447.66797550381,3731.89294136178,9113.8286041405,7586.13614647797,10638.3333012315,12517.3183259822,3217.571178002,22096.4794476007,21620.7075510018,12161.1893103479,31349.9071014935
2005,54,Misiones,NEA,Mujer,30 a 39,61786,3807,1110.16066687161,3426.3,999.144600183805,0.0667270390278102,0.0189802408436438,0.284446022484728,2,0.666666666666667,0.471404520791032,50.7150874845366,0.0643872796179425,36.623255759432,3.53859763172429,81.757422617996,220.297950588219,94.4798614768426,343.973702881726,257.728891356679,124.544235436822,389.814663577728,59.2743594979964,5.72718355569917,132.323540313333,356.549947541869,152.914675617199,556.717869552529,417.131536847634,201.573552968021,630.910988861113
2005,54,Misiones,NEA,Mujer,40 a 49,53744,2103,878.575289625552,1892.7,790.717760663155,0.0559391162996897,0.0226522981999937,0.404945585458226,16,5.33333333333333,1.33333333333333,46.1550939869203,0.0607444624951787,245.990563400794,125.029988797924,367.147296352324,116.164895648266,24.8576429760901,208.683304843665,362.81701643621,211.012077004883,514.341098303324,457.707955122049,232.639901752612,683.140994999115,216.144863888557,46.2519406372619,388.291353162521,675.083760859278,392.624436225222,957.020501457511
2005,54,Misiones,NEA,Mujer,50 a 59,36415,4012,1400.49682166952,3610.8,1260.44713950129,0.128695156288983,0.0413455316205093,0.321267193053237,46,15.3333333333333,2.26077666104176,41.9936509794637,0.095738854348258,644.05822506677,459.802885718316,830.791198358032,346.488972946088,115.497964624738,585.972745284368,989.78911127186,691.524641311366,1297.32860435281,1768.66188402244,1262.67440812389,2281.45324277916,951.500680889984,317.171398118187,1609.15212215946,2718.08076691435,1899.01041140015,3562.62145915916
2005,54,Misiones,NEA,Mujer,60 a 69,24195,5126,1481.38468799341,4613.4,1333.24621919707,0.226557972793793,0.0540443669587464,0.23854542081349,80,26.6666666666667,2.98142396999972,38.7722836625193,0.141268066304241,1034.87313717791,806.806119699398,1258.74367852141,650.482719593531,286.161374137377,1016.72974813063,1687.00665257873,1258.50606177113,2122.09318970604,4277.21900052867,3334.59855217771,5202.49505485188,2688.5005976174,1182.72938267153,4202.23082509044,6972.54247811008,5201.51296454278,8770.79226991543
2005,54,Misiones,NEA,Mujer,70 a 79,14977,1063,498.494129830085,956.7,448.644716847027,0.0884359400998336,0.0401037381108169,0.453477828873018,118,39.3333333333333,3.62092683040007,37.9917924303777,0.184921326838426,1493.05490494838,1231.42635080038,1765.74015394098,178.707243590781,35.2540478218682,341.186342955065,1671.1586919236,1369.60851946523,1989.95401693375,9968.98514354263,8222.11625025292,11789.6785333577,1193.21121446739,235.387913613328,2278.06865830984,11158.1671357655,9144.74540605746,13286.7331036506
2005,54,Misiones,NEA,Mujer,80+,5568,386,245.212390382018,347.4,220.691151343664,0.117643074839147,0.0728713928933869,0.619427815815117,81,27,3,27.6229305313704,0.199850784311032,745.169215281957,580.691524721684,907.07530886965,72.1497314301323,7.37920022800963,157.824099403408,818.26413206952,639.445005848864,998.566236353709,13383.0678031961,10429.0862916969,16290.8640242394,1295.79259034002,132.528739727185,2834.48454388305,14695.8357052716,11484.2853061937,17934.020049456
2005,54,Misiones,NEA,Varón,30 a 39,61430,1085,493.597717235905,976.5,444.237945512374,0.0266898078552491,0.0121177934079658,0.454023253883505,3,1,0.577350269189626,45.3386501397284,0.016576188398,46.5339362943259,5.49802637203936,97.0526871162518,16.3976613699669,3.21449714354179,30.5440142457429,63.0698095175176,19.9583227410983,115.446170705103,75.7511578940678,8.95006734826528,157.989072303845,26.6932465732816,5.23278063412305,49.7216575708007,102.669395275139,32.4895372637121,187.931256234906
2005,54,Misiones,NEA,Varón,40 a 49,54941,2409,923.642990684657,2168.1,831.278691616148,0.0595206720474387,0.0221689814036549,0.372458519722123,11,3.66666666666667,1.10554159678513,41.0383393552881,0.0872595074687928,150.188368801792,62.1547469082789,240.546388106678,189.350937606154,53.6316358015182,332.472862099583,339.182952786788,178.639373634654,509.024570226749,273.363005409061,113.129988366209,437.826737967415,344.644141180819,97.6167812772215,605.145268742075,617.358535131846,325.147655912077,926.493093002948
2005,54,Misiones,NEA,Varón,50 a 59,38632,3059,941.56260019717,2753.1,847.406340177875,0.0943488690884167,0.0280357139627433,0.2971494436936,45,15,2.23606797749979,37.2275117125716,0.149790434322404,557.921410280894,397.048596422934,723.215050337894,411.12447678987,161.054146478762,656.897603560453,968.770212943476,668.642630452706,1264.48547307367,1444.19499451464,1027.77126843791,1872.06215142342,1064.20707390213,416.893110578697,1700.39760706268,2507.68847831714,1730.79993387012,3273.15560435304
2005,54,Misiones,NEA,Varón,60 a 69,23847,2564,766.417471189396,2307.6,689.775724070275,0.175176497381007,0.0483509808653243,0.276012944591314,82,27.3333333333333,3.01846171271247,35.0931757395918,0.20417545409127,959.552261371401,751.845565620008,1164.04504553942,472.47872168972,195.099222650357,749.809452188371,1430.57740984848,1085.44896094175,1768.22227543818,4023.7860585038,3152.78888589763,4881.30601559703,1981.29207736705,818.129000085364,3144.25064867015,5998.98272255833,4551.72122674446,7414.86256316593
2005,54,Misiones,NEA,Varón,70 a 79,13377,2067,794.781014404097,1860.3,715.302912963437,0.135907364114553,0.0496215874229475,0.365113308953021,104,34.6666666666667,3.39934634239519,37.5978720540069,0.2901401799049,1304.19901110076,1053.14668637238,1555.9586436151,537.142445732029,146.958582673442,939.396905452804,1843.16345000032,1371.72005353671,2323.56616215776,9749.56276519969,7872.81667318818,11631.5963490701,4015.41784953299,1098.59148294417,7022.47817487332,13778.6009568686,10254.3175116746,17369.8599249291
2005,54,Misiones,NEA,Varón,80+,3941,720,353.959381926272,648,318.563443733392,0.157319737800437,0.0780060454859551,0.495843983575075,51,17,2.38047614284762,23.5385723736154,0.481838209781249,400.875710831801,291.454873631793,508.132710134187,315.226078954832,50.3985974228063,615.075020043164,716.589084058686,426.039509367374,1029.59021090241,10171.9287194063,7395.45479908128,12893.4968316211,7998.63179281481,1278.82764330897,15607.0799300473,18182.9252488882,10810.4417499968,26125.1005050091
2005,58,Neuquén,Patagonia,Mujer,30 a 39,38416,3947,923.863185514018,3552.3,831.476866961756,0.0962422107829856,0.0211676385332532,0.219941316404126,1,0.333333333333333,0.333333333333333,50.7150874845366,0.0643872796179425,20.3038678464335,1.29751499329876,50.7986563578588,228.721008400151,121.227549031604,333.351622489512,251.089689903662,140.272173044007,359.397380095459,52.8526339192874,3.37753798755405,132.233070485888,595.379551229047,315.565256746158,867.741624556207,653.607064513905,365.139975645583,935.540868636661
2005,58,Neuquén,Patagonia,Mujer,40 a 49,31759,1800,609.659681527763,1620,548.693713375394,0.0649012459436721,0.0210464467295706,0.324284170874575,3,1,0.577350269189626,46.1550939869203,0.0607444624951787,47.4891974546754,5.79319197866683,97.9889817462465,98.1457988536937,35.3446266017772,162.252399453223,146.243907102473,68.6085990137601,228.938912770266,149.529889022562,18.2411032421261,308.53925421533,309.033026397852,111.290111784934,510.886361199101,460.480201210595,216.028839112567,720.863102648907
2005,58,Neuquén,Patagonia,Mujer,50 a 59,22650,2298,739.454114937498,2068.2,665.508703442807,0.120377160817182,0.0354516969678435,0.294505176290745,27,9,1.73205080756888,41.9936509794637,0.095738854348258,376.867047783032,235.5727629606,517.041731160804,198.631630461222,74.3824530487352,322.928468290008,575.161743018302,390.883757283591,763.252548249658,1663.87217564253,1040.05634861192,2282.74494993733,876.960840888397,328.399351208544,1425.73275183227,2539.34544378941,1725.75610279731,3369.7684249433
2005,58,Neuquén,Patagonia,Mujer,60 a 69,13164,1457,501.639593751779,1311.3,451.47563437675,0.174235981929312,0.0533270044652463,0.306061950435022,36,12,2,38.7722836625193,0.141268066304241,464.968467184327,312.084697910456,618.159954753816,184.947128718416,63.5660872256373,310.591618307387,652.523772769478,453.781025034822,844.430518026805,3532.12144624982,2370.74367905239,4695.83678785943,1404.94628318456,482.878207426597,2359.40153682306,4956.88068041232,3447.13631901262,6414.69551828324
2005,58,Neuquén,Patagonia,Mujer,70 a 79,7885,1513,488.946292726793,1361.7,440.051663454571,0.157276507276507,0.0498967557900849,0.317254983939601,55,18.3333333333333,2.47206616236522,37.9917924303777,0.184921326838426,695.115469392647,513.842792814836,877.74165445904,251.529403476014,97.1813714766006,409.716710683174,949.363527920383,706.096545910842,1189.05775366186,8815.66860358462,6516.71265459526,11131.7901643505,3189.9734112367,1232.48410242994,5196.15359141629,12040.1208360226,8954.9340001375,15079.9968758638
2005,58,Neuquén,Patagonia,Mujer,80+,3410,639,269.992807205499,575.1,242.993526484691,0.196682626538988,0.0786612995437908,0.399940253635966,65,21.6666666666667,2.68741924943285,27.6229305313704,0.199850784311032,597.442946246869,453.303710717451,745.351427537649,115.369007072083,27.4737921959341,209.523845109233,713.673956821565,544.026487562098,887.136863827698,17520.321004307,13293.3639506584,21857.8131242712,3383.25533935727,805.683055599241,6144.39428472823,20928.8550387556,15953.8559402375,26015.7438072639
2005,58,Neuquén,Patagonia,Varón,30 a 39,37854,2085,735.859707641472,1876.5,662.273736877164,0.0639461577781564,0.0216445624413579,0.338481047077884,1,0.333333333333333,0.333333333333333,45.3386501397284,0.016576188398,18.2338229375962,1.30503895287561,45.5465868453327,31.0210456296785,10.155463407494,52.6839424002111,50.1752620461588,21.1121365166216,83.6291341771778,48.1688142272844,3.44755891814764,120.321727810358,81.9491880109857,26.8279796256512,139.176685159326,132.549432150258,55.7725379527174,220.925487867009
2005,58,Neuquén,Patagonia,Varón,40 a 49,31054,804,428.867104000598,723.6,385.980393600041,0.03403734888753,0.017784692284982,0.522505214602586,10,3.33333333333333,1.05409255338946,41.0383393552881,0.0872595074687928,136.514573424504,52.4439875619475,223.354340722589,64.1520520215718,9.75996827551974,129.035833923542,201.593444168077,99.1992013963244,307.523541796856,439.603830181308,168.879975403966,719.244994920425,206.582250343182,31.4290213032773,415.520815107691,649.170619463118,319.440978284036,990.286410114175
2005,58,Neuquén,Patagonia,Varón,50 a 59,22330,3369,965.938393084171,3032.1,869.344553775547,0.139445364238411,0.0368901940497138,0.264549447385303,27,9,1.73205080756888,37.2275117125716,0.149790434322404,334.539745289534,207.671912993789,459.659217272556,456.282974674573,202.851437451063,708.847440221278,790.139111149754,502.652028975082,1070.60800095218,1498.16276439559,930.013045202818,2058.48283597204,2043.36307512124,908.425604348691,3174.41755584988,3538.46444760302,2251.0166993958,4794.48276288483
2005,58,Neuquén,Patagonia,Varón,60 a 69,12696,1999,634.342488312021,1799.1,570.908239481336,0.194056736058678,0.0541077510148493,0.27882438978304,59,19.6666666666667,2.5603819159562,35.0931757395918,0.20417545409127,690.075409030787,515.185865229306,867.709810579426,368.59244089365,136.649396166281,593.265584723814,1057.63476347584,770.148944178406,1343.04989956475,5435.3765676653,4057.85968202037,6834.51331584299,2903.21708328331,1076.31849532358,4672.85432202122,8330.45654911655,6066.075489748,10578.5278793695
2005,58,Neuquén,Patagonia,Varón,70 a 79,6188,1097,391.998644439679,987.3,352.798779995813,0.157013358778626,0.055077037179739,0.350779306984907,78,26,2.94392028877595,37.5978720540069,0.2901401799049,977.416446310329,759.977457450764,1194.4371994087,286.249519075265,88.7133428014446,489.6868862451,1264.38459933274,967.546878036002,1567.23074088063,15795.3530431534,12281.4715166575,19302.475749979,4625.88104517236,1433.63514546614,7913.49202076761,20432.8474358878,15635.8577575307,25326.9350497839
2005,58,Neuquén,Patagonia,Varón,80+,1899,0,0,0,0,0,0,,39,13,2.08166599946613,23.5385723736154,0.481838209781249,306.108660035747,211.060311236921,404.29265167501,3.24736500757031e-07,1.52192879197812e-08,1.08098141258023e-06,306.108660283956,211.060311397743,404.292652739317,16119.4660366375,11114.2870582897,21289.7657543449,1.71003949845724e-05,8.01436962600381e-07,5.69237184086484e-05,16119.466049708,11114.2870667584,21289.7658103906
2005,62,Río Negro,Patagonia,Mujer,30 a 39,39579,2690,835.50813904208,2421,751.95732513868,0.0597807299125883,0.0180119180815592,0.301299735013212,1,0.333333333333333,0.333333333333333,50.7150874845366,0.0643872796179425,20.3889667069186,1.42122368125721,50.9141104020028,155.944742988857,61.3787610320373,251.901589560135,177.784290329265,80.219090510173,277.33836420606,51.514608016672,3.59085293023374,128.639203623141,394.008800093122,155.079110215107,636.452637914386,449.188434091979,202.68094320264,700.72099902994
2005,62,Río Negro,Patagonia,Mujer,40 a 49,35740,3001,808.935103529029,2700.9,728.041593174088,0.115928405871749,0.0290048411386608,0.250196152707808,4,1.33333333333333,0.666666666666667,46.1550939869203,0.0607444624951787,62.2752291355874,10.1794097901457,122.26666831256,164.296187906858,78.6873143954264,251.371974229139,227.045075585793,126.557975516174,331.838606471909,174.245185046411,28.4818404872571,342.100359016675,459.698343332003,220.165960815407,703.335126550474,635.268818091195,354.10737413591,928.479592814519
2005,62,Río Negro,Patagonia,Mujer,50 a 59,27633,4634,976.184471434785,4170.6,878.566024291225,0.160198202350772,0.0313904373981262,0.195947500892634,3,1,0.577350269189626,41.9936509794637,0.095738854348258,43.1645363954662,5.39524231322522,90.0969247157155,399.915769607616,235.768252270466,567.054458539678,443.655758172066,275.007175102962,617.905474067925,156.206479193233,19.5246347237912,326.048292678014,1447.23978434341,853.212652518604,2052.0915519114,1605.52874523963,995.212879900707,2236.11433455624
2005,62,Río Negro,Patagonia,Mujer,60 a 69,18573,2605,914.811433442455,2344.5,823.330290098535,0.148170384882766,0.0465134201542058,0.313918467519726,19,6.33333333333333,1.45296631451356,38.7722836625193,0.141268066304241,245.57581616185,134.676853980952,357.143523852136,331.248563513938,106.85305939036,558.630603262597,577.040593503769,324.596911242588,830.214503203234,1322.21943768831,725.121703445604,1922.91780462034,1783.49520009658,575.313947075648,3007.75643817691,3106.87876758611,1747.68164132121,4470.00755507045
2005,62,Río Negro,Patagonia,Mujer,70 a 79,11755,3354,924.422362849376,3018.6,831.980126564546,0.285527809307605,0.0624359794545632,0.218668645992726,45,15,2.23606797749979,37.9917924303777,0.184921326838426,570.474413409314,403.233903910276,739.357923032294,560.169338882654,255.931955115041,854.821505438189,1131.1543104971,783.746838590788,1469.80120568806,4853.03626890101,3430.31819574884,6289.73137415818,4765.37081142199,2177.21782318197,7271.98218152436,9622.75040831218,6667.34869069152,12503.6257395836
2005,62,Río Negro,Patagonia,Mujer,80+,4772,629,322.997751223109,566.1,290.697976101021,0.125604615043266,0.0612043833163907,0.487278140976811,40,13.3333333333333,2.10818510677892,27.6229305313704,0.199850784311032,367.732323989159,252.700394368233,480.310967130725,112.533956725773,17.3564295547671,227.359413433048,481.951229092566,330.465696797853,643.963460202239,7706.04199474349,5295.48186018928,10065.1921024879,2358.21367824335,363.713947082295,4764.44705433882,10099.5647337084,6925.09842409582,13494.6240612372
2005,62,Río Negro,Patagonia,Varón,30 a 39,38921,513,380.185679235951,461.7,342.167111312382,0.0173206782713085,0.0127385558870002,0.735453640294301,0,0,0,45.3386501397284,0.016576188398,2.9995863457021e-05,1.3309486526453e-06,0.000102796901248674,8.36497689682436,0.676309294384977,18.9174870464934,8.36502981355533,0.676342885488503,18.9175634987389,7.70685836875235e-05,3.41961576692607e-06,0.000264116803907079,21.4921941800682,1.73764624337755,48.6048329860317,21.4923301393986,1.73773254923692,48.6050294153256
2005,62,Río Negro,Patagonia,Varón,40 a 49,34668,1829,805.989783397972,1646.1,725.390805058102,0.0590338545402381,0.0250810246519661,0.424858326587341,1,0.333333333333333,0.333333333333333,41.0383393552881,0.0872595074687928,16.4786522617509,1.08649991924644,41.6544714361701,144.908248047566,29.4850032838966,269.121804814644,162.57528926602,45.5886843694301,288.116870502399,47.5327456494489,3.13401384344769,120.152507892495,417.98848519547,85.0496229488192,776.283041463725,468.949144069517,131.500762574796,831.074392818735
2005,62,Río Negro,Patagonia,Varón,50 a 59,27566,1915,743.919324491285,1723.5,669.527392042771,0.0722580915646487,0.0273309954119458,0.37824131277385,13,4.33333333333333,1.20185042515466,37.2275117125716,0.149790434322404,160.890772958338,74.4982470433222,249.991374692362,261.562003490057,70.9179357347003,456.872531075835,422.96520771185,213.093411701957,634.105561940677,583.656580419132,270.254106665175,906.883025075681,948.857300624165,257.26596435718,1657.37695376854,1534.37280603588,773.029861793357,2300.3176447097
2005,62,Río Negro,Patagonia,Varón,60 a 69,18249,4207,1359.66565193162,3786.3,1223.69908673811,0.235833073808782,0.0631878786668398,0.267934762696066,29,9.66666666666667,1.7950549357115,35.0931757395918,0.20417545409127,338.298704448379,214.609526452181,462.333444322999,779.271639575711,280.075238709892,1267.51337739009,1116.23815284808,600.080576803792,1627.10177580558,1853.79310892859,1176.00704943932,2533.4727619212,4270.21557113108,1534.74293774942,6945.65936429442,6116.70860237865,3288.29293004434,8916.11472302909
2005,62,Río Negro,Patagonia,Varón,70 a 79,9911,1794,569.770217191609,1614.6,512.793195472203,0.212140323216397,0.0611217876903304,0.288119612356686,55,18.3333333333333,2.47206616236522,37.5978720540069,0.2901401799049,688.086977001193,509.381141064723,874.05166528376,471.624113874831,181.009339133553,757.95225348687,1160.06431838741,812.423415990386,1501.59189021261,6942.6594390192,5139.55343622968,8819.00580449762,4758.59261300404,1826.34788753459,7647.58605072011,11704.8160466896,8197.18914327904,15150.7606721079
2005,62,Río Negro,Patagonia,Varón,80+,3296,895,828.874719806449,805.5,745.987247825179,0.212308908803374,0.163405622659949,0.76965975465158,22,7.33333333333333,1.56347191994114,23.5385723736154,0.481838209781249,171.670050865419,100.83055957368,243.743066576548,457.872417628277,31.0670356911947,1110.61128853949,630.785781726452,197.629132358681,1288.43086086733,5208.43600926636,3059.17959871601,7395.11731118166,13891.7602435763,942.567830436732,33695.7308416106,19137.9181349045,5996.02950117358,39090.7421379652
2005,66,Salta,NOA1,Mujer,30 a 39,73644,2140,1074.40907279115,1926,966.968165512922,0.0285947591121669,0.0141041211849373,0.493241475810723,0,0,0,50.7150874845366,0.0643872796179425,3.42353482351158e-05,1.4853573153891e-06,0.000113823772835913,126.018555407817,19.913073205979,243.91207238169,126.018556222976,19.9131984222497,243.912116281267,4.64876272814022e-05,2.01694274535482e-06,0.000154559465585672,171.118564184206,27.0396409836225,331.20426970519,171.118565291098,27.0398110127772,331.204329315717
2005,66,Salta,NOA1,Mujer,40 a 49,58736,2093,778.968897810988,1883.7,701.072008030755,0.0437266417512013,0.0160446792817747,0.366931432170501,3,1,0.577350269189626,46.1550939869203,0.0607444624951787,47.0985229562526,6.3958094955366,99.2723218024495,115.405058543446,34.7174258416333,197.911368250926,163.405771315829,71.3339031771758,261.442589291101,80.1868069944372,10.8890790921013,169.014440551705,196.480963197095,59.1075760038704,336.950708681091,278.203778459256,121.448350546813,445.114732516857
2005,66,Salta,NOA1,Mujer,50 a 59,45513,4020,1074.21183271982,3618,966.790649448837,0.0923831167173097,0.0248037640786513,0.268488063187457,17,5.66666666666667,1.37436854187255,41.9936509794637,0.095738854348258,239.723218492706,125.283666884454,351.427074296256,345.454335344641,163.604787528333,525.744343113551,585.518680816577,372.747143105519,797.930854398506,526.713726831247,275.270069835989,772.146582946095,759.023433622571,359.468256384623,1155.15202934008,1286.48667593122,818.990493058068,1753.19327312747
2005,66,Salta,NOA1,Mujer,60 a 69,29298,1631,519.025454884933,1467.9,467.122909396747,0.0731426578304848,0.023310146218845,0.318694273769331,40,13.3333333333333,2.10818510677892,38.7722836625193,0.141268066304241,518.245961160682,356.10689788764,676.906566912464,206.349415022224,80.1919709623262,338.573464093005,724.184836284535,517.732165131589,931.437544372243,1768.87828916882,1215.46487093877,2310.41902830386,704.312291017216,273.711417032993,1155.61971497374,2471.78932447449,1767.12459939787,3179.18473743001
2005,66,Salta,NOA1,Mujer,70 a 79,18470,1803,561.92505003146,1622.7,505.732545027889,0.121980004510261,0.0373767877790632,0.306417333964921,48,16,2.3094010767585,37.9917924303777,0.184921326838426,607.246818410571,435.626747857251,780.932633406466,299.749706097951,121.034027997766,483.168459255644,908.899407612527,659.115545779132,1157.24558766394,3287.74671581251,2358.56387578371,4228.11387875726,1622.9004120084,655.300638861756,2615.96350436191,4920.9496892936,3568.57361006569,6265.54189314533
2005,66,Salta,NOA1,Mujer,80+,7296,1094,463.251689598956,984.6,416.926520638867,0.118540813869492,0.0555612743335604,0.468710079844152,51,17,2.38047614284762,27.6229305313704,0.199850784311032,469.758978458015,340.6732197386,597.526055300444,197.133988083705,43.934848894037,360.483595324018,666.900773527442,465.478680957798,879.391402511503,6438.58248983025,4669.31496352248,8189.77597725389,2701.94610860341,602.177205236253,4940.83875169981,9140.63560207568,6379.91613154876,12053.0619861774
2005,66,Salta,NOA1,Varón,30 a 39,72145,1014,476.47665557709,912.6,428.828990019245,0.0156763720690544,0.00742517313721664,0.47365379594901,2,0.666666666666667,0.471404520791032,45.3386501397284,0.016576188398,32.723392300635,3.25448443942398,72.6156535829832,15.2609629641734,2.80303977127559,28.9811169867661,48.0704557044884,14.9079480957625,89.7454804580877,45.35781038275,4.51103255863051,100.652371727747,21.1531817370204,3.88528625861195,40.1706521405034,66.630335719022,20.6638687306986,124.39598095237
2005,66,Salta,NOA1,Varón,40 a 49,57319,2024,841.04460325315,1821.6,756.940142928873,0.0408641227538865,0.0168361109385997,0.412002260271168,11,3.66666666666667,1.10554159678513,41.0383393552881,0.0872595074687928,149.919257783062,63.1468661357377,239.81561975413,158.055881312114,36.6211880380269,289.846465048133,308.916957329197,157.455817486554,464.871820457036,261.552465645008,110.167424651054,418.387654624348,275.747799703613,63.8901377170344,505.672578112201,538.943382350002,274.700915030887,811.025699082391
2005,66,Salta,NOA1,Varón,50 a 59,43711,1072,622.913558496864,964.8,560.622202647641,0.0257871385043032,0.014927862028067,0.578887883414282,29,9.66666666666667,1.7950549357115,37.2275117125716,0.149790434322404,359.991462007628,228.118992307195,487.147124210484,149.225217251321,18.209449740788,315.410366403458,510.992348353991,319.35743444489,717.654203822436,823.571782863873,521.880058354179,1114.47261378254,341.390536138091,41.6587351943173,721.581218465507,1169.02461246366,730.611137802589,1641.81602759588
2005,66,Salta,NOA1,Varón,60 a 69,27718,2103,916.472993032859,1892.7,824.825693729725,0.105354856665739,0.0430802560246788,0.408906218356504,47,15.6666666666667,2.28521820013368,35.0931757395918,0.20417545409127,549.863078538689,392.085522418778,709.986943888799,391.077919972761,85.1169020012094,724.132698759582,939.826492191756,594.871888008003,1308.15933050156,1983.77616905509,1414.55199660429,2561.46527126344,1410.91680486601,307.081686994767,2612.49981513667,3390.67209824575,2146.15732739737,4719.53001840522
2005,66,Salta,NOA1,Varón,70 a 79,15878,1896,949.257916724588,1706.4,854.33212505343,0.11163155828863,0.0540754267192026,0.484409852806922,45,15,2.23606797749979,37.5978720540069,0.2901401799049,563.754436673324,397.889162903638,729.823293903245,501.320806323605,78.6780424259382,988.903879657406,1064.9131832581,618.085470473941,1586.51474849081,3550.53808208417,2505.91486902405,4596.44346834138,3157.32967831972,495.516075235786,6228.1388062565,6706.84710453523,3892.71615111438,9991.90545717858
2005,66,Salta,NOA1,Varón,80+,4826,357,207.716789155042,321.3,186.945110239268,0.0877149877149877,0.0554125149801449,0.631733714199411,33,11,1.91485421551268,23.5385723736154,0.481838209781249,258.621062313087,168.491461373067,347.833673207086,162.153879496393,19.2319308906202,333.042527405716,420.330237574265,250.486384507769,613.83528199297,5358.91136164706,3491.32742173783,7207.49426454798,3360.00579147105,398.506649204729,6901.005540939,8709.70239482523,5190.35193758328,12719.3386239737
2005,70,San Juan,Cuyo,Mujer,30 a 39,43847,4299,1222.2241110716,3869.1,1100.00169996532,0.0870634563456346,0.0232070399970268,0.266553166748823,3,1,0.577350269189626,50.7150874845366,0.0643872796179425,52.1865802186366,6.88536595558884,108.702712711069,248.141765932015,109.179492314045,389.166488468174,302.764781501221,152.596762232881,451.828120032214,119.019728188101,15.7031631710011,247.913683287497,565.92643951015,249.001054380106,887.555564732305,690.50284284266,348.02098714366,1030.46529986593
2005,70,San Juan,Cuyo,Mujer,40 a 49,36735,2378,707.68266746341,2140.2,636.914400717826,0.0720387761284459,0.0206704937171859,0.28693565921123,8,2.66666666666667,0.942809041582063,46.1550939869203,0.0607444624951787,122.905440178949,39.2500444254211,207.640155719462,130.609957217166,54.0084538167626,205.60696512672,252.818558358265,143.419340983398,365.873620365312,334.573132377702,106.846452770984,565.237935809072,355.546365093687,147.021787986287,559.703185318417,688.222562565032,390.416063654275,995.981000041683
2005,70,San Juan,Cuyo,Mujer,50 a 59,32501,4218,1117.83059381182,3796.2,1006.04753442985,0.128732747804266,0.0315118418539873,0.24478497034725,40,13.3333333333333,2.10818510677892,41.9936509794637,0.095738854348258,559.516233005989,385.844924625154,730.387099617501,365.748986798906,177.676192189868,554.795042443048,923.402674166329,668.577800635963,1177.28617519862,1721.535438928,1187.17862411973,2247.27577495308,1125.34687178519,546.679155071745,1707.0091456972,2841.15157738632,2057.09916813625,3622.30754499438
2005,70,San Juan,Cuyo,Mujer,60 a 69,22557,3355,924.041917025072,3019.5,831.637725321359,0.161842739990352,0.0403980302531988,0.249612866512313,97,32.3333333333333,3.2829526005987,38.7722836625193,0.141268066304241,1255.10422492573,1006.56112735935,1506.47625661951,425.31539753592,191.035176745926,655.695870518968,1681.94503108281,1342.02074213477,2024.74312370716,5564.14516525126,4462.30051584585,6678.53108400723,1885.51402019737,846.899750613673,2906.83987462415,7456.42164774931,5949.46465458515,8976.11882656011
2005,70,San Juan,Cuyo,Mujer,70 a 79,14949,3537,975.066103929117,3183.3,877.559493536532,0.230057093300571,0.0535966579440638,0.232971116756828,162,54,4.24264068711929,37.9917924303777,0.184921326838426,2051.39282239247,1727.90568584334,2371.1522814865,589.689820647899,274.677653485557,896.384360430657,2639.28138442092,2194.06708872076,3088.47331348987,13722.609019951,11558.6707194016,15861.6113551843,3944.67737405779,1837.43162409229,5996.2830987401,17655.2370353931,14677.0157784518,20660.0663154048
2005,70,San Juan,Cuyo,Mujer,80+,6060,412,306.002500731288,370.8,275.402250658704,0.0836642599277979,0.0588684791868137,0.703627561369898,113,37.6666666666667,3.54338193757822,27.6229305313704,0.199850784311032,1041.26506677155,850.615332631685,1237.32210616038,80.222814038729,7.06372143377308,184.589969390605,1124.24301785051,917.556508734814,1345.35729046011,17182.5918609167,14036.5566440872,20417.8565372999,1323.80881252028,116.563059963252,3046.03909885486,18551.8649810316,15141.1965137758,22200.6153541272
2005,70,San Juan,Cuyo,Varón,30 a 39,43090,1355,697.697082529375,1219.5,627.927374276466,0.034126206800056,0.0171959062051458,0.503891519672724,2,0.666666666666667,0.471404520791032,45.3386501397284,0.016576188398,32.5751943253549,2.89993357505807,71.8569436708656,20.6448720199876,3.14428968200674,41.065775138826,53.4918312908401,17.1895761041728,97.5328057530736,75.5980374224992,6.72994563717352,166.760138479614,47.9110513343875,7.29702873522102,95.3023326498631,124.139780206173,39.8922629477206,226.346729526743
2005,70,San Juan,Cuyo,Varón,40 a 49,33961,980,412.347370109183,882,371.112633098385,0.0344087699449928,0.0143392261427486,0.416731727570379,8,2.66666666666667,0.942809041582063,41.0383393552881,0.0872595074687928,109.664602922393,35.3812183353692,186.716876272595,77.6018175800252,17.5978945321293,140.534985271841,187.829675306333,92.6079732093226,286.5914808144,322.913350379534,104.181909647446,549.797933725728,228.502746032288,51.8179515683557,413.812859667974,553.074630624342,272.689182324792,843.884104750742
2005,70,San Juan,Cuyo,Varón,50 a 59,29489,1837,838.801722994657,1653.3,754.921550695048,0.0649014681636178,0.0285843873532665,0.440427438115957,50,16.6666666666667,2.35702260395516,37.2275117125716,0.149790434322404,621.056653436235,452.834698479401,794.551165352243,247.175370699153,47.3020262245681,465.433722830966,870.119406473885,608.2826523907,1150.16023379349,2106.06210260177,1535.605474853,2694.39847181065,838.195159887258,160.405663890156,1578.32996314207,2950.65755527107,2062.74425172335,3900.30260026956
2005,70,San Juan,Cuyo,Varón,60 a 69,19243,2807,883.75939767144,2526.3,795.383457903667,0.153453198080544,0.0446765878254597,0.291141458009952,119,39.6666666666667,3.63623737154524,35.0931757395918,0.20417545409127,1391.37230452591,1140.59789913047,1637.13144506307,515.131925587508,200.014197083994,837.335566972127,1907.29376970481,1496.99735587854,2309.76386822784,7230.53736177265,5927.33928769147,8507.67263453238,2676.98345157984,1039.41275832248,4351.37747218275,9911.62380972201,7779.4385276648,12003.1381189411
2005,70,San Juan,Cuyo,Varón,70 a 79,11351,3317,1058.28272505531,2985.3,952.454452549142,0.298858744619081,0.0790000732250282,0.264339172426492,140,46.6666666666667,3.94405318873308,37.5978720540069,0.2901401799049,1753.03188661035,1465.43440510262,2042.3776251722,861.795938679475,320.752738518647,1406.87914863214,2615.94982862262,2002.12427260896,3233.31233322668,15443.8541680059,12910.1788838219,17992.9312410554,7592.24683886419,2825.76635114657,12394.3189906805,23045.9856278973,17638.3073967841,28484.8236563006
2005,70,San Juan,Cuyo,Varón,80+,3745,1357,710.316562898506,1221.3,639.284906609006,0.289544807965861,0.116986529633287,0.404036012440189,80,26.6666666666667,2.98142396999972,23.5385723736154,0.481838209781249,627.590006082486,490.312805041233,761.664984914219,601.762789911354,90.4707710158789,1196.18436939979,1231.20025536353,702.062055654234,1833.85738838154,16758.0775989983,13092.464754105,20338.1838428363,16068.4323073793,2415.77492699276,31940.8376341733,32875.8412647138,18746.6503512479,48968.1545629251
2005,74,San Luis,Cuyo,Mujer,30 a 39,26535,3780,853.285408020311,3402,767.956867218886,0.139552055131676,0.0285609616283112,0.204661705636382,1,0.333333333333333,0.333333333333333,50.7150874845366,0.0643872796179425,20.083506224596,1.27151835607315,51.134574580962,218.323109204918,122.899605292482,315.879460874896,239.606388696842,140.974373592475,340.052409240162,75.6868521748484,4.79185361248595,192.706141251034,822.774106670127,463.160374194394,1190.42570520029,902.98243337796,531.277081561992,1281.52405969535
2005,74,San Luis,Cuyo,Mujer,40 a 49,22729,2362,545.921824690039,2125.8,491.329642221889,0.110333731250324,0.024302090509486,0.220259844692006,5,1.66666666666667,0.74535599249993,46.1550939869203,0.0607444624951787,77.4621075925315,15.848437905962,144.580464866607,129.365028232105,70.1869255822756,189.217363611628,206.475805453004,123.169714726017,296.679533813687,340.807372046863,69.727827471345,636.105701379766,569.162867843308,308.799003837721,832.493130413251,908.424503730933,541.905559971917,1305.29074668348
2005,74,San Luis,Cuyo,Mujer,50 a 59,18366,3101,727.026904122846,2790.9,654.324213709744,0.138266039137974,0.029933245772239,0.216490223910798,17,5.66666666666667,1.37436854187255,41.9936509794637,0.095738854348258,237.435338068475,124.964631186393,351.707129295376,268.266027997243,144.373366576865,389.919974244011,505.67803528511,337.832411964546,675.097142646404,1292.79831247128,680.412888959995,1914.99035879002,1460.66660131353,786.090420215971,2123.05332812812,2753.33788133023,1839.44469108432,3675.79844629426
2005,74,San Luis,Cuyo,Mujer,60 a 69,13051,908,311.188672014252,817.2,280.069804812691,0.0842908715832903,0.0279202837973671,0.331237336533864,27,9,1.73205080756888,38.7722836625193,0.141268066304241,349.316408413601,219.512691486417,481.155485211988,115.216782874947,40.156863046012,193.144873689583,465.608942418654,315.152311307112,615.735552071142,2676.54898792124,1681.96070405652,3686.73270409921,882.819576085714,307.691847720573,1479.92394214683,3567.61123606355,2414.77519965606,4717.91856617226
2005,74,San Luis,Cuyo,Mujer,70 a 79,8511,695,243.091020033827,625.5,218.781918030542,0.0919582475742429,0.0315306032595444,0.342879557748075,58,19.3333333333333,2.53859103528797,37.9917924303777,0.184921326838426,736.80155941435,543.559505091893,923.623248753884,115.322747668609,38.325070290981,194.290738841235,850.30156928843,646.122351423013,1054.13535010872,8657.05039847668,6386.5527563376,10852.1119580999,1354.98469825647,450.300438150406,2282.81916157015,9990.61883783845,7591.61498558351,12385.5639773085
2005,74,San Luis,Cuyo,Mujer,80+,3632,686,287.616783393331,617.4,258.855105054465,0.190968141045469,0.0716826658432033,0.375364526516159,44,14.6666666666667,2.21108319357027,27.6229305313704,0.199850784311032,405.758834321212,286.831491053845,523.887535673912,123.907262347995,27.6791114267245,222.719895815449,529.815809883503,375.937405604588,682.760372518086,11171.7740727206,7897.34281535917,14424.2162905813,3411.54356685007,762.090072321711,6132.155721791,14587.4396994356,10350.6994935184,18798.468406335
2005,74,San Luis,Cuyo,Varón,30 a 39,27806,1199,459.783874849803,1079.1,413.805487364984,0.0468420367235317,0.017530759016094,0.374252706379165,4,1.33333333333333,0.666666666666667,45.3386501397284,0.016576188398,61.5099099222094,9.90147642713546,120.752409255744,17.882598627796,4.98200418076109,31.1210709080491,79.3666635858128,25.6575817778668,140.521777412496,221.210925419727,35.6091362552523,434.267457583775,64.3120140537868,17.9170113671909,111.922142372326,285.429992037017,92.2735444791297,505.364947897921
2005,74,San Luis,Cuyo,Varón,40 a 49,22918,1270,495.955285414929,1143,446.359756873385,0.0700410564372817,0.0261567788635182,0.373449233835305,8,2.66666666666667,0.942809041582063,41.0383393552881,0.0872595074687928,109.595363972255,34.7461934399546,186.37635833659,99.706722616358,25.8212649053644,175.994957806259,210.454783719467,103.621663960923,318.603508884787,478.206492592089,151.610932192838,813.231339281743,435.058568009241,112.668055263829,767.933317943359,918.29471908311,452.140954537583,1390.18897322972
2005,74,San Luis,Cuyo,Varón,50 a 59,18524,2100,647.236042712987,1890,582.51243844175,0.11975668483082,0.0345854167042877,0.288797379061941,31,10.3333333333333,1.85592145427667,37.2275117125716,0.149790434322404,385.903982935074,250.126545940263,518.971469441711,284.055466010342,113.275275766281,451.498422262365,669.126647505469,450.742794817402,884.412775676277,2083.26486145041,1350.28366411285,2801.61665645493,1533.44561655335,611.505483514795,2437.37001869124,3612.21468098396,2433.29083792595,4774.41576158647
2005,74,San Luis,Cuyo,Varón,60 a 69,12207,1909,706.299465916676,1718.1,635.66951932515,0.199639786195677,0.0653838074925876,0.32750890360352,46,15.3333333333333,2.26077666104176,35.0931757395918,0.20417545409127,538.114391212907,383.977232647267,690.426552589897,351.346371261199,103.933023034546,608.538329399431,887.102007939997,597.864632940454,1182.10208178202,4408.24437792174,3145.54954245324,5655.98879814776,2878.23684165806,851.421504338053,4985.15875644656,7267.15825296958,4897.71961121041,9683.80504449922
2005,74,San Luis,Cuyo,Varón,70 a 79,6709,629,246.621441904502,566.1,221.959297713935,0.108323765786452,0.0420820739488927,0.388484222676052,59,19.6666666666667,2.5603819159562,37.5978720540069,0.2901401799049,739.236155289075,549.968917965322,926.758774693844,163.21257087069,42.3111332617936,285.088923288695,903.839309383671,678.028210678657,1126.85502817461,11018.5743820104,8197.47977292178,13813.6648486189,2432.74065987017,630.662293364042,4249.35047382166,13472.0421729568,10106.2484823171,16796.1697447401
2005,74,San Luis,Cuyo,Varón,80+,2166,0,0,0,0,0,0,,34,11.3333333333333,1.9436506316151,23.5385723736154,0.481838209781249,266.818264517612,176.745588974315,356.844984910436,3.20408203520114e-07,1.62137756672961e-08,1.09262843459211e-06,266.818264952697,176.745589030158,356.8449852502,12318.4794329461,8159.99949096558,16474.8377151633,1.47926225078538e-05,7.48558433393173e-07,5.04445260661177e-05,12318.4794530331,8159.99949354378,16474.8377308495
2005,78,Santa Cruz,Patagonia,Mujer,30 a 39,16205,828,325.762485963363,745.2,293.186237367385,0.0562797371799713,0.0212682189561965,0.377901888350775,0,0,0,50.7150874845366,0.0643872796179425,3.39631529766746e-05,1.5967917404763e-06,0.000110953292921332,47.8320294813421,12.8347063555778,85.6972821175353,47.8320432710032,12.834767387283,85.6973425267911,0.000209584405903577,9.85369787396671e-06,0.000684685547185016,295.168339903376,79.2021373377214,528.832348766031,295.168424998477,79.2025139604011,528.832721547615
2005,78,Santa Cruz,Patagonia,Mujer,40 a 49,13093,1507,390.935118444215,1356.3,351.84160660025,0.131615720524017,0.0315496526228774,0.239710366643627,2,0.666666666666667,0.471404520791032,46.1550939869203,0.0607444624951787,32.5731956052867,3.02478246637001,73.9828995391777,82.12485564939,39.787646175287,124.687120953165,115.903200287623,62.2742492007911,174.861191469359,248.783285765575,23.1022872250058,565.056897114318,627.242462761705,303.884871116528,952.318956336704,885.230277916621,475.63010158704,1335.53189849048
2005,78,Santa Cruz,Patagonia,Mujer,50 a 59,8644,1237,350.71831929328,1113.3,315.646487364228,0.145700824499411,0.0374230400986025,0.256848512883698,5,1.66666666666667,0.74535599249993,41.9936509794637,0.095738854348258,70.1800411555042,13.9128114363074,133.09693779723,106.199813742105,47.737571965973,164.509611711919,176.727442386415,95.1753087510055,262.14491831426,811.893118411664,160.953394681945,1539.76096479905,1228.59571659075,552.262516959428,1903.16533678759,2044.5099767054,1101.0563252083,3032.68068387622
2005,78,Santa Cruz,Patagonia,Mujer,60 a 69,5276,1039,314.196076334789,935.1,282.776468701572,0.157080463631782,0.0432789501785283,0.275520896602266,12,4,1.15470053837925,38.7722836625193,0.141268066304241,155.751308866165,67.9546603395593,242.531052537367,132.08891332525,52.9839740712716,211.899766871486,286.206311886676,170.833425267714,405.907981107886,2952.07181323284,1287.9958366103,4596.87362656116,2503.58061647555,1004.24514919014,4016.29580878479,5424.68369762464,3237.93451985811,7693.47955094553
2005,78,Santa Cruz,Patagonia,Mujer,70 a 79,2935,447,172.642647191099,402.3,155.378382472004,0.131427638026789,0.0489168367424953,0.372195966365344,20,6.66666666666667,1.49071198499986,37.9917924303777,0.184921326838426,252.552373179604,139.14451010348,364.117792548635,74.5849651965874,20.4818754343833,130.809749310726,327.83571186944,204.296837671666,453.038707482938,8604.85087494391,4740.86916877274,12406.0576677559,2541.22539000298,697.84924819023,4456.89094755456,11169.8709325193,6960.70997177738,15435.7310897083
2005,78,Santa Cruz,Patagonia,Mujer,80+,1024,82,49.110692086701,73.8,44.1996228779802,0.132972972972973,0.0806157241358864,0.60625646199752,13,4.33333333333333,1.20185042515466,27.6229305313704,0.199850784311032,119.075258236952,54.17909471636,184.774575878623,15.3161080157849,1.83370746707859,32.7911438474537,134.949255461275,67.51386700919,202.596435755647,11628.4431872023,5290.92721839453,18044.3921756467,1495.71367341649,179.072994831893,3202.2601413529,13178.6382286401,6593.15107511621,19784.8081792624
2005,78,Santa Cruz,Patagonia,Varón,30 a 39,16524,322,187.83977350578,289.8,169.05579615546,0.024603107224722,0.0141881429177021,0.576680936603219,1,0.333333333333333,0.333333333333333,45.3386501397284,0.016576188398,18.0650845568336,1.3368053891911,45.9897515555975,4.92968938625386,0.64181976780046,10.3352105773574,23.2267668060423,5.36806450239581,51.6275670718466,109.326340818407,8.09008344947407,278.320936550457,29.8335111731655,3.88416707698173,62.5466628985559,140.563827197061,32.4864712079146,312.439887871257
2005,78,Santa Cruz,Patagonia,Varón,40 a 49,14146,1156,383.624051880297,1040.4,345.261646692125,0.0904853017916159,0.0284452917396405,0.314363672070729,1,0.333333333333333,0.333333333333333,41.0383393552881,0.0872595074687928,16.6015869864649,1.17732087788453,40.9592009222845,90.3480651140495,32.688766936923,151.532266069864,108.063530086889,46.4473103064676,172.70663480499,117.358878739325,8.32264157984258,289.546167978824,638.68277332143,231.081344103796,1071.20222020263,763.915807202668,328.342360430281,1220.88671571462
2005,78,Santa Cruz,Patagonia,Varón,50 a 59,9428,1501,431.951325566649,1350.9,388.756193010237,0.136966440231167,0.0364180645245689,0.265890421501091,6,2,0.816496580927726,37.2275117125716,0.149790434322404,74.3832026765098,18.913138834244,134.025849178332,201.790304560222,88.3932067257257,315.221354797387,275.879517773153,151.5817421561,406.520265542758,788.960571452162,200.606054669538,1421.57243506928,2140.3299168458,937.560529547366,3343.45942721029,2926.17222924431,1607.78258544867,4311.8398975685
2005,78,Santa Cruz,Patagonia,Varón,60 a 69,5480,772,261.54709112752,694.8,235.392382014968,0.12933730454207,0.0414812959497292,0.320721821879599,19,6.33333333333333,1.45296631451356,35.0931757395918,0.20417545409127,221.365543443801,122.803735969487,321.336737713721,141.9470685645,48.0108305069325,234.308303097767,363.281850978588,229.282000969165,496.805571942461,4039.51721612776,2240.94408703443,5863.80908236718,2590.27497380474,876.110045746943,4275.69896163809,6629.2308572735,4183.97811987528,9065.79510843907
2005,78,Santa Cruz,Patagonia,Varón,70 a 79,2656,177,93.0497950942466,159.3,83.7448155847316,0.138884045335658,0.0674421426794419,0.485600361916634,17,5.66666666666667,1.37436854187255,37.5978720540069,0.2901401799049,212.936072737558,110.900306121946,312.158690609127,46.7317790642365,7.48300742225312,93.774991183356,260.354555820726,148.546785469127,371.053182823216,8017.17141331167,4175.46333290461,11752.9627488376,1759.47963344264,281.739737283627,3530.6849090119,9802.5058667442,5592.87595892798,13970.3758593078
2005,78,Santa Cruz,Patagonia,Varón,80+,647,0,0,0,0,0,0,,10,3.33333333333333,1.05409255338946,23.5385723736154,0.481838209781249,78.7303459799424,30.5743524273288,128.200170156537,3.24648943902538e-07,1.54852399236101e-08,1.0739225659684e-06,78.7303467169999,30.5743533954959,128.200170576744,12168.5233353852,4725.55678938622,19814.5548928188,5.01775802013197e-05,2.39339102374191e-06,0.000165984940644265,12168.5234493045,4725.55693902564,19814.5549577657
2005,82,Santa Fe,Centro,Mujer,30 a 39,200714,6543,2973.05039698554,5888.7,2675.74535728975,0.0312104814047287,0.013975038704775,0.447767483094883,3,1,0.577350269189626,50.7150874845366,0.0643872796179425,52.4148865592411,6.01182554828229,108.242214535019,383.079140573173,73.5292290446721,715.465559717016,435.1871024861,125.949730571524,769.008451464864,26.1142155301778,2.99521983931479,53.9285822289521,190.858206489419,36.6338317430135,356.460216884231,216.819505608029,62.7508447699335,383.136428682037
2005,82,Santa Fe,Centro,Mujer,40 a 49,185500,5941,2032.18594562314,5346.9,1828.96735106079,0.0417873471142199,0.0141680002237406,0.339050004419144,27,9,1.73205080756888,46.1550939869203,0.0607444624951787,414.947868083323,257.917814428275,567.088278681092,324.862030674221,105.767779039724,545.033460999943,738.542986537601,470.909257824117,1002.9495076889,223.69157309074,139.039253061065,305.707966943985,175.127779339203,57.0176706413605,293.81857735846,398.136380882804,253.859438180117,540.673589050618
2005,82,Santa Fe,Centro,Mujer,50 a 59,163505,19556,5259.09649349253,17600.4,4733.1868441359,0.125637273447594,0.031538443312127,0.251027759889126,114,38,3.55902608401044,41.9936509794637,0.095738854348258,1592.30753063331,1308.61234032877,1881.29130616856,1709.33817911376,823.422198347944,2584.48906235728,3299.02099876933,2363.2540457372,4228.52602154841,973.858616331801,800.350044542231,1150.6016979105,1045.43480573301,503.606738844649,1580.67891645961,2017.68814334078,1445.37111754209,2586.17535949874
2005,82,Santa Fe,Centro,Mujer,60 a 69,131181,20607,5111.09708670025,18546.3,4599.98737803258,0.161024336456063,0.0360193125830411,0.223688626053548,308,102.666666666667,5.84997625826142,38.7722836625193,0.141268066304241,3979.90518917993,3538.69726529681,4425.59413564227,2622.83143511027,1355.34888635484,3910.9342256328,6601.86275631305,5269.75792999294,7983.97232814689,3033.90368207281,2697.56844763861,3373.65482474007,1999.3988726342,1033.18993326384,2981.32673606147,5032.63640032707,4017.16554226064,6086.22615176503
2005,82,Santa Fe,Centro,Mujer,70 a 79,105656,6670,2265.14301719176,6003,2038.62871547427,0.0612463525618789,0.0207814970020241,0.339309952882957,564,188,7.91622805802528,37.9917924303777,0.184921326838426,7143.8833413567,6557.11225037982,7749.21668038483,1113.754751899,378.260009501352,1868.575845803,8258.3251655589,7327.96503530356,9211.02187879586,6761.45542265153,6206.09548949404,7334.38392555542,1054.13298998542,358.010912301575,1768.54683671822,7816.238704436,6935.68281527179,8717.93544975758
2005,82,Santa Fe,Centro,Mujer,80+,55189,2750,1366.10217932459,2475,1229.49196139152,0.0538804832916077,0.0265853622627062,0.493413582035318,677,225.666666666667,8.67307455417179,27.6229305313704,0.199850784311032,6237.16812447664,5757.37493409778,6694.67163821395,500.491701815235,80.7455774471229,972.723641643196,6742.49762998361,6096.48771457681,7408.0457788708,11301.469721279,10432.1059162112,12130.4456290456,906.868582172598,146.30737546816,1762.53173937414,12217.104187399,11046.5631096356,13423.0476704974
2005,82,Santa Fe,Centro,Varón,30 a 39,202352,6731,3560.58650353201,6057.9,3204.5278531739,0.0368301698666115,0.0190276156678037,0.516631222085489,7,2.33333333333333,0.881917103688197,45.3386501397284,0.016576188398,105.306378347346,29.0624007827956,183.890447243132,102.50765362688,15.3180831146705,204.340507632585,208.685649157973,90.3208713640917,336.50170900166,52.0411848399551,14.3622997463804,90.8765157958072,50.6580877020638,7.57001814396227,100.98269729609,103.130015595583,44.6355219439846,166.295222682089
2005,82,Santa Fe,Centro,Varón,40 a 49,179091,8251,2995.7855649276,7425.9,2696.2070084325,0.0432085044977947,0.015570312695134,0.36035296467918,46,15.3333333333333,2.26077666104176,41.0383393552881,0.0872595074687928,630.058844682996,441.98962186953,811.965375502513,650.960194272841,201.88776756138,1120.06175162929,1285.48505572098,798.375532960259,1785.9668751679,351.809328599983,246.796110284453,453.381451609803,363.480127015228,112.729153090541,625.414873795608,717.783169294369,445.793218509171,997.239880936454
2005,82,Santa Fe,Centro,Varón,50 a 59,152568,29172,8116.6117178448,26254.8,7304.95054607319,0.197223599405057,0.0488996769468478,0.247940292613856,210,70,4.83045891539648,37.2275117125716,0.149790434322404,2604.38083819662,2244.4248708733,2951.49305950277,3934.42099912605,1786.17215680697,6028.45459724602,6533.86012460541,4354.35295455337,8655.51262845999,1707.02954629845,1471.09804865588,1934.54266917229,2578.79830575615,1170.73839652284,3951.32308036155,4282.58882898472,2854.04079135426,5673.21628943159
2005,82,Santa Fe,Centro,Varón,60 a 69,111266,27203,7885.25868435849,24482.7,7096.73281593411,0.267444807358291,0.0615846464777342,0.230270488651628,505,168.333333333333,7.49073501808141,35.0931757395918,0.20417545409127,5905.04222981,5404.9537201591,6427.92784825419,4963.63791922681,2102.28562479472,7778.08851603457,10880.3991144092,7982.87822505778,13742.1703081789,5307.1398538727,4857.68673283761,5777.0818113837,4461.05541605415,1889.42320636557,6990.53485883789,9778.72765661495,7174.58902545052,12350.7363508878
2005,82,Santa Fe,Centro,Varón,70 a 79,70250,7529,3790.51946939515,6776.1,3411.46752244917,0.10666152465803,0.0506032913564288,0.474428726934751,667,222.333333333333,8.60878104676331,37.5978720540069,0.2901401799049,8360.86582940075,7715.61268793288,8994.17389917934,1987.73125674357,299.659784646555,3914.38624518949,10347.1402422977,8562.97445158896,12386.2846913497,11901.5883692537,10983.0785593351,12803.0945184048,2829.51068575597,426.561971027124,5572.08006432668,14729.0252559398,12189.2874755715,17631.7219805689
2005,82,Santa Fe,Centro,Varón,80+,24902,1164,587.282919140448,1047.6,528.554627226319,0.0988954970263381,0.0514199834402643,0.519942616058343,436,145.333333333333,6.9602043392737,23.5385723736154,0.481838209781249,3419.80853730897,3095.2345464886,3736.53159395797,512.98776277336,84.1549666233637,997.343534591068,3933.44138250427,3391.87437116141,4510.7744930383,13733.0677749136,12429.6624628086,15004.9457632237,2060.0263544027,337.944609362155,4005.07402855621,15795.6846137028,13620.8913788507,18114.1052647912
2005,86,Santiago del Estero,NOA2,Mujer,30 a 39,50140,2190,603.632501422703,1971,543.269251280318,0.0535495965441356,0.0144351859971398,0.269566662098794,1,0.333333333333333,0.333333333333333,50.7150874845366,0.0643872796179425,20.3504552762129,1.39393026984145,50.5642320832137,127.349994570438,59.4214611127086,194.114955041404,148.920462537919,77.7431072030675,222.227607038624,40.5872662070461,2.78007632597019,100.846095100147,253.988820443633,118.511091170141,387.145901558444,297.00929903853,155.052068614016,443.214214277271
2005,86,Santiago del Estero,NOA2,Mujer,40 a 49,41183,2941,730.884170355145,2646.9,657.795753319089,0.104881721282244,0.0246722601304341,0.23523889414476,9,3,1,46.1550939869203,0.0607444624951787,139.212704601167,48.4592199486103,228.141264976001,160.603856783883,83.2005961394748,239.705163086861,299.93622899893,180.886106175089,419.053740769184,338.034394291739,117.668018232305,553.96951406163,389.976098836614,202.026554985005,582.048814041865,728.301068399412,439.225180717989,1017.54058900319
2005,86,Santiago del Estero,NOA2,Mujer,50 a 59,32442,3726,1022.02221479466,3353.4,919.819993315737,0.136472407618428,0.0340623471198062,0.249591457454487,27,9,1.73205080756888,41.9936509794637,0.095738854348258,377.825106254825,239.075371997887,523.498360802537,320.13324743546,145.187839222992,495.02010978547,698.574933932469,476.162349793211,924.415799835758,1164.61718221696,736.931668817852,1613.64392085117,986.786410934777,447.530482778473,1525.86187591847,2153.30415489942,1467.73426358798,2849.44146426163
2005,86,Santiago del Estero,NOA2,Mujer,60 a 69,23191,2026,797.825459280853,1823.4,718.042913353316,0.133680351906158,0.0475506147693996,0.355703841973572,66,22,2.70801280154532,38.7722836625193,0.141268066304241,853.068069122255,647.108409075676,1059.11723220468,257.828807036893,64.0652886425167,455.217411940231,1113.31968297793,833.116330890329,1395.77357017731,3678.44452210881,2790.34284453312,4566.9321383497,1111.76235193348,276.250651729191,1962.90548894067,4800.65405966939,3592.41227584119,6018.60019049335
2005,86,Santiago del Estero,NOA2,Mujer,70 a 79,15440,1293,370.431104874892,1163.7,333.387994388033,0.109288129226146,0.0305731473812659,0.279748108031039,81,27,3,37.9917924303777,0.184921326838426,1026.979095816,802.154010962795,1255.16255354323,213.732410022021,95.2253709083174,336.447304442909,1240.47211188607,979.283866059176,1499.03412351238,6651.41901435231,5195.2979984637,8129.2911498914,1384.277266982,616.744630235216,2179.06285260951,8034.14580237094,6342.51208587549,9708.77023000247
2005,86,Santiago del Estero,NOA2,Mujer,80+,6247,409,225.865507198291,368.1,203.278956478947,0.0682298424467099,0.0375834963797562,0.550836628548723,70,23.3333333333333,2.78886675511359,27.6229305313704,0.199850784311032,646.345360288173,497.122627590478,794.540834471354,75.1449339236675,9.99739353455047,153.862105592865,722.165407474472,557.570633155668,891.809181455756,10346.4920808095,7957.78177670047,12718.7583555523,1202.89633301853,160.035113407243,2462.97591792645,11560.19541339,8925.41432936879,14275.7992869498
2005,86,Santiago del Estero,NOA2,Varón,30 a 39,51946,1989,621.968795122806,1790.1,559.771915610526,0.060741067490075,0.0184117942374365,0.303119372086192,2,0.666666666666667,0.471404520791032,45.3386501397284,0.016576188398,32.2706022525661,3.0062289987833,72.8214053378988,29.5246808842121,12.0765218891137,47.4566426163158,62.0799978931486,27.2879291950226,105.894915865912,62.1233632090364,5.78721941782485,140.18674265179,56.8372557737114,23.2482229413501,91.3576456634116,119.508716538614,52.5313386882966,203.855765344612
2005,86,Santiago del Estero,NOA2,Varón,40 a 49,41886,2108,719.074813630926,1897.2,647.167332267847,0.072051953970605,0.0234318272362482,0.325207380854761,11,3.66666666666667,1.10554159678513,41.0383393552881,0.0872595074687928,150.154427656681,60.5949183114384,239.73403645269,166.577406577301,58.3007283595798,276.773825518437,317.101475388647,174.064745141885,459.579611085712,358.483568869506,144.666280646131,572.348843175977,397.69232339517,139.18905686764,660.778841422999,757.058385591001,415.567839234792,1097.2153251342
2005,86,Santiago del Estero,NOA2,Varón,50 a 59,34487,3914,963.232585544867,3522.6,866.909326990752,0.161876751987501,0.0366201853686988,0.226222634931089,44,14.6666666666667,2.21108319357027,37.2275117125716,0.149790434322404,546.057494413639,386.283051935462,712.193841353585,528.019080286636,271.444279410995,781.732598408237,1074.35397046115,777.515732603739,1375.39588036617,1583.37197904613,1120.08308039395,2065.10813162521,1531.06701158882,787.091598025328,2266.74572565963,3115.24333940658,2254.51831879763,3988.1575096882
2005,86,Santiago del Estero,NOA2,Varón,60 a 69,21929,3855,1018.17799033227,3469.5,916.360191297749,0.271245406926745,0.0591402515734295,0.218032269167239,62,20.6666666666667,2.62466929133727,35.0931757395918,0.20417545409127,726.129585326943,542.368263886731,909.33386854389,707.469850850497,327.171500037986,1077.95188440794,1434.06148665692,1015.07821843873,1840.06060369931,3311.27541304639,2473.29227911319,4146.71835717037,3226.18382439006,1491.9581377992,4915.64542116806,6539.5662668472,4628.93072387583,8390.99185416259
2005,86,Santiago del Estero,NOA2,Varón,70 a 79,12566,1973,594.770682924254,1775.7,535.293614632247,0.297636607442172,0.0717984608021606,0.241228595565518,71,23.6666666666667,2.80871659105879,37.5978720540069,0.2901401799049,890.039999912329,679.305303058676,1102.36533780842,514.845893778291,213.257217417733,816.12843604504,1403.62160670525,1041.82239762928,1779.77171159755,7082.92217023976,5405.89927629059,8772.60335674377,4097.13428122148,1697.09706682901,6494.73528604998,11169.9952785712,8290.80373730132,14163.3909883619
2005,86,Santiago del Estero,NOA2,Varón,80+,4137,318,204.411532219751,286.2,183.970378997715,0.0795663052543787,0.0499860073745153,0.628230847400878,35,11.6666666666667,1.97202659436654,23.5385723736154,0.481838209781249,275.06574501805,186.069245231129,364.993627228842,144.730836174763,15.9788113650943,316.216646822019,420.88270492842,263.511081965165,612.151964197515,6648.91817785957,4497.68540563522,8822.66442419245,3498.44902525412,386.241512330054,7643.62211317427,10173.6211005178,6369.6176447949,14797.0017935101
2005,90,Tucumán,NOA2,Mujer,30 a 39,87800,7861,2163.63391823141,7074.9,1947.27052640981,0.0895250990167917,0.0231182753328462,0.258232334694319,4,1.33333333333333,0.666666666666667,50.7150874845366,0.0643872796179425,68.1030612557583,12.6475617674134,133.817174870444,455.079250160116,206.611740836818,698.945232647757,524.618227315914,271.503503687774,780.611049266758,77.566128992891,14.4049678444344,152.411360900278,518.313496765508,235.320889335784,796.065185248015,597.515065280084,309.229503061246,889.078643811798
2005,90,Tucumán,NOA2,Mujer,40 a 49,77994,2868,1073.88664090242,2581.2,966.497976810993,0.0466501599465038,0.0170459569982656,0.365399754637777,17,5.66666666666667,1.37436854187255,46.1550939869203,0.0607444624951787,261.953037149161,138.923619610009,388.677739351514,156.475445927505,45.0372266127556,273.645526918814,419.369105841607,249.071046027558,590.041365110799,335.86306273452,178.120906236389,498.343128127182,200.624978751577,57.7444760016868,350.854587428281,537.694060878538,319.346418990638,756.521482563786
2005,90,Tucumán,NOA2,Mujer,50 a 59,65473,8538,2158.18667408861,7684.2,1942.36800668078,0.139621338760084,0.0321381058327068,0.230180473257965,58,19.3333333333333,2.53859103528797,41.9936509794637,0.095738854348258,811.574687299937,605.397986973206,1019.8574017497,735.194353589575,375.892735593153,1107.58561411319,1544.77120038406,1128.80408338063,1977.18288844231,1239.55628625531,924.652890463559,1557.67629671727,1122.89700119068,574.11869868977,1691.66773190963,2359.40189144236,1724.07570048819,3019.84465114216
2005,90,Tucumán,NOA2,Mujer,60 a 69,41612,8759,2226.89120907713,7883.1,2004.20208816792,0.277573943661972,0.0557280975712776,0.200768475729635,134,44.6666666666667,3.85861230093008,38.7722836625193,0.141268066304241,1729.10901222844,1440.61844064224,2025.63125068639,1112.68741495897,559.364940061117,1672.62873141891,2840.55974631172,2208.31641169787,3474.33925239828,4155.31340052975,3462.0264362257,4867.90168866286,2673.95802883536,1344.23949836854,4019.58264783934,6826.29949608698,5306.9220698305,8349.36857732932
2005,90,Tucumán,NOA2,Mujer,70 a 79,30425,2621,1376.75618570115,2358.9,1239.08056713092,0.094480714543197,0.0464628910884433,0.491771165291095,180,60,4.47213595499958,37.9917924303777,0.184921326838426,2278.20075637206,1946.82977881062,2612.41140797531,446.177428485352,66.0724278057614,889.095350195468,2729.56319411946,2212.51113945304,3269.09038971544,7487.9236035236,6398.78316782456,8586.39739679642,1466.48292024767,217.164922944162,2922.25258897442,8971.44846054055,7272.01689220391,10744.7506646358
2005,90,Tucumán,NOA2,Mujer,80+,12082,1472,902.464469351055,1324.8,812.218022415266,0.118454935622318,0.0672306463606606,0.567563065291084,149,49.6666666666667,4.06885187191123,27.6229305313704,0.199850784311032,1370.95676831186,1154.90976633961,1596.87775044166,276.170329200497,33.3273663596309,580.247874863661,1649.74591603863,1307.80559244513,2020.92397671368,11347.1012109904,9558.92870666785,13216.9984310682,2285.79977818653,275.843124976254,4802.58131818955,13654.5763618493,10824.4131140964,16726.733791704
2005,90,Tucumán,NOA2,Varón,30 a 39,87686,314,313.999999999711,282.6,282.599999999708,0.00453444153843685,0.00453554716967389,1.0002438296376,6,2,0.816496580927726,45.3386501397284,0.016576188398,91.0909514553765,21.3123976961598,163.748806894687,5.56461644922921,0.361795690887924,14.126235590256,96.7866961992712,26.9654035805184,170.120213910671,103.883118690984,24.3053596881597,186.744528082804,6.34607172094657,0.412603711981301,16.1100239379787,110.378733434381,30.7522336296768,194.010690316209
2005,90,Tucumán,NOA2,Varón,40 a 49,73981,2532,1115.99569192568,2278.8,1004.39612273336,0.0427791022921399,0.0186559986317649,0.43610075088445,13,4.33333333333333,1.20185042515466,41.0383393552881,0.0872595074687928,177.806364227836,81.8272044440947,275.920932806349,199.491199378613,38.5670951415081,370.29642779577,377.241350369503,190.06996752183,574.216416663101,240.340579645904,110.605702064171,372.961885898202,269.651936819742,52.131081144494,500.5290923288,509.916533122698,256.917272707628,776.167416854464
2005,90,Tucumán,NOA2,Varón,50 a 59,63317,3473,1281.97384605979,3125.7,1153.77646145223,0.0539006725297465,0.0198164090036811,0.367646785719509,93,31,3.21455025366432,37.2275117125716,0.149790434322404,1153.58981535091,917.2220035848,1395.60792849013,466.198773227091,135.335591499483,804.187288522709,1618.72330887612,1219.5837009094,2036.68322059894,1821.92746869072,1448.61885999779,2204.15990727629,736.293212292261,213.742899220561,1270.09695425037,2556.53822650492,1926.15522041378,3216.64516733095
2005,90,Tucumán,NOA2,Varón,60 a 69,36719,6996,1867.45040012262,6296.4,1680.70536010993,0.20995698422755,0.050755463888515,0.241742202933847,155,51.6666666666667,4.14996653266291,35.0931757395918,0.20417545409127,1815.14573193482,1526.38008864172,2096.02907674473,1285.87695874034,605.134441475153,1966.20982301513,3102.19656781605,2362.18956110232,3834.36433115463,4943.34195357939,4156.9217261955,5708.29564188767,3501.93893826178,1648.0144924294,5354.74774099275,8448.47781207563,6433.15330238382,10442.4530383579
2005,90,Tucumán,NOA2,Varón,70 a 79,22281,1852,1047.88851283695,1666.8,943.099661553328,0.089157528751003,0.0476455756192065,0.534397669907046,192,64,4.61880215351701,37.5978720540069,0.2901401799049,2402.15867065644,2059.93688889118,2744.09906429375,498.542210592168,60.8318528270149,1023.75373401182,2905.49669995681,2337.38893635247,3532.5053505297,10781.1977499055,9245.26228127633,12315.8703123457,2237.52170276095,273.021196656411,4594.73871914105,13040.2437052054,10490.5028335913,15854.3393498034
2005,90,Tucumán,NOA2,Varón,80+,6817,1396,1010.58987881875,1256.4,909.530890935851,0.21748312272806,0.136659791078869,0.628369637904034,87,29,3.10912635102961,23.5385723736154,0.481838209781249,681.451525245332,539.60307684279,825.923401289285,647.4478882183,56.3425439708991,1497.71445581901,1328.29242016577,719.194176041892,2191.9639949283,9996.35507181065,7915.55048911237,12115.6432637419,9497.54860229279,826.500571672276,21970.2868684027,19484.9995623554,10550.009917,32154.3786845871
2005,94,Tierra del Fuego,Patagonia,Mujer,30 a 39,9175,1543,352.028075592991,1388.7,316.82526803377,0.140457165975523,0.0288782958298797,0.205602153719321,0,0,0,50.7150874845366,0.0643872796179425,3.4001779641123e-05,1.5306179564986e-06,0.00011449239933369,89.4569658815869,49.7425641228414,129.542444172223,89.457023502898,49.7425979401377,129.542452510711,0.000370591603717962,1.66824845394943e-05,0.00124787356222005,975.007802524108,542.153287442413,1411.9067484711,975.008430549297,542.1536560233,1411.9068393538
2005,94,Tierra del Fuego,Patagonia,Mujer,40 a 49,8288,921,228.515142235056,828.9,205.663628011468,0.103097014925373,0.0240581644523111,0.233354617199398,1,0.333333333333333,0.333333333333333,46.1550939869203,0.0607444624951787,18.3930215540075,1.36330498756474,46.958536253991,50.2347299595786,25.8559847562718,74.5945531287338,69.4264807412635,37.5653396552712,105.49866747114,221.923522611094,16.449143189729,566.584655574216,606.11401978256,311.96892804382,900.030805124684,837.674719368527,453.249754527885,1272.90863261511
2005,94,Tierra del Fuego,Patagonia,Mujer,50 a 59,4238,834,234.075218892238,750.6,210.667697002855,0.170358601906491,0.0434334777338363,0.254953241267363,2,0.666666666666667,0.471404520791032,41.9936509794637,0.095738854348258,29.7135223375668,2.88460557979709,66.9285203850538,71.9878102668209,32.2226224810779,111.562459648914,102.39087749889,52.4408103546744,156.345993432108,701.12133878166,68.0652567200823,1579.24776746234,1698.62695296887,760.326155759272,2632.4317991721,2416.0188178124,1237.39524196967,3689.14566852543
2005,94,Tierra del Fuego,Patagonia,Mujer,60 a 69,2002,270,108.092615977431,243,97.2833543797508,0.160714285714286,0.0606333659959624,0.37727427730821,3,1,0.577350269189626,38.7722836625193,0.141268066304241,39.7715448776791,4.61561993519299,82.410917786995,34.5336153030332,8.98722972716798,61.6196944967448,74.6484570321268,30.2675320382413,125.36503108697,1986.59065323072,230.550446313336,4116.42945988986,1724.95580934232,448.912573784614,3077.90681801922,3728.69415744889,1511.86473717489,6261.98956478374
2005,94,Tierra del Fuego,Patagonia,Mujer,70 a 79,986,82,49.6977057751445,73.8,44.7279351975799,0.147305389221557,0.0876713547995612,0.595167327297834,9,3,1,37.9917924303777,0.184921326838426,113.321993728173,40.475594816377,188.752753362735,14.3053788788125,1.5397513584658,30.1447528906364,128.513287057863,53.0473282704323,204.682729769535,11493.1028121879,4105.02990024107,19143.2812741111,1450.84978486942,156.161395381927,3057.27716943574,13033.8019328462,5380.05357712295,20758.8975425492
2005,94,Tierra del Fuego,Patagonia,Mujer,80+,286,17,17.0000000000237,15.3,15.299999999995,0.062962962962963,0.0666474715783183,1.05851866624388,4,1.33333333333333,0.666666666666667,27.6229305313704,0.199850784311032,37.1458557159307,6.21573233596623,72.764027843071,3.70236025807322,0.271453121228452,9.33094871667567,41.1315696265154,10.0307669971143,77.2343766824072,12988.0614391366,2173.33298460358,25441.9677772976,1294.53155876686,94.9136787512069,3262.56948135513,14381.6677015788,3507.2611878022,27005.0268120305
2005,94,Tierra del Fuego,Patagonia,Varón,30 a 39,9092,460,181.929128707244,414,163.736215836601,0.0454895066476211,0.0175578916396183,0.385976743507649,0,0,0,45.3386501397284,0.016576188398,3.02703751392558e-05,1.41629855888913e-06,0.000103993613079403,6.80780854746484,1.74708123724227,12.1925524351117,6.80783682541363,1.74712340243331,12.1925756532593,0.000332934174430882,1.55774148579975e-05,0.00114379248877478,74.8769087930581,19.2155877391363,134.101984548083,74.8772198131723,19.2160515005863,134.102239917062
2005,94,Tierra del Fuego,Patagonia,Varón,40 a 49,9390,522,198.475279348363,469.8,178.627751413421,0.0655230125523013,0.0238105030958554,0.363391458487193,1,0.333333333333333,0.333333333333333,41.0383393552881,0.0872595074687928,16.4799999491835,1.10351014017381,41.6604011577042,40.8665517548831,11.8170162559163,70.5763087371382,58.077779778338,23.5009849547609,96.3471590046004,175.505856753818,11.7519716738425,443.667743958511,435.213543715475,125.846818486861,751.611381652164,618.506706904558,250.27673008265,1026.0613312524
2005,94,Tierra del Fuego,Patagonia,Varón,50 a 59,4843,343,138.375589527601,308.7,124.538030574859,0.0671817192600653,0.0265683524162376,0.395469968748337,2,0.666666666666667,0.471404520791032,37.2275117125716,0.149790434322404,26.6731081443867,2.59777902454655,59.879954121759,46.2163038904632,11.7812142633949,82.5278184947075,73.3244327675445,29.5664155323713,121.995870571471,550.755898087688,53.6398724870235,1236.42275700514,954.290809218732,243.26273515166,1704.06397882939,1514.02917133067,610.497946156749,2519.01446565087
2005,94,Tierra del Fuego,Patagonia,Varón,60 a 69,1979,311,138.767742604098,279.9,124.890968343442,0.22536231884058,0.0844032047139795,0.374522258859459,2,0.666666666666667,0.471404520791032,35.0931757395918,0.20417545409127,25.1654657563759,2.49710924453728,57.104889496408,58.0075559161606,11.1141362425705,107.222775452606,84.2464422276571,30.6234007620117,142.202698867108,1271.62535403618,126.180355964491,2885.5426728857,2931.15492249422,561.603650458336,5418.02806733737,4257.02083009889,1547.41792632702,7185.5835708493
2005,94,Tierra del Fuego,Patagonia,Varón,70 a 79,805,169,80.2139764609172,152.1,72.1925788148759,0.213924050632911,0.0997030453991077,0.46606749032719,7,2.33333333333333,0.881917103688197,37.5978720540069,0.2901401799049,87.1755313285573,24.8152139270073,152.938460388645,44.635928791114,8.08067002231091,85.6850940759544,132.506823935138,58.1755701821206,209.615683600212,10829.2585501313,3082.63527043569,18998.5665079062,5544.83587467254,1003.80994065974,10644.1110653359,16460.4750229985,7226.77890461126,26039.2153540636
2005,94,Tierra del Fuego,Patagonia,Varón,80+,194,50,50.0000000000357,45,45.000000000001,0.226130653266332,0.209058140049677,0.924501552664129,2,0.666666666666667,0.471404520791032,23.5385723736154,0.481838209781249,16.6617797120832,1.53678790346531,38.0470854864668,26.335938372306,2.01686027902515,64.87858433042,43.850401161639,11.9371591586087,87.3315277773219,8588.54624334184,792.158713126448,19611.8997352922,13575.2259651062,1039.61870052843,33442.5692424845,22603.2995678552,6153.17482402508,45016.2514316092
2009,02,CABA,Centro,Mujer,30 a 39,231984,10717,4812.3966337203,9645.3,4331.15697035177,0.0378207013375054,0.0166422222244345,0.440029445142282,7,2.33333333333333,0.881917103688197,50.7150874845366,0.0643872796179425,119.690854937488,33.7356030573965,205.779992789673,621.765422691016,121.237993765044,1171.27086044108,740.526701735146,231.468616224772,1303.14945340148,51.5944439864335,14.5422111255072,88.7043902983278,268.020821561408,52.261360164944,504.892949703892,319.214558648504,99.7778364994017,561.741091369009
2009,02,CABA,Centro,Mujer,40 a 49,186898,13745,6795.0010244574,12370.5,6115.50092200765,0.0596240510904928,0.0282921870299599,0.474509640195702,7,2.33333333333333,0.881917103688197,46.1550939869203,0.0607444624951787,107.085846264627,29.4377740803746,185.714626562022,769.641357453751,135.990495645618,1484.30936226951,879.295783205263,237.738646764725,1598.37718696871,57.2964110181098,15.7507164765672,99.3668346167543,411.797535261882,72.7618784821762,794.181511984887,470.468267828047,127.202349283954,855.21363897351
2009,02,CABA,Centro,Mujer,50 a 59,182037,12937,5716.22101487448,11643.3,5144.59891338465,0.0551130823337846,0.0237399439615679,0.430749705084362,17,5.66666666666667,1.37436854187255,41.9936509794637,0.095738854348258,238.31175969752,124.053901130859,352.507756056428,1119.95861203055,212.21532442364,2090.80151054724,1359.44596021513,454.917045541329,2341.05619187751,130.913912939413,68.1476299493284,193.646212614154,615.236799129049,116.57812665757,1148.55854059737,746.79650852032,249.90361604582,1286.03316461901
2009,02,CABA,Centro,Mujer,60 a 69,160205,27050,8290.43798764504,24345,7461.39418887687,0.147957044140974,0.0409886840019188,0.277030973684934,56,18.6666666666667,2.49443825784929,38.7722836625193,0.141268066304241,725.340422923949,536.940213077129,912.430608469287,3433.8536160795,1410.58029224526,5504.88771746468,4164.736653085,2117.02432323915,6220.72658057224,452.75766856462,335.158211714446,569.539407926898,2143.41226308761,880.484561808473,3436.15225334083,2599.62963271122,1321.44709793025,3882.97904595502
2009,02,CABA,Centro,Mujer,70 a 79,121169,11696,4698.84998824812,10526.4,4228.96498942955,0.0939420983114982,0.0358706620606569,0.381837990692043,107,35.6666666666667,3.44802681092953,37.9917924303777,0.184921326838426,1356.70641594677,1098.31754945063,1614.62683971986,1965.36430902543,523.232638997867,3485.83108893056,3319.90701798263,1862.461047128,4877.75191818791,1119.68111971442,906.434442349634,1332.54119429875,1622.00258236465,431.820547332954,2876.83408209242,2739.89800855221,1537.07717908706,4025.57743167635
2009,02,CABA,Centro,Mujer,80+,99252,10421,4514.26419274372,9378.9,4062.83777346512,0.152653851787952,0.0611502781721378,0.400581298512403,231,77,5.06622805119022,27.6229305313704,0.199850784311032,2128.59315102443,1851.06387941888,2404.48967114149,1888.52016887645,404.70680458052,3443.40181802827,4016.1984279283,2521.94345328712,5591.29388394674,2144.63502098137,1865.01418552662,2422.61079992493,1902.75275951764,407.756825636279,3469.35257529145,4046.46599356013,2540.94975747302,5633.43195496992
2009,02,CABA,Centro,Varón,30 a 39,218877,5730,3571.54372179522,5157,3214.38934961456,0.0227834008544328,0.0140362883175678,0.616075203489072,3,1,0.577350269189626,45.3386501397284,0.016576188398,47.1428161653664,6.03751235078451,97.6976737693682,89.5608222680708,10.466443064024,190.721369712728,138.522750778783,45.4174808290385,248.905447762713,21.5384970396005,2.75840419540861,44.635879406867,40.9183341639692,4.78188346149849,87.1363230091459,63.2879428988807,20.7502299597667,113.71932535749
2009,02,CABA,Centro,Varón,40 a 49,165427,14415,6945.64178925481,12973.5,6251.07761033058,0.0869875688940741,0.0393124386894092,0.451931686207721,7,2.33333333333333,0.881917103688197,41.0383393552881,0.0872595074687928,96.1338242327586,26.5252606027178,166.738546872894,1139.996782487,189.891474129104,2203.79318611543,1236.79968733736,288.254227689678,2305.02950382821,58.1125355792939,16.0344203804202,100.792825157256,689.123772109148,114.78868269938,1332.18470147886,747.640764408085,174.248597683376,1393.38167519704
2009,02,CABA,Centro,Varón,50 a 59,147250,13014,5545.77488760751,11712.6,4991.19739884254,0.0862533414829925,0.0350634106107151,0.406516547740112,28,9.33333333333333,1.76383420737639,37.2275117125716,0.149790434322404,347.62091312093,217.998091123425,476.118741111751,1748.25615134515,382.564731163655,3183.86496748572,2100.11859266226,730.740420967502,3535.31944617922,236.075323002329,148.046241849524,323.340401434126,1187.27073096445,259.806269041531,2162.21729540626,1426.22654849729,496.258350402378,2400.89605852579
2009,02,CABA,Centro,Varón,60 a 69,117209,12028,5049.32827881296,10825.2,4544.39545092972,0.0777761811702495,0.0315430611987642,0.405561969283598,74,24.6666666666667,2.86744175568088,35.0931757395918,0.20417545409127,864.90147422366,665.624867157157,1065.68242583884,2218.56329023424,512.974614800491,4064.97164980767,3085.08185648401,1364.55453544099,4931.58679367504,737.913875405182,567.895696710284,909.215525973982,1892.82673705452,437.658042300925,3468.13951983864,2632.12027786604,1164.20627719799,4207.51545843326
2009,02,CABA,Centro,Varón,70 a 79,75586,17344,6425.60434265434,15609.6,5783.04390838161,0.181008151953338,0.0613519856634671,0.338945981169307,126,42,3.74165738677394,37.5978720540069,0.2901401799049,1577.4790581485,1306.98341619535,1852.92917647823,4558.37884319112,1335.79974519758,7855.63850079871,6137.7422539227,2901.83029700819,9441.22111004126,2086.99899207327,1729.13425263322,2451.41848553731,6030.71844414457,1767.25814991875,10392.98084407,8120.21042775474,3839.11081021379,12490.7008044364
2009,02,CABA,Centro,Varón,80+,41602,12390,5305.65165556561,11151,4775.08649000556,0.208574154087874,0.0792092048774343,0.379765197772601,146,48.6666666666667,4.02768199119819,23.5385723736154,0.481838209781249,1143.06177015649,961.555883442558,1330.58931808094,5394.50869241883,1127.59706767494,9797.37421695203,6533.42688545253,2286.14893340157,10968.3727173296,2747.61254304238,2311.32129090563,3198.37824643273,12966.9455613164,2710.43956462414,23550.248105745,15704.5980612772,5495.28612422856,26365.0130218009
2009,06,Buenos Aires,Centro,Mujer,30 a 39,1105854,96556,16065.3106503183,86900.4,14458.7795852875,0.0804815161943995,0.0126747884350705,0.157486948984101,42,14,2.16024689946929,50.7150874845366,0.0643872796179425,709.492349180399,492.147779728454,926.980682961221,5577.78394460277,3770.46768025444,7398.0289505148,6290.12191587401,4460.32741720981,8118.16936752031,64.1578679627147,44.5038657660464,83.8248704585977,504.387011721508,340.955287068134,668.987854681974,568.802203172753,403.337820110956,734.108604528293
2009,06,Buenos Aires,Centro,Mujer,40 a 49,916938,84610,14518.5749438431,76149,13066.7174494613,0.0834172263490161,0.0136751040948158,0.16393621189944,83,27.6666666666667,3.0368111930481,46.1550939869203,0.0607444624951787,1278.98972718394,1002.29874696023,1551.59954119177,4620.59879237064,3077.66990687758,6181.06284678637,5896.81054703539,4337.43844512094,7488.01247865512,139.484864536527,109.309325926096,169.215316759887,503.916163619639,335.646456671834,674.098232027288,643.098066285331,473.035084719025,816.6323654004
2009,06,Buenos Aires,Centro,Mujer,50 a 59,794870,96059,15790.8609127952,86453.1,14211.7748215184,0.109905925426832,0.0169103528537562,0.153862066927539,276,92,5.53774924194538,41.9936509794637,0.095738854348258,3861.12099793192,3398.78866860102,4314.2922591986,8269.54815777572,5612.24939845552,10948.0892126149,12124.5234449409,9444.1200976275,14843.612257782,485.755028864081,427.590507705791,542.767025953754,1040.36485938276,706.058776712609,1377.34336591076,1525.34671643676,1188.13392097167,1867.42640403865
2009,06,Buenos Aires,Centro,Mujer,60 a 69,622545,133607,17677.8863312015,120246.3,15910.0976980969,0.175267756153873,0.0207090450032087,0.118156616240511,569,189.666666666667,7.95124029458438,38.7722836625193,0.141268066304241,7356.82058657533,6766.19014157535,7967.88539151272,17013.2173990486,12669.2734874534,21455.0466870662,24351.3133531144,19956.5894508162,28788.3508214862,1181.73314163239,1086.85960718909,1279.88906689681,2732.84941635522,2035.07754257979,3446.34471195917,3911.57480232183,3205.646089972,4624.30038334357
2009,06,Buenos Aires,Centro,Mujer,70 a 79,434650,91000,13335.9298226662,81900,12002.3368404015,0.196402406708857,0.0254267627130737,0.12946258215036,1007,335.666666666667,10.5777544350816,37.9917924303777,0.184921326838426,12755.0662254549,11971.4105709216,13545.1856105761,15134.6300835994,10878.8391260224,19455.5809591911,27879.5049360512,23534.9429557794,32252.0583073339,2934.5602727378,2754.26448197897,3116.34317510092,3482.02693744379,2502.89638238178,4476.148846012,6414.24247924794,5414.68835977899,7420.23658284457
2009,06,Buenos Aires,Centro,Mujer,80+,246355,28723,6991.5673057318,25850.7,6292.41057515272,0.132535068290882,0.0298326043506466,0.225092156629604,1381,460.333333333333,12.387269450708,27.6229305313704,0.199850784311032,12704.5770618197,12038.7398907399,13392.458256104,5157.18769631481,2694.02376640844,7697.4784311926,17864.3698557968,15340.7756975586,20475.1992582481,5157.02017893677,4886.7446939335,5436.24373611415,2093.39680392718,1093.55351683889,3124.5472716984,7251.47443964879,6227.1014176934,8311.257842645
2009,06,Buenos Aires,Centro,Varón,30 a 39,1090400,35096,9159.84089963194,31586.4,8243.85680967462,0.0345344317678637,0.00887523046219674,0.256996568579873,44,14.6666666666667,2.21108319357027,45.3386501397284,0.016576188398,666.231989931869,467.106578466634,863.017129966856,521.258035824421,251.361974459931,794.459001272226,1186.7637081403,848.140423393572,1518.89278167415,61.0997789739425,42.8380941367052,79.1468387717219,47.8042952883732,23.0522720524515,72.8594095077243,108.837464062757,77.7825039796013,139.29684351377
2009,06,Buenos Aires,Centro,Varón,40 a 49,873912,39210,9552.59777226905,35289,8597.33799504692,0.0466619681621222,0.0111367271863204,0.238668183639983,93,31,3.21455025366432,41.0383393552881,0.0872595074687928,1273.5831747785,1017.18636386258,1525.34638703925,3082.88954523128,1637.16280626284,4512.57808063604,4349.82554789074,2870.67222420707,5803.08007486981,145.733572119217,116.394598525089,174.542332298818,352.768876641043,187.337261218845,516.365272548728,497.741826166792,328.48527359815,664.034831295349
2009,06,Buenos Aires,Centro,Varón,50 a 59,734504,91662,16078.0127214086,82495.8,14470.211449258,0.113145735011541,0.0186775982791107,0.165075583955555,449,149.666666666667,7.06320670013903,37.2275117125716,0.149790434322404,5571.83810818781,5062.69903431778,6090.85188085939,12367.739755254,8101.49970136853,16651.273843873,17928.5972635999,13677.0996138019,22233.7595626227,758.585127948631,689.267728197229,829.24693137946,1683.82197445542,1102.98918744738,2267.00928025893,2440.91213439272,1862.08647111546,3027.04404096134
2009,06,Buenos Aires,Centro,Varón,60 a 69,533802,121705,19064.9542160323,109534.5,17158.4587944495,0.202477581977592,0.0275090141757103,0.13586202436354,841,280.333333333333,9.66666666666667,35.0931757395918,0.20417545409127,9837.32839561936,9160.07577060744,10505.256517679,22393.5318075467,15393.4305721627,29184.8135119586,32229.2691352123,25237.6022554876,39026.1756348318,1842.87964369174,1716.00626648222,1968.00621160637,4195.10076911415,2883.73415089541,5467.34810134818,6037.68234948769,4727.89578448332,7310.98340486393
2009,06,Buenos Aires,Centro,Varón,70 a 79,309563,81218,14195.4508052982,73096.2,12775.9057247767,0.217868532902541,0.0330724865179434,0.151800198391833,1192,397.333333333333,11.508451001088,37.5978720540069,0.2901401799049,14928.0087864189,14081.151413566,15783.3677438938,21231.2134941903,13992.3962483572,28171.1319465027,36179.2921365818,28873.8378786963,43204.1193714752,4822.28457096581,4548.71913425248,5098.59632575397,6858.4467440199,4520.04801877394,9100.290392102,11687.2146014161,9327.28972089568,13956.4868448346
2009,06,Buenos Aires,Centro,Varón,80+,119684,20690,6290.78847156987,18621,5661.70962441599,0.16073093256914,0.0448136463201498,0.27881158656796,840,280,9.66091783079296,23.5385723736154,0.481838209781249,6590.3334152844,6145.21641681321,7033.51981445113,9011.7968916441,3538.43150001936,14387.6526263581,15594.6698469501,10092.0177347943,21002.7217103637,5506.44481742288,5134.53462184854,5876.74193246477,7529.65884466103,2956.47830956465,12021.3667878398,13029.8701973113,8432.21962400515,17548.4790868986
2009,10,Catamarca,NOA2,Mujer,30 a 39,25466,977,367.115662711839,879.3,330.404096440297,0.0457349422656819,0.0168318434917319,0.36803027746166,1,0.333333333333333,0.333333333333333,50.7150874845366,0.0643872796179425,20.3756169063801,1.45896847192556,52.1377828715018,56.8204378965654,16.9430127098775,98.184779850324,78.3681177066333,31.6666489092907,128.138270931419,80.0110614402738,5.72908376629845,204.734873444992,223.122743644724,66.5318962926155,385.552422250546,307.736266813136,124.348735212796,503.173921822899
2009,10,Catamarca,NOA2,Mujer,40 a 49,19432,1309,421.106565686963,1178.1,378.995909118388,0.0723248818220885,0.0227658961540324,0.314772669937216,0,0,0,46.1550939869203,0.0607444624951787,3.11097503928783e-05,1.3518142703451e-06,0.000102317456200413,71.4658751706433,26.484803123506,117.278166275975,71.4659400083827,26.4848231645197,117.27829335817,0.000160095463116912,6.95663992561293e-06,0.000526541046729172,367.774162055595,136.294787584943,603.531115047215,367.774495720372,136.294890719018,603.53176903134
2009,10,Catamarca,NOA2,Mujer,50 a 59,15754,3333,965.916697783269,2999.7,869.325028004907,0.192288461538462,0.0478263769755129,0.248722032475915,12,4,1.15470053837925,41.9936509794637,0.095738854348258,168.228796016538,73.714809698177,262.840748742719,286.016053556256,123.191794914939,449.196370238181,453.069847010952,262.281615937803,642.620164130917,1067.84814025986,467.911703047968,1668.40642847987,1815.51386032916,781.971530499803,2851.31630213394,2875.9035610699,1664.85728029582,4079.09206633818
2009,10,Catamarca,NOA2,Mujer,60 a 69,11174,2935,774.005824417401,2641.5,696.605241975947,0.270257826887661,0.057298051238629,0.212012550750089,20,6.66666666666667,1.49071198499986,38.7722836625193,0.141268066304241,257.433498903547,146.147850989762,369.258987764292,371.790077755947,182.591011497681,565.107417934773,629.332471271369,409.247228901684,853.482027382042,2303.86163328751,1307.92778762987,3304.62670274112,3327.27830459949,1634.07026577485,5057.34220453529,5632.11447352218,3662.49533651051,7638.10656329016
2009,10,Catamarca,NOA2,Mujer,70 a 79,7249,1462,454.553375463126,1315.8,409.098037916129,0.23325651480234,0.0643932954087773,0.276062151847479,32,10.6666666666667,1.88561808316413,37.9917924303777,0.184921326838426,405.602381856079,265.396362789617,543.068359467533,242.110845182033,95.939381328087,391.220636992733,648.678057247313,447.855518597582,851.627093471512,5595.28737558393,3661.14447219778,7491.63139008874,3339.92061225042,1323.48436098892,5396.89111591576,8948.5178265597,6178.16965922999,11748.20104113
2009,10,Catamarca,NOA2,Mujer,80+,3900,273,144.350142588625,245.7,129.915128329597,0.131672025723473,0.0718557152643627,0.545717397978432,24,8,1.63299316185545,27.6229305313704,0.199850784311032,221.78057632844,133.400724548597,309.347743421741,50.3138137839735,7.35097421851319,100.605077916104,272.443516393361,173.277383625932,372.006953034978,5686.68144431897,3420.53139868197,7931.99342107027,1290.09778933265,188.486518423415,2579.61738246421,6985.73118957336,4443.00983656235,9538.63982140969
2009,10,Catamarca,NOA2,Varón,30 a 39,25626,0,0,0,0,0,0,,0,0,0,45.3386501397284,0.016576188398,3.01383331235064e-05,1.54503254608723e-06,0.00010122029765469,1.11211761521104e-08,5.50090737598003e-10,3.67262543731186e-08,3.01522462862617e-05,1.56525287448044e-06,0.000101227289146381,0.000117608417714456,6.02916001751045e-06,0.000394990625359752,4.33980182319143e-08,2.14661179114182e-09,1.43316375451177e-07,0.000117662710864987,6.10806553687834e-06,0.000395017908165072
2009,10,Catamarca,NOA2,Varón,40 a 49,19574,859,318.372202323922,773.1,286.534982091296,0.0527065721298064,0.0191991204753084,0.364264259645355,4,1.33333333333333,0.666666666666667,41.0383393552881,0.0872595074687928,55.7659357670382,9.18567993187616,109.557661875863,67.5964664220736,19.0109014850704,115.798684645275,123.569821742519,56.5236925397886,197.532813247456,284.898006370891,46.927965320712,559.710135260361,345.338032196146,97.1232322727617,591.594383596993,631.295707277606,288.769247674408,1009.15915626574
2009,10,Catamarca,NOA2,Varón,50 a 59,15844,2073,652.05839011983,1865.7,586.852551107534,0.148863001675577,0.0424689161126465,0.285288591756338,16,5.33333333333333,1.33333333333333,37.2275117125716,0.149790434322404,198.353578688107,101.175109012945,296.171332536706,279.729609317379,107.574892523812,454.493538890165,477.053430834332,280.179086843325,677.978693364098,1251.91604827131,638.570493643932,1869.29646892645,1765.5239164187,678.962967204062,2868.55300991015,3010.94061369813,1768.36081067486,4279.08794094987
2009,10,Catamarca,NOA2,Varón,60 a 69,10323,1999,635.269039569611,1799.1,571.742135613374,0.266612329579135,0.0706594472613492,0.265026930198202,35,11.6666666666667,1.97202659436654,35.0931757395918,0.20417545409127,408.42595651429,275.986926871519,544.210393255439,366.999285613478,140.826928725688,596.487459329357,775.751388889946,511.017461441193,1042.58665048155,3956.46572231221,2673.51474253143,5271.82401681138,3555.16115095881,1364.20545118365,5778.23752135384,7514.78629167825,4950.28055256411,10099.6478783449
2009,10,Catamarca,NOA2,Varón,70 a 79,5533,180,136.056875096475,162,122.451187586761,0.0524441566850113,0.0390264329496278,0.74415216902099,34,11.3333333333333,1.9436506316151,37.5978720540069,0.2901401799049,425.309915778188,284.13436690346,566.108913597162,50.9087764628272,4.6468547117481,119.130677871011,478.976821186693,325.225327427096,637.241749925015,7686.78683857199,5135.26779149575,10231.5003361135,920.093556168935,83.9843613184185,2153.09376235335,8656.72910151261,5877.92024990233,11517.1109691852
2009,10,Catamarca,NOA2,Varón,80+,2263,120,120.000000000022,108,107.999999999991,0.0570522979397781,0.0559090757487777,0.97996185548552,16,5.33333333333333,1.33333333333333,23.5385723736154,0.481838209781249,124.758584617756,64.8395427733886,186.793034460596,61.8529936953928,4.55660490116608,156.259958205668,188.432761939856,99.0462232020623,298.256038113181,5512.97324868563,2865.20295065791,8254.22158464851,2733.22994676946,201.352403940171,6904.99152477543,8326.67971453187,4376.76638100143,13179.6746846302
2009,14,Córdoba,Centro,Mujer,30 a 39,233616,13368,3690.58762669552,12031.2,3321.52886403038,0.0668923990459193,0.0178593234284389,0.266985841189207,7,2.33333333333333,0.881917103688197,50.7150874845366,0.0643872796179425,117.619483102989,34.0318903743805,206.909935559574,777.287665966065,364.162979626119,1187.32639629082,895.175976611811,470.488606350584,1318.41241599175,50.3473576736992,14.5674484514676,88.5683923873253,332.720218634882,155.881009702297,508.238475228931,383.182648710624,201.393999704893,564.350222583961
2009,14,Córdoba,Centro,Mujer,40 a 49,193093,18691,4644.00939911698,16821.9,4179.60845920482,0.0960806712321725,0.0225942388503187,0.235159044587868,22,7.33333333333333,1.56347191994114,46.1550939869203,0.0607444624951787,338.853402758949,198.653374292492,479.433518720671,1015.83692208124,513.23602741725,1519.87284652199,1353.91772982635,835.480976206823,1882.76600223438,175.48715010847,102.879635353168,248.291506538648,526.086871135278,265.797324303445,787.119598598597,701.17390574819,432.683202501812,975.056580111337
2009,14,Córdoba,Centro,Mujer,50 a 59,171515,17333,4226.49833905052,15599.7,3803.8485051524,0.0859151516486664,0.0202920817509168,0.236187463579153,99,33,3.3166247903554,41.9936509794637,0.095738854348258,1388.07345335813,1111.65985324308,1660.70947366542,1490.58206235681,786.013279100889,2215.51527089033,2881.99132969095,2116.60937962639,3643.62030554025,809.30149162355,648.141476397446,968.259029044352,869.068047900658,458.276698306789,1291.73265947021,1680.31445045095,1234.06662952301,2124.3741396031
2009,14,Córdoba,Centro,Mujer,60 a 69,140211,21448,4332.58482203993,19303.2,3899.3263398323,0.147312189016759,0.0278056510895521,0.18875322724577,219,73,4.93288286231625,38.7722836625193,0.141268066304241,2831.54264168886,2463.77947140712,3203.08824328083,2722.7179849405,1640.58475966849,3799.0646185421,5550.55536021523,4422.05500927195,6696.92743060103,2019.48680323859,1757.19413698435,2284.47714036761,1941.87188233484,1170.08277500944,2709.5339299642,3958.71604953622,3153.85740724476,4776.32099521509
2009,14,Córdoba,Centro,Mujer,70 a 79,97528,10965,2526.89280597765,9868.5,2274.2035253801,0.117751288659794,0.0264221608132057,0.22438956816468,306,102,5.8309518948453,37.9917924303777,0.184921326838426,3874.24847694381,3445.88122491202,4312.70505560571,1819.94816524165,987.761290699416,2644.03877123538,5693.27894536692,4753.3856513894,6628.71990555231,3972.44737608052,3533.22248473466,4422.01732385131,1866.07760360271,1012.79764857212,2711.05607747045,5837.58402240067,4873.86765994319,6796.73519968862
2009,14,Córdoba,Centro,Mujer,80+,55143,16047,4296.48075488281,14442.3,3866.83267939643,0.267276765059684,0.0585235468272799,0.218962343450286,352,117.333333333333,6.25388767976457,27.6229305313704,0.199850784311032,3240.7269407335,2908.04388191542,3577.59579840591,2885.19004999373,1370.04927908442,4453.95711915517,6128.91792812044,4574.61147998762,7721.57320624355,5876.95072943711,5273.64104585427,6487.85122029253,5232.19638030889,2484.53888813525,8077.10338421046,11114.5892100909,8295.90606239708,14002.8166879632
2009,14,Córdoba,Centro,Varón,30 a 39,231235,7190,2459.03857196436,6471,2213.13471476395,0.0354853391972888,0.0119880311034718,0.337830534374256,6,2,0.816496580927726,45.3386501397284,0.016576188398,91.2205822270448,21.9228657379222,165.609149729161,107.014989710917,37.0144005972039,178.695889624584,199.104142174411,100.697621419073,300.557671551466,39.4492971336713,9.48077312600695,71.6194130339962,46.2797542374281,16.007265594397,77.2789109021489,86.1046736758755,43.5477420888157,129.979316086002
2009,14,Córdoba,Centro,Varón,40 a 49,183490,10669,3400.99671237267,9602.1,3060.89704113787,0.0669257147636506,0.020739293565941,0.309885275625105,32,10.6666666666667,1.88561808316413,41.0383393552881,0.0872595074687928,437.254398448362,288.199214230598,594.062005276935,832.815002310646,324.624805278115,1352.69784840404,1269.7940696885,740.106996985664,1816.00191106677,238.298762029736,157.065351915962,323.757155854235,453.87487182443,176.916892080285,737.205214673303,692.023581496812,403.350044681271,989.700752665961
2009,14,Córdoba,Centro,Varón,50 a 59,157717,17344,4618.72994702179,15609.6,4156.85695231902,0.116133352180997,0.0293738586271479,0.252932151492259,147,49,4.04145188432738,37.2275117125716,0.149790434322404,1824.89898008223,1525.02250188655,2120.1312718234,2329.230906275,1114.17195427424,3530.64292357751,4155.31519583212,2913.1818517469,5418.32202915384,1157.07183124345,966.936032188383,1344.26299753571,1476.84200579202,706.437450797466,2238.59376197716,2634.66537902199,1847.09438535281,3435.47114715208
2009,14,Córdoba,Centro,Varón,60 a 69,119172,20229,5422.50608985732,18206.1,4880.2554808759,0.167357012850918,0.040807428921909,0.243834591851017,313,104.333333333333,5.89726867098471,35.0931757395918,0.20417545409127,3662.21069501585,3273.88113961872,4065.0334686296,3709.09731974709,1814.21056929902,5670.87902194347,7370.0782616868,5445.27562736992,9376.88513310169,3073.04626507556,2747.18989327922,3411.06423373746,3112.38992359539,1522.34633076479,4758.56662801956,6184.4042742312,4569.25756668506,7868.36264651234
2009,14,Córdoba,Centro,Varón,70 a 79,69518,17720,4989.47345940032,15948,4490.52611345986,0.234267583289265,0.0547583382533417,0.233742703469682,381,127,6.50640709864771,37.5978720540069,0.2901401799049,4777.88911616312,4296.43696382526,5255.67260691641,4627.12540447513,2094.82787664492,7222.49153073769,9404.94002028559,6865.85053918012,12022.3982626503,6872.88057217285,6180.32302975525,7560.16083160679,6656.01053608437,3013.3603910425,10389.3833693974,13528.7839412607,9876.36373195448,17293.9357614579
2009,14,Córdoba,Centro,Varón,80+,26649,5262,2173.59496179792,4735.8,1956.23546561694,0.176143717920107,0.0660967242734666,0.375243154021796,246,82,5.22812904711937,23.5385723736154,0.481838209781249,1931.63139215522,1693.22354474543,2169.35816087377,2294.18310212877,560.18103696915,4147.30553532085,4220.36458299505,2476.7592639141,6117.99604770065,7248.41979869873,6353.79768376086,8140.48617536783,8608.89002262289,2102.07151101036,15562.7060502115,15836.8591053887,9294.00451767084,22957.6946515841
2009,18,Corrientes,NEA,Mujer,30 a 39,66393,3708,1356.44399982422,3337.2,1220.79959984129,0.0529168318401649,0.0187583284273644,0.354486989773384,0,0,0,50.7150874845366,0.0643872796179425,3.39195210971147e-05,1.67370487874851e-06,0.000115815450982626,214.763683037079,62.7717814160506,368.663407372061,214.763724801979,62.7718330603004,368.663427928333,5.10890019988774e-05,2.52090563575755e-06,0.000174439249593521,323.473382791979,94.5457825614908,555.274512933684,323.473445697557,94.5458603471757,555.274543895189
2009,18,Corrientes,NEA,Mujer,40 a 49,54928,7238,3421.43494316946,6514.2,3079.29144884917,0.134141921667147,0.0555273209988411,0.413944576823819,13,4.33333333333333,1.20185042515466,46.1550939869203,0.0607444624951787,200.233116282523,93.2911962817331,307.525164072652,397.749400343877,69.140180015865,761.149523708378,599.527911479036,250.150521780105,973.015931731129,364.537424050617,169.842696405719,559.869582130519,724.12867816756,125.874198980238,1385.72226133917,1091.47959415787,455.415310552186,1771.43885036981
2009,18,Corrientes,NEA,Mujer,50 a 59,44221,10574,2682.08954324386,9516.6,2413.88058891871,0.221445026178011,0.0476417975185447,0.215140517449452,22,7.33333333333333,1.56347191994114,41.9936509794637,0.095738854348258,307.573817206961,180.188607401755,440.046277389135,913.362185543689,462.185926285216,1363.44497200108,1224.02210345999,753.060571651711,1691.19038163598,695.537905535744,407.472936843931,995.107024692194,2065.44896213041,1045.17294110313,3083.2522376271,2767.9656802424,1702.94785656523,3824.4055576219
2009,18,Corrientes,NEA,Mujer,60 a 69,31033,6417,1827.19782773995,5775.3,1644.4780449657,0.193160306364761,0.0494135846082265,0.255816453898735,68,22.6666666666667,2.74873708374511,38.7722836625193,0.141268066304241,877.749378620352,670.735898294773,1089.84255495474,816.437421384945,362.249402595348,1270.78849185468,1697.73003994775,1201.82415682045,2192.05383104441,2828.43868984743,2161.36338186696,3511.88268924932,2630.8684992909,1167.30384621322,4094.9585662188,5470.7248411296,3872.7295357215,7063.6220508633
2009,18,Corrientes,NEA,Mujer,70 a 79,19840,4967,1510.98044570736,4470.3,1359.88240113432,0.301700749139502,0.07400770676448,0.245301700362235,103,34.3333333333333,3.38296385503074,37.9917924303777,0.184921326838426,1303.24372928747,1045.56579267244,1558.75997446093,830.463083804269,339.709551628477,1317.57303225468,2131.95260519653,1588.13348407639,2694.67021615663,6568.76879681183,5269.98887435704,7856.65309708129,4185.80183369087,1712.24572393386,6640.99310612239,10745.7288568373,8004.70506086891,13582.0071378862
2009,18,Corrientes,NEA,Mujer,80+,9922,651,405.486328541261,585.9,364.937695686946,0.114478311840563,0.0700350486464758,0.611775693757746,105,35,3.41565025531987,27.6229305313704,0.199850784311032,966.761707184375,778.412576513742,1147.74968581817,123.417496855701,12.5651662842286,263.572625946356,1090.73782831272,873.493976852837,1311.51512094288,9743.61728667985,7845.31925532899,11567.7251140714,1243.87721080126,126.639450556628,2656.44654249502,10993.1246554396,8803.60791022815,13218.2535874106
2009,18,Corrientes,NEA,Varón,30 a 39,62771,501,380.658608243209,450.9,342.592747418743,0.00814060553539512,0.00618873832591039,0.760230709988579,2,0.666666666666667,0.471404520791032,45.3386501397284,0.016576188398,32.4508249309471,3.16759018752547,72.5133104375199,8.19770444078576,0.729206094480689,18.7436058979865,41.048765954458,9.94225401122031,81.9304898401259,51.6971609994219,5.04626370063481,115.520400244571,13.0597002449949,1.16169265183076,29.8602951968051,65.3944750831722,15.8389288225778,130.522836724165
2009,18,Corrientes,NEA,Varón,40 a 49,52386,2628,1106.41515474591,2365.2,995.773639271715,0.059861810635013,0.0244153640219741,0.407862103784973,10,3.33333333333333,1.05409255338946,41.0383393552881,0.0872595074687928,136.60671771498,55.9023247318601,222.187878794749,207.234077396658,46.3112190078854,375.651314724112,344.132560336809,165.896689738387,533.235028608331,260.769514211775,106.712336753828,424.13598823111,395.590572665708,88.4038082844374,717.083409162967,656.917039546461,316.681345661794,1017.89605735947
2009,18,Corrientes,NEA,Varón,50 a 59,43496,3968,1559.83817403655,3571.2,1403.85435663193,0.128151577134245,0.0466241555680938,0.363820380604858,35,11.6666666666667,1.97202659436654,37.2275117125716,0.149790434322404,434.476929082474,288.237367506743,575.566710086732,531.939451932076,139.92300889007,939.705647180122,967.912254109441,551.451669511477,1404.42583147786,998.889390018563,662.675573631468,1323.26354167448,1222.96177104119,321.6916702457,2160.4415283707,2225.29026602318,1267.82156867638,3228.8620366881
2009,18,Corrientes,NEA,Varón,60 a 69,28527,3098,1395.66180529651,2788.2,1256.09562476657,0.137716092067569,0.0570378908087837,0.41417012313128,76,25.3333333333333,2.90593262902712,35.0931757395918,0.20417545409127,889.259944837615,694.131188481552,1088.63005656878,573.141267318771,114.807995039075,1062.85871476152,1461.93888183604,963.661562761051,1990.72847183343,3117.25714178713,2433.24285232079,3816.13929459384,2009.11861506212,402.45379829311,3725.79911929583,5124.75508057645,3378.06836597277,6978.4010650732
2009,18,Corrientes,NEA,Varón,70 a 79,14971,3133,1240.53258469213,2819.7,1116.47932622174,0.225557955363571,0.077037338394657,0.341541216183142,84,28,3.05505046330389,37.5978720540069,0.2901401799049,1050.12396594209,823.673608634096,1276.30313162041,819.452819221914,203.335306351445,1469.70459493337,1872.4639204786,1209.59208289894,2548.90765878848,7014.38758895258,5501.79419300044,8525.16953857731,5473.60109025392,1358.1945518098,9817.0101859152,12507.2735320192,8079.5677169123,17025.6339508949
2009,18,Corrientes,NEA,Varón,80+,5773,0,0,0,0,0,0,,51,17,2.38047614284762,23.5385723736154,0.481838209781249,398.511643643112,288.749654393157,511.63529206478,3.21137486488679e-07,1.48780037383193e-08,1.07527413290301e-06,398.511644177826,288.749654560215,511.635292764643,6903.02518002965,5001.72621502092,8862.55485994769,5.56274876994074e-06,2.57717023009168e-07,1.8625916038507e-05,6903.02518929198,5001.72621791469,8862.55487207073
2009,22,Chaco,NEA,Mujer,30 a 39,70176,3210,1252.06495850549,2889,1126.85846265565,0.0623489295580111,0.0233552848669777,0.37458998947604,6,2,0.816496580927726,50.7150874845366,0.0643872796179425,101.636148763884,24.1234343048007,182.730547413316,186.56683510017,48.3781966058499,330.507602997027,288.904955873749,129.200019400448,452.779407805522,144.830353345708,34.3756188793899,260.3889469524,265.855613172837,68.9383786563069,470.969566514231,411.686268629943,184.108554777201,645.205494478913
2009,22,Chaco,NEA,Mujer,40 a 49,56122,4726,1530.30968529583,4253.4,1377.27871676802,0.0865796812343518,0.0266017112386658,0.307251203277833,9,3,1,46.1550939869203,0.0607444624951787,138.325800759181,50.1711490028836,228.458081398356,255.643367262941,94.7202076030207,423.093862227449,396.747620551248,209.686751337082,581.89148219998,246.473398594457,89.3965806686925,407.074019811048,455.513643959483,168.775538296961,753.882367391484,706.93777939355,373.626655032041,1036.833117494
2009,22,Chaco,NEA,Mujer,50 a 59,43839,6826,1922.70930261178,6143.4,1730.4383723529,0.164402697495183,0.0416070954808073,0.253080369815869,44,14.6666666666667,2.21108319357027,41.9936509794637,0.095738854348258,618.600211931997,438.999074993228,797.595324916938,589.90652784453,260.791145976473,918.80905510823,1208.85052214091,830.582038940539,1578.19086656511,1411.07281628686,1001.38934508823,1819.3739020437,1345.62040157059,594.883884159021,2095.87138189336,2757.4774108463,1894.61903542631,3599.97004166407
2009,22,Chaco,NEA,Mujer,60 a 69,29532,5234,1579.00905043331,4710.6,1421.108145392,0.153424746767417,0.0420238313597793,0.273905170092834,62,20.6666666666667,2.62466929133727,38.7722836625193,0.141268066304241,800.646441746638,603.972647363736,1000.96021412995,667.60672278212,281.102573529457,1063.41603138044,1466.58616882074,1026.73215956439,1907.72993572564,2711.11486437301,2045.14644238025,3389.4088247662,2260.62143702465,951.857556309957,3600.8940518097,4966.09159156419,3476.67668821748,6459.87381730204
2009,22,Chaco,NEA,Mujer,70 a 79,18608,2931,970.913455007477,2637.9,873.822109507939,0.173238326656597,0.0532671616452287,0.307479081986389,112,37.3333333333333,3.52766841475279,37.9917924303777,0.184921326838426,1419.76756655211,1156.52648761375,1677.17208186288,489.299878467597,174.860824500597,802.07811492434,1908.10340413076,1507.03513230884,2318.78974545845,7629.87729230495,6215.21113291998,9013.17756805074,2629.51353432716,939.707784289539,4310.3939967989,10254.2100393957,8098.85604207247,12461.251856505
2009,22,Chaco,NEA,Mujer,80+,8401,1503,919.119885392834,1352.7,827.207896853847,0.133705643965602,0.0753587206367844,0.563616601376763,90,30,3.16227766016838,27.6229305313704,0.199850784311032,828.249713128309,657.034230542006,997.255287818766,284.135026701356,35.3692676643388,594.796471639708,1115.16220650226,809.769034792712,1472.61485401277,9858.94194891452,7820.90501775987,11870.6735843205,3382.15720392044,421.01258974335,7080.06751148325,13274.1602964202,9638.96006181064,17529.042423673
2009,22,Chaco,NEA,Varón,30 a 39,67545,2406,1009.05553249718,2165.4,908.149979246973,0.0417571398268315,0.0171031921688698,0.409587252378813,2,0.666666666666667,0.471404520791032,45.3386501397284,0.016576188398,32.4959435737502,3.0725835176933,72.2570225957545,35.9412999255853,7.99723423247202,65.4109574761574,68.9491240493453,26.6127306205991,118.107393044594,48.1100652509441,4.54894295313243,106.976123466955,53.2108963292402,11.8398611776919,96.8405618123583,102.078797911533,39.4000009187935,174.857344058915
2009,22,Chaco,NEA,Varón,40 a 49,54258,3016,1107.92940583189,2714.4,997.136465248882,0.0606001071619932,0.0216793923326667,0.357745115445332,11,3.66666666666667,1.10554159678513,41.0383393552881,0.0872595074687928,151.459104844869,60.553264335914,241.292654351473,236.112180078155,71.9381645798561,404.894581833994,386.88018834472,199.933104376118,581.860022859577,279.146125631001,111.60246292881,444.713506490238,435.165653135306,132.585359909794,746.239415079793,713.038055852999,368.485945622983,1072.3948963463
2009,22,Chaco,NEA,Varón,50 a 59,44029,2241,1024.75673155749,2016.9,922.28105840187,0.0484680268185423,0.0217372665375612,0.448486723401029,54,18,2.44948974278318,37.2275117125716,0.149790434322404,670.337632082086,491.635309235914,849.607056462953,302.837771746815,58.9834012837934,574.676837587095,974.14482215405,665.970984039952,1294.96922156224,1522.49115828678,1116.6170234071,1929.65331136967,687.814330888311,133.964889694959,1305.22346087146,2212.50726147323,1512.57349483284,2941.17336655895
2009,22,Chaco,NEA,Varón,60 a 69,27499,5193,1630.37144445022,4673.7,1467.33430000466,0.244645100502513,0.0645236256554372,0.263743788544723,86,28.6666666666667,3.09120616516523,35.0931757395918,0.20417545409127,1004.76909022003,797.862685661083,1211.54603615724,952.58481266656,366.001689233194,1543.87360696969,1961.42791316036,1331.59139733288,2576.46622695386,3653.83864947828,2901.42436328988,4405.78215992304,3464.07073954166,1330.96363225279,5614.28999952613,7132.72451056534,4842.3266203603,9369.30880015222
2009,22,Chaco,NEA,Varón,70 a 79,14478,3501,1200.16364184223,3150.9,1080.1472776594,0.237911507097554,0.0704255381497033,0.296015686710041,99,33,3.3166247903554,37.5978720540069,0.2901401799049,1242.85810289618,992.771238337912,1485.63995635761,915.810110239032,310.819366285118,1515.35259491851,2154.47123477496,1505.77541403861,2802.64900331201,8584.45989015178,6857.10207444338,10261.3617651444,6325.52914932333,2146.83910958087,10466.5878914111,14881.0003783324,10400.4380027532,19357.9845511259
2009,22,Chaco,NEA,Varón,80+,5009,553,408.87619436625,497.7,367.988574929552,0.188166351606805,0.126871760450104,0.674253177397074,28,9.33333333333333,1.76383420737639,23.5385723736154,0.481838209781249,219.722532618721,136.040537811547,300.870826146554,258.984789981919,24.5124588218631,590.898874673881,478.717488943697,224.494074832659,814.060244705128,4386.55485363787,2715.92209645732,6006.60463458882,5170.38909925971,489.368313473011,11796.7433554378,9557.14691442798,4481.81423103732,16251.9513816156
2009,26,Chubut,Patagonia,Mujer,30 a 39,37134,2579,891.867092817383,2321.1,802.680383535321,0.0710381342963825,0.0235636912375111,0.331704815602273,1,0.333333333333333,0.333333333333333,50.7150874845366,0.0643872796179425,20.6002573746311,1.50162445332041,51.1052576855884,150.430273214852,49.9330719463401,249.941763143219,172.275335999149,68.7821466961264,276.803505249467,55.4754601568134,4.04379935724784,137.623896390339,405.101182783573,134.467258971132,673.080635383258,463.92884149068,185.226872128309,745.417959954401
2009,26,Chubut,Patagonia,Mujer,40 a 49,28851,2342,823.976774980467,2107.8,741.57909748271,0.0863887864256732,0.0289128392524614,0.334682780586776,3,1,0.577350269189626,46.1550939869203,0.0607444624951787,47.1596784607763,5.58875130031739,98.4057086234555,127.922516378092,41.0564537865709,217.081421762198,176.224383804922,76.6142115483149,277.473029967461,163.459424147435,19.3710834990724,341.082488036656,443.390233884758,142.305132531181,752.422521791958,610.808581348731,265.551320745606,961.744930738832
2009,26,Chubut,Patagonia,Mujer,50 a 59,22249,4164,1063.11394791617,3747.6,956.802553123147,0.168083961248654,0.0387409065395179,0.230485444605905,9,3,1,41.9936509794637,0.095738854348258,125.847335636437,46.1984060738699,209.454493059335,358.204552820601,176.068963120575,538.505582061079,485.943959491894,282.507902231687,681.640623216409,565.631424497449,207.642617977751,941.410818730439,1609.98046123691,791.356749159848,2420.35858717731,2184.11595798415,1269.75550465948,3063.69105675046
2009,26,Chubut,Patagonia,Mujer,60 a 69,14903,2542,681.300619474689,2287.8,613.170557527944,0.146278772378517,0.036623054143306,0.250364790104601,16,5.33333333333333,1.33333333333333,38.7722836625193,0.141268066304241,207.146513065109,108.351403713908,307.084335826818,322.921653527472,153.66347852738,493.393125584343,530.05965360059,334.624172396355,728.52706107093,1389.96519536408,727.044244205247,2060.55382021618,2166.82314653071,1031.09091140965,3310.69667573202,3556.73121922156,2245.34773130481,4888.45910938019
2009,26,Chubut,Patagonia,Mujer,70 a 79,8933,1305,459.188858364291,1174.5,413.269972528585,0.185252365930599,0.0580048089485038,0.313112378657739,30,10,1.82574185835055,37.9917924303777,0.184921326838426,378.95241939243,243.695501634782,517.77154827998,218.288711205407,67.9446020794626,367.831903618002,597.451654740395,396.423263080957,798.45688528645,4242.16298435497,2728.03651219951,5796.16644218046,2443.62152922207,760.602284556841,4117.67495374456,6688.14121504976,4437.73942775055,8938.28372647991
2009,26,Chubut,Patagonia,Mujer,80+,4316,356,182.850926789239,320.4,164.565834110175,0.140341655716163,0.0705290181553874,0.502552273560392,40,13.3333333333333,2.10818510677892,27.6229305313704,0.199850784311032,369.596170523773,254.800777875107,484.600247930907,65.1079056708166,10.1897225714714,129.025074523488,434.707823343834,309.929869846638,567.390082386755,8563.39598062496,5903.63248088755,11227.9946230516,1508.5242277761,236.091811201839,2989.45955800481,10072.0070283557,7180.95157197956,13146.2020942251
2009,26,Chubut,Patagonia,Varón,30 a 39,37714,1780,640.090129268588,1602,576.081116341185,0.0673448797713133,0.0236414197234647,0.351049995244556,1,0.333333333333333,0.333333333333333,45.3386501397284,0.016576188398,18.0386007997891,1.29490487650001,45.3857925442813,26.6381154793434,8.65502185619044,45.3232173573468,45.4086150374272,18.867021990342,77.9778608502867,47.8299856811506,3.43348591106753,120.342028276718,70.6319018914552,22.9490954451674,120.17610796348,120.402542921534,50.0265736605557,206.761045898835
2009,26,Chubut,Patagonia,Varón,40 a 49,28916,2989,1231.935762151,2690.1,1108.74218593513,0.115957584378637,0.0433866582955759,0.374159728559929,5,1.66666666666667,0.74535599249993,41.0383393552881,0.0872595074687928,69.1735069566537,13.7530974899303,127.730101720184,236.189685247902,57.8218934894876,426.633504958485,306.360941659798,118.390514170532,504.541244451658,239.222253965465,47.5622405932022,441.728114954295,816.813131995786,199.965048725576,1475.42365803875,1059.48589590468,409.429084833768,1744.85144712843
2009,26,Chubut,Patagonia,Varón,50 a 59,22322,2880,813.640296755241,2592,732.276267078965,0.139130434782609,0.0374276927475694,0.269011541623155,13,4.33333333333333,1.20185042515466,37.2275117125716,0.149790434322404,161.708044060385,72.8622893040975,247.854791859618,386.54991822472,170.795987709817,601.431261251524,548.871940172271,310.569298892478,784.13918948147,724.433491893131,326.41469986604,1110.36104228841,1731.69930214461,765.146437191189,2694.3430752241,2458.88334455815,1391.31484137836,3512.85363982381
2009,26,Chubut,Patagonia,Varón,60 a 69,14094,2213,730.904591868268,1991.7,657.814132682256,0.169535240040858,0.0507151747453439,0.299142377320028,27,9,1.73205080756888,35.0931757395918,0.20417545409127,316.18537689223,194.602912973182,433.072385685347,410.212228702864,148.905122177517,673.843448516024,726.102002881985,440.249362537912,1015.24674316065,2243.40412155691,1380.75005657146,3072.74290964486,2910.54511638189,1056.51427683778,4781.0660459488,5151.85187230016,3123.66512372578,7203.39678700616
2009,26,Chubut,Patagonia,Varón,70 a 79,7090,3404,1045.39178703299,3063.6,940.852608329266,0.339871311293543,0.0807927315697604,0.237715655558761,49,16.3333333333333,2.33333333333333,37.5978720540069,0.2901401799049,614.487029531598,447.037443842825,781.563424403609,886.751157514655,355.384860827391,1421.26693519124,1498.92895033148,951.540640147583,2057.13368244401,8666.95387209588,6305.18256477892,11023.4615571736,12507.0685121954,5012.48040659226,20046.0780703983,21141.4520498093,13420.8834999659,29014.5794420875
2009,26,Chubut,Patagonia,Varón,80+,2489,352,250.343119919197,316.8,225.308807927537,0.197014925373134,0.12983944298018,0.659033536338795,23,7.66666666666667,1.59861050777091,23.5385723736154,0.481838209781249,180.465509296565,107.963210660308,253.806928736488,164.266303823056,15.9238217962591,372.972538957404,345.6957137124,178.661408161593,563.70377495356,7250.52267161771,4337.61392769416,10197.1445856363,6599.69079240884,639.767850392089,14984.834831555,13888.9398839856,7178.03970114877,22647.8013239678
2009,30,Entre Ríos,Centro,Mujer,30 a 39,84748,5980,1911.22376502239,5382,1720.10138851752,0.067838910947249,0.0207849902210328,0.306387439462215,4,1.33333333333333,0.666666666666667,50.7150874845366,0.0643872796179425,68.6775764638004,11.7936199824001,133.891724240151,345.978094390543,131.692071251449,564.782639406229,415.43133179101,191.195603186201,640.379629869774,81.0374008399023,13.9161041940813,157.988063718496,408.243373755773,155.392541713609,666.42592085504,490.196030338191,225.604855791525,755.628014666746
2009,30,Entre Ríos,Centro,Mujer,40 a 49,70811,8677,2738.10150734509,7809.3,2464.29135661133,0.152189503634557,0.0428679492011665,0.281674807903327,7,2.33333333333333,0.881917103688197,46.1550939869203,0.0607444624951787,109.061964046731,31.491786483059,187.094462167232,477.115253671619,186.735335853976,760.699254559694,585.439942007865,288.386438990699,879.996478627501,154.018392688609,44.4730147619141,264.216664313782,673.78691682312,263.709502554653,1074.26706946618,826.764121404676,407.262203599298,1242.73979837525
2009,30,Entre Ríos,Centro,Mujer,50 a 59,61311,8967,2507.78946149044,8070.3,2257.01051534205,0.130852047020673,0.0337077828650396,0.25760225867704,22,7.33333333333333,1.56347191994114,41.9936509794637,0.095738854348258,307.482923383226,178.428697660174,440.356551735562,774.138025357438,347.424147806038,1197.75007490339,1083.18543248986,635.439665278045,1530.02701721681,501.513469659973,291.02232496644,718.234169619745,1262.64132921896,566.658752599106,1953.56473537112,1766.7065167586,1036.420324702,2495.51796124156
2009,30,Entre Ríos,Centro,Mujer,60 a 69,47999,4291,1622.33180863409,3861.9,1460.0986277729,0.103036205010539,0.0365494925834726,0.354724755048327,64,21.3333333333333,2.66666666666667,38.7722836625193,0.141268066304241,826.460395005269,624.632217204178,1029.88043959396,543.280309450753,157.436072805631,945.601944212254,1373.28359551321,933.190164771128,1824.001928645,1721.8283610185,1301.34423051351,2145.6289497572,1131.8575583882,327.998651650306,1970.0450930483,2861.06709621702,1944.18668049569,3800.08318641014
2009,30,Entre Ríos,Centro,Mujer,70 a 79,33634,7217,1965.57628654116,6495.3,1769.01865788601,0.191021380466429,0.0457660799247588,0.239586164716267,119,39.6666666666667,3.63623737154524,37.9917924303777,0.184921326838426,1509.12083753452,1238.86705319219,1776.95982592062,1205.23712155784,554.89699082989,1838.34120304303,2710.03783425535,2000.2186203221,3403.15983513481,4486.89075796669,3683.37709815124,5283.22479015466,3583.38919414235,1649.80968909404,5465.72278956718,8057.43543514108,5947.01379652166,10118.2132221407
2009,30,Entre Ríos,Centro,Mujer,80+,18919,3954,1825.21927607452,3558.6,1642.69734846625,0.162012292283178,0.0655867334829778,0.404825662045076,134,44.6666666666667,3.85861230093008,27.6229305313704,0.199850784311032,1235.20562264352,1020.54172296531,1437.44486120448,723.77989989454,145.869821296014,1356.6493589085,1952.85770150496,1341.75894702766,2629.92652186753,6528.91602433277,5394.26884595016,7597.89027540819,3825.67736082531,771.022893895102,7170.83016495849,10322.2036127965,7092.12403947176,13900.9806113829
2009,30,Entre Ríos,Centro,Varón,30 a 39,83848,4458,2624.4278395546,4012.2,2361.98505559588,0.0560253581701902,0.0313233998749666,0.559093255233004,0,0,0,45.3386501397284,0.016576188398,3.05396880880812e-05,1.36283015206626e-06,9.98577865861528e-05,68.8102267305946,8.04282950191504,144.288318602598,68.8102365454444,8.04294037454248,144.288324779586,3.64226792387191e-05,1.62535797164662e-06,0.000119093820468172,82.0654359443214,9.59215425760309,172.083196501524,82.0654476498478,9.59228648810046,172.083203868412
2009,30,Entre Ríos,Centro,Varón,40 a 49,68540,1779,1084.76246143429,1601.1,976.286215292054,0.0356298818345684,0.0212414098964511,0.596168407043174,8,2.66666666666667,0.942809041582063,41.0383393552881,0.0872595074687928,110.589455568776,35.8967399818192,184.606110600972,145.446093888305,14.1122480459086,310.640808190769,255.331647034424,105.264758316815,440.218973261191,161.350241565182,52.3734169562579,269.340692443788,212.206148071644,20.5897987246989,453.225573666135,372.529394564377,153.581497398329,642.280381180611
2009,30,Entre Ríos,Centro,Varón,50 a 59,58422,9716,2649.08699280922,8744.4,2384.17829353035,0.1714151294768,0.041788556889254,0.243785697428242,38,12.6666666666667,2.05480466765633,37.2275117125716,0.149790434322404,471.124200547327,323.980836183366,622.629613990111,1314.84940090086,617.476102080771,2021.41935633437,1785.44730525242,1068.19368743589,2497.05124824468,806.415734735762,554.55279891713,1065.74511997212,2250.60662233552,1056.92393632668,3460.03107790621,3056.12150431758,1828.40999526871,4274.16255562062
2009,30,Entre Ríos,Centro,Varón,60 a 69,42065,5765,1864.93657297459,5188.5,1678.44291567998,0.152097440858324,0.0449442203429184,0.295496229846386,91,30.3333333333333,3.17979733805649,35.0931757395918,0.20417545409127,1063.40560124571,844.311259967189,1282.31850538758,1053.39964049708,394.972867646612,1722.76997130774,2120.15803957836,1429.56432604923,2831.32467807349,2528.00570841724,2007.15858782168,3048.42150335808,2504.21880541325,938.958439668637,4095.49499894862,5040.19503049651,3398.46505657726,6730.83246897299
2009,30,Entre Ríos,Centro,Varón,70 a 79,23192,3314,1315.53757394905,2982.6,1183.98381655492,0.233782724564979,0.0805425451082441,0.344518805904573,112,37.3333333333333,3.52766841475279,37.5978720540069,0.2901401799049,1401.90450811174,1140.96522544138,1659.42378877993,870.258113627765,223.624278605352,1560.39618370721,2270.14949304052,1585.52462611183,3010.510061554,6044.77625091299,4919.64998896768,7155.15603992725,3752.40649201348,964.230245797481,6728.16567655747,9788.50247085427,6836.51529023729,12980.8126144964
2009,30,Entre Ríos,Centro,Varón,80+,8691,949,674.52805693889,854.1,607.075251244874,0.155262679512816,0.100037089418461,0.644308662792358,80,26.6666666666667,2.98142396999972,23.5385723736154,0.481838209781249,627.773999926647,490.587028747009,762.947401369633,433.585760404372,38.0415987128329,980.549013684374,1060.66627155836,642.746857250799,1628.43083842815,7223.26544617014,5644.77078295948,8778.5916622901,4988.90530899059,437.712561417937,11282.3497144675,12204.1913653015,7395.54547521343,18736.978925649
2009,34,Formosa,NEA,Mujer,30 a 39,34870,1824,541.478476374969,1641.6,487.330628737878,0.0592100991884581,0.0171657388439014,0.289912347372787,3,1,0.577350269189626,50.7150874845366,0.0643872796179425,52.4151249827124,6.67515032703506,108.891642725304,105.880479862991,44.2165207693683,167.02704377895,158.538026430152,80.4241080621893,242.18283997481,150.315815838005,19.1429605019646,312.278872168925,303.643475374222,126.803902407136,478.999265210641,454.654506539007,230.639828110666,694.530656652738
2009,34,Formosa,NEA,Mujer,40 a 49,28503,2848,823.978231689695,2563.2,741.580408520026,0.0950812374805253,0.0259013732690665,0.272413085435196,17,5.66666666666667,1.37436854187255,46.1550939869203,0.0607444624951787,262.70750412909,137.254727863673,388.47459405253,155.83780248275,68.8861920236636,244.823431913742,417.940230889141,265.314651302404,570.048021161847,921.683696905905,481.544847432457,1362.92528524201,546.741755193313,241.680496872833,858.939171012673,1466.30260284581,930.830618890655,1999.95797341279
2009,34,Formosa,NEA,Mujer,50 a 59,21797,2603,794.227895942342,2342.7,714.805106348492,0.123287022418693,0.0356148227476453,0.28887730475552,32,10.6666666666667,1.88561808316413,41.9936509794637,0.095738854348258,448.44954095449,292.832517814771,602.362355908834,223.891872061958,91.0187391437399,358.481588067289,674.822427819533,473.910103004992,880.855656922371,2057.39111324719,1343.45330923875,2763.51037256886,1027.16828949836,417.574616432261,1644.63728066839,3095.94177097552,2174.19875673254,4041.17840492898
2009,34,Formosa,NEA,Mujer,60 a 69,14297,3779,935.703258493528,3401.1,842.132932642866,0.275058633238981,0.0552281896949455,0.200786970561877,65,21.6666666666667,2.68741924943285,38.7722836625193,0.141268066304241,841.328154048448,635.62344818585,1045.27305941268,480.111263045936,249.959345250883,713.603794124512,1320.51283735358,1013.49034208182,1631.03072459666,5884.64820625619,4445.85191428866,7311.13561874997,3358.12592184329,1748.33423271234,4991.28344495008,9236.29318985506,7088.83221712125,11408.2025921289
2009,34,Formosa,NEA,Mujer,70 a 79,8480,1311,469.167521995792,1179.9,422.25076979663,0.141068866571019,0.0477095134018843,0.338200161109721,72,24,2.82842712474619,37.9917924303777,0.184921326838426,912.202795027497,700.906184027246,1125.57257586886,219.120225772336,70.9552858492307,372.325384563687,1130.45795932395,870.49997859658,1391.84519703093,10757.108431928,8265.40311352884,13273.2615078875,2583.96492656057,836.736861429607,4390.62953494913,13330.872161839,10265.3299362804,16413.2688329119
2009,34,Formosa,NEA,Mujer,80+,3713,233,172.650141996864,209.7,155.385127797048,0.0406316605309049,0.0309057625821372,0.760632525924702,74,24.6666666666667,2.86744175568088,27.6229305313704,0.199850784311032,681.524083520726,523.302244133123,836.327759049628,45.7846258813431,3.82255479907098,104.327619834923,727.789919652088,563.105394994376,893.349659663446,18355.0790067527,14093.7851907655,22524.3134675364,1233.08984328961,102.950573635092,2809.79315472457,19601.1289968244,15165.7795581572,24060.0500851992
2009,34,Formosa,NEA,Varón,30 a 39,33107,746,383.484642339013,671.4,345.136178104668,0.0274983617300131,0.0140180991087326,0.509779427820694,1,0.333333333333333,0.333333333333333,45.3386501397284,0.016576188398,17.8183965686378,1.17544934975038,45.749303500788,11.5198074882186,1.68212075830304,22.5078678225208,29.6480597480261,8.93695883847846,59.3522760643624,53.820631795807,3.55045564306756,138.186194764817,34.7956851669392,5.0808613232943,67.9852231326331,89.5522389465253,26.9941669087458,179.274099327521
2009,34,Formosa,NEA,Varón,40 a 49,28158,1896,764.378061947791,1706.4,687.940255754324,0.0918061010383602,0.0346049262762816,0.376934930085119,10,3.33333333333333,1.05409255338946,41.0383393552881,0.0872595074687928,137.761453488065,52.9879871418538,220.51592085206,149.950599920253,37.0217789001719,264.818652172175,286.828833932562,146.348105017225,430.886128455865,489.244454464325,188.180933098422,783.137725875629,532.532850061273,131.478723276411,940.473940521965,1018.64064895434,519.738990756533,1530.24408145417
2009,34,Formosa,NEA,Varón,50 a 59,22147,1425,621.624196305606,1282.5,559.461776674321,0.0718567906768266,0.0303525180645226,0.422402918062846,26,8.66666666666667,1.6996731711976,37.2275117125716,0.149790434322404,323.082543718311,201.923032830813,446.757365472374,192.714808936684,39.7632903113486,356.022589788029,516.599713439007,318.257978445565,719.288490280739,1458.80951694727,911.739887257023,2017.23649014483,870.162139055783,179.542557959763,1607.54318773662,2332.5945430036,1437.02523342017,3247.79198212281
2009,34,Formosa,NEA,Varón,60 a 69,14166,1352,714.180662692741,1216.8,642.762596422619,0.124979457682827,0.0599945488905723,0.480035279420293,70,23.3333333333333,2.78886675511359,35.0931757395918,0.20417545409127,818.529409833834,626.914465590923,1011.70847713431,253.221045077609,37.859857258716,507.896471463679,1074.41348982437,784.052940265354,1390.51473878516,5778.12656948916,4425.48683884599,7141.80768836873,1787.52679004383,267.258628114613,3585.32028422758,7584.45213768439,5534.75180195789,9815.86007895777
2009,34,Formosa,NEA,Varón,70 a 79,7779,546,327.131093381253,491.4,294.417984042835,0.106594360086768,0.0613782151460149,0.575811094471162,62,20.6666666666667,2.62466929133727,37.5978720540069,0.2901401799049,776.755102543412,580.144077087569,966.579258419208,145.673441038701,16.3316851130699,310.70049483357,924.606363228781,682.51637383759,1173.8106187794,9985.2822026406,7457.82333317353,12425.4950304565,1872.6499683597,209.945817111067,3994.09300467374,11885.9283099213,8773.83177577568,15089.4796089395
2009,34,Formosa,NEA,Varón,80+,2834,0,0,0,0,0,0,,40,13.3333333333333,2.10818510677892,23.5385723736154,0.481838209781249,315.073650052364,214.444788895346,413.466511365305,3.19991090668261e-07,1.46094931594542e-08,1.06115208907271e-06,315.073650353251,214.444789737847,413.466511692821,11117.6305593636,7566.85917061911,14589.5028710411,1.12911464597128e-05,5.15507874363239e-07,3.74436164104698e-05,11117.6305699806,7566.85920034746,14589.5028825978
2009,38,Jujuy,NOA1,Mujer,30 a 39,47477,2272,774.704451798106,2044.8,697.234006618712,0.0498695217423115,0.0165200845406049,0.331266151417461,0,0,0,50.7150874845366,0.0643872796179425,3.43941404680565e-05,1.46336919832932e-06,0.00011350703097566,133.165240008061,45.2027484246535,217.630552706578,133.165269379536,45.2027823343514,217.630624489808,7.24437948228753e-05,3.08226972708747e-06,0.000239077934527582,280.483686854816,95.2097824728891,458.391542655555,280.483748719456,95.2098538963105,458.391693851356
2009,38,Jujuy,NOA1,Mujer,40 a 49,35964,2624,859.048806577081,2361.6,773.143925919869,0.0713776219549054,0.0224551662848074,0.314596727514879,2,0.666666666666667,0.471404520791032,46.1550939869203,0.0607444624951787,32.5547448461564,3.21511402646978,74.5666658003309,143.037101953978,53.4189121532675,234.970595995982,176.881613237593,80.6653353895345,276.019669934392,90.5203671620408,8.93981210785725,207.336964187329,397.723006211707,148.534401493904,653.349449438277,491.829644193062,224.294670752793,767.488794167478
2009,38,Jujuy,NOA1,Mujer,50 a 59,28741,6111,1654.67051445656,5499.9,1489.20346301156,0.201542746161457,0.0464632192252276,0.230537789675673,18,6,1.4142135623731,41.9936509794637,0.095738854348258,253.23274058604,134.620011762506,368.579136207125,529.654009823247,252.858038559047,807.072393011567,781.087534912387,480.638727577356,1087.4920845847,881.085350495948,468.390145654313,1282.41583872212,1842.85170948557,879.781630976818,2808.08737695824,2717.67695943909,1672.31038438939,3783.76564693192
2009,38,Jujuy,NOA1,Mujer,60 a 69,19810,2898,984.325264856317,2608.2,885.89273837155,0.120643878070216,0.0380389481817479,0.315299448179284,32,10.6666666666667,1.88561808316413,38.7722836625193,0.141268066304241,413.325637111018,269.332545886248,555.492274652555,365.219129102212,123.377196320042,607.000728802012,779.640478091243,501.53615707405,1063.54121037882,2086.44945538121,1359.57872734098,2804.10032636323,1843.60993994049,622.802606360634,3064.11271480067,3935.59050020819,2531.73224166608,5368.70878535496
2009,38,Jujuy,NOA1,Mujer,70 a 79,11482,3672,1020.51561343942,3304.8,918.464052095041,0.295203215721304,0.0666244219727988,0.225690027833903,36,12,2,37.9917924303777,0.184921326838426,457.242782580743,309.412530042347,602.570354209892,612.357960442236,275.976908684654,947.918448948919,1068.88129460955,701.340594826686,1432.35623481185,3982.25729472865,2694.76162726308,5247.95640315182,5333.19944645737,2403.56130190432,8255.69107253893,9309.1908605604,6108.17448899744,12474.7973768668
2009,38,Jujuy,NOA1,Mujer,80+,4989,1078,601.40805129535,970.2,541.26724616522,0.161296758104738,0.0792644379090671,0.491419907259368,29,9.66666666666667,1.7950549357115,27.6229305313704,0.199850784311032,267.27663276071,170.219617391539,364.878165164403,196.87321106308,27.9102373672133,405.303408151117,465.680697996964,265.032466254533,695.718258855609,5357.31875647846,3411.89852458486,7313.65334063746,3946.14574189377,559.435505456269,8123.94083285461,9334.14908793274,5312.33646531436,13945.0442745161
2009,38,Jujuy,NOA1,Varón,30 a 39,45788,1682,610.072797128538,1513.8,549.065517414599,0.0416921424440221,0.0148757807594558,0.356800583693408,2,0.666666666666667,0.471404520791032,45.3386501397284,0.016576188398,32.5944891956985,2.70147247831017,74.0794184040772,25.0710095294418,7.95913861487363,43.0716071480061,57.5343796628753,22.542103943817,102.854491026403,71.1856582416758,5.89995736505234,161.787844859084,54.7545416472478,17.3825862996279,94.0674568620733,125.65383869764,49.2314666371473,224.631980052421
2009,38,Jujuy,NOA1,Varón,40 a 49,33278,1582,716.214029405663,1423.8,644.592626465204,0.0478347051906602,0.0210523680273526,0.440106569977631,7,2.33333333333333,0.881917103688197,41.0383393552881,0.0872595074687928,95.5643337447983,28.2875853083498,166.427172824898,125.020941244247,26.0216523778937,234.655461755891,221.131805158905,99.8537427555917,352.235442655777,287.169702941277,85.003862336528,500.111703903172,375.686463261756,78.194760436005,705.136912542493,664.498482958425,300.059326749179,1058.46337717344
2009,38,Jujuy,NOA1,Varón,50 a 59,26458,3503,1093.89075765573,3152.7,984.501681889102,0.131073047021162,0.0380126858654629,0.290011461008652,28,9.33333333333333,1.76383420737639,37.2275117125716,0.149790434322404,347.008410741307,218.634585376748,476.152246328667,471.971054518688,187.927725998242,760.629550928332,820.621459388104,501.095993060822,1139.46500712965,1311.54437501439,826.345851450404,1799.65321010155,1783.8500813315,710.286968018149,2874.85656863078,3101.60049659122,1893.9299760406,4306.69365458329
2009,38,Jujuy,NOA1,Varón,60 a 69,17936,4231,1154.68724621649,3807.9,1039.21852159697,0.245480917998969,0.0574548893835128,0.23405032803305,53,17.6666666666667,2.42670329642684,35.0931757395918,0.20417545409127,620.134110602616,455.099361010513,787.992193097156,780.044345211831,357.675014003002,1196.74592445484,1402.74953063226,950.494669697665,1846.74012363347,3457.48277543831,2537.35147753408,4393.35522467192,4349.0429594772,1994.17380688561,6672.31224606848,7820.86045178555,5299.36814059804,10296.2763360474
2009,38,Jujuy,NOA1,Varón,70 a 79,9701,2026,795.795415636771,1823.4,716.215874073458,0.183348416289593,0.0646615456275808,0.352670325362669,50,16.6666666666667,2.35702260395516,37.5978720540069,0.2901401799049,627.838316820054,454.887338329111,798.450763706059,530.678664870711,135.80872991522,938.512291704156,1156.16599485236,729.165713842085,1600.60461430068,6471.89276177769,4689.07677898269,8230.60265648963,5470.35011721174,1399.9456748296,9674.38709106439,11918.0083996739,7516.39742131827,16499.3775311894
2009,38,Jujuy,NOA1,Varón,80+,3177,494,410.150124595559,444.6,369.135112136533,0.111849056603774,0.0860740578634721,0.769555510587723,22,7.33333333333333,1.56347191994114,23.5385723736154,0.481838209781249,172.55577035878,100.665859831618,243.846708473131,235.47828344814,18.3843060270801,573.628054443465,409.09283408021,177.406934184348,750.712868673219,5431.40605473024,3168.58230505565,7675.37640771579,7411.96989134845,578.668744950584,18055.6516979372,12876.7023632424,5584.1024294727,23629.6150038785
2009,42,La Pampa,Patagonia,Mujer,30 a 39,22258,1414,455.486595839263,1272.6,409.937936255542,0.0839003164556962,0.0256352978761393,0.305544710188026,0,0,0,50.7150874845366,0.0643872796179425,3.43389706137027e-05,1.42917231560085e-06,0.000112127227415092,81.6745517393375,30.3937213617197,134.241178032041,81.6745959652562,30.3937438354941,134.241241929867,0.00015427698182093,6.42093771048995e-06,0.00050376146740539,366.944701857029,136.551897572647,603.114287141887,366.944900553761,136.551998542071,603.114574219909
2009,42,La Pampa,Patagonia,Mujer,40 a 49,19139,2226,711.955965560666,2003.4,640.760369004253,0.115296961325967,0.0338818495530896,0.29386593682464,0,0,0,46.1550939869203,0.0607444624951787,3.11973117744364e-05,1.41982043805247e-06,0.000108005631581456,122.557458603445,47.1937815121703,198.97779283402,122.557487765273,47.1938066273388,198.977794596438,0.000163003875722015,7.41846720336732e-06,0.000564322229904677,640.354556682404,246.584364450443,1039.64571207493,640.354709051014,246.584495675525,1039.64572128344
2009,42,La Pampa,Patagonia,Mujer,50 a 59,16250,1907,571.808950870669,1716.3,514.628055782457,0.151415968239965,0.0413597188650117,0.273152953058852,6,2,0.816496580927726,41.9936509794637,0.095738854348258,85.2687049233828,20.9671065668916,150.963427129793,164.479027244774,69.5690098900847,260.577015625091,249.181579216218,134.343553041904,364.466566496026,524.730491836202,129.028348103948,929.005705414113,1012.17862919861,428.116983938983,1603.55086538518,1533.42510286903,826.729557180951,2242.87117843708
2009,42,La Pampa,Patagonia,Mujer,60 a 69,12913,2387,607.576255059444,2148.3,546.818629552744,0.204502617801047,0.0455302273658955,0.222638848614594,12,4,1.15470053837925,38.7722836625193,0.141268066304241,154.527604948582,66.6861593762732,242.846848262422,303.561891175214,152.336225712878,457.315090492913,457.895483094454,284.383972860386,635.765497305499,1196.68245139458,516.426542060506,1880.63849037731,2350.82390749798,1179.71211734591,3541.5092580571,3546.00389603077,2202.30754170515,4923.45308840315
2009,42,La Pampa,Patagonia,Mujer,70 a 79,8823,1849,458.649447849616,1664.1,412.784503065211,0.24009522435435,0.0516143328845221,0.214974425348611,13,4.33333333333333,1.20185042515466,37.9917924303777,0.184921326838426,164.986171778495,74.8218423492812,255.542758312027,306.644446653712,157.572663895072,457.175251367318,472.514062659625,297.438013596205,650.214999891468,1869.95547748492,848.031761864232,2896.32504037206,3475.51225947764,1785.93067998495,5181.63041332107,5355.48070565143,3371.16642407577,7369.5455048336
2009,42,La Pampa,Patagonia,Mujer,80+,5112,653,323.596661544446,587.7,291.236995390298,0.146339641434263,0.0646173234935551,0.441557208014492,24,8,1.63299316185545,27.6229305313704,0.199850784311032,220.720111900317,132.646377535457,307.985917631383,119.180647537039,17.6509724055956,231.838077366674,340.753483710161,206.92484070674,484.552997521507,4317.68607003751,2594.80394239939,6024.76364693628,2331.38981879966,345.28506270727,4535.17365740756,6665.7567235947,4047.82552243233,9478.73625824544
2009,42,La Pampa,Patagonia,Varón,30 a 39,22294,520,269.608051724854,468,242.647246552771,0.0306965761511216,0.0157340062164849,0.512565510206257,0,0,0,45.3386501397284,0.016576188398,3.06429047356936e-05,1.42414841588161e-06,0.000101926354133491,7.99420518711706,1.22656430206687,15.8699852151184,7.99421645231572,1.22661585394482,15.8700496300348,0.000137449110683115,6.38803451996777e-06,0.000457191863880377,35.858101673621,5.50176864657247,71.1850058989792,35.8581522038025,5.50199988312919,71.1852948328466
2009,42,La Pampa,Patagonia,Varón,40 a 49,19081,325,192.287275563816,292.5,173.058548007401,0.024375,0.014350331585522,0.588731552226546,2,0.666666666666667,0.471404520791032,41.0383393552881,0.0872595074687928,29.1275078262144,2.7465374225228,66.0207194069596,26.5777372942581,3.19271872417831,55.569860529749,56.4953270664316,18.5578130861283,102.583309889023,152.651893644015,14.3940958153283,346.002407667101,139.289016792925,16.7324496838651,291.231384779357,296.081584122591,97.2580739276152,537.620197521212
2009,42,La Pampa,Patagonia,Varón,50 a 59,16460,1409,459.344868464215,1268.1,413.410381618099,0.0895677355558695,0.0289647500369726,0.323383748145618,10,3.33333333333333,1.05409255338946,37.2275117125716,0.149790434322404,124.339624736426,48.0898670867813,199.551166494591,190.519574823689,69.3661135934889,313.345890841775,314.761244845173,174.158783046188,459.839522890892,755.404767536004,292.162011462827,1212.34001515548,1157.4700779082,421.422318307952,1903.6809893182,1912.27973782001,1058.07280100965,2793.67875389363
2009,42,La Pampa,Patagonia,Varón,60 a 69,12364,2077,626.519174576965,1869.3,563.867257119961,0.198565965583174,0.05269790938213,0.265392456493538,14,4.66666666666667,1.24721912892465,35.0931757395918,0.20417545409127,164.411026663521,78.0393961224292,248.475644927761,383.932030694371,152.71592908957,602.895300622622,547.858607657481,296.651537648456,786.118255872484,1329.75595813265,631.182433859829,2009.67037308121,3105.24127057887,1235.16603922331,4876.21563104676,4431.07900078843,2399.31686871932,6358.12241889748
2009,42,La Pampa,Patagonia,Varón,70 a 79,7025,1074,404.124296491503,966.6,363.711866843249,0.218935447338618,0.0715513102759615,0.326814643977209,25,8.33333333333333,1.66666666666667,37.5978720540069,0.2901401799049,312.702452438552,188.036037008182,436.818828219569,280.171528748498,80.8717997037728,484.619430317579,593.078649390145,353.209333497015,832.702358228466,4451.28046175874,2676.66956595277,6218.06161166646,3988.20681492524,1151.19999578324,6898.49722871999,8442.40070306256,5027.8908682849,11853.4143520066
2009,42,La Pampa,Patagonia,Varón,80+,2779,497,366.879730677473,447.3,330.191757609853,0.190178571428571,0.118335944858414,0.622235954185087,15,5,1.29099444873581,23.5385723736154,0.481838209781249,117.762851592419,58.1121681772054,177.074371446247,233.277210680349,21.9137194955255,533.686400753921,350.842172734682,128.881395327079,656.906263850105,4237.59811415684,2091.1179624759,6371.87374761594,8394.28609860917,788.546941184798,19204.260552498,12624.7633225866,4637.68964832956,23638.2246797447
2009,46,La Rioja,Cuyo,Mujer,30 a 39,23633,1592,600.526065050207,1432.8,540.473458546008,0.0679213083669116,0.0243508377181338,0.35851543946401,0,0,0,50.7150874845366,0.0643872796179425,3.37671297976301e-05,1.61015949883074e-06,0.000112881330071798,92.0634794870804,25.8894746275131,158.958242712912,92.0635615853544,25.8895097831264,158.958298233199,0.000142881266862566,6.81318283261007e-06,0.000477642830244986,389.554772932257,109.547982175404,672.611360017398,389.555120320545,109.54813093186,672.611594944354
2009,46,La Rioja,Cuyo,Mujer,40 a 49,17826,1657,514.018373839054,1491.3,462.616536455645,0.101601035563428,0.0296267901522931,0.291599293137101,1,0.333333333333333,0.333333333333333,46.1550939869203,0.0607444624951787,18.247866211859,1.33717254449002,46.9325684171826,90.6062339510109,35.2814053483074,144.914716520343,109.561964661867,51.1057619128101,170.981143769527,102.366578098614,7.50124842639974,263.281546152713,508.281352804953,197.921044251696,812.94018018817,614.618897463631,286.692258009705,959.167192693407
2009,46,La Rioja,Cuyo,Mujer,50 a 59,13808,3205,779.896460655437,2884.5,701.906814589807,0.23868431940422,0.0494849263676614,0.207323742469471,12,4,1.15470053837925,41.9936509794637,0.095738854348258,167.303443309205,72.0713362619107,263.694473541665,275.24801770489,141.139284781829,409.36100610857,442.686843584672,281.130299672706,605.906539820794,1211.64139128914,521.953478142459,1909.72243294948,1993.39526147806,1022.15588631104,2964.66545559509,3206.01711750197,2035.99579716618,4388.0832837543
2009,46,La Rioja,Cuyo,Mujer,60 a 69,9412,3346,759.482235091144,3011.4,683.534011581716,0.382108869432813,0.0628567652376682,0.164499623709259,19,6.33333333333333,1.45296631451356,38.7722836625193,0.141268066304241,245.034561290281,134.50220905218,355.794476554583,426.658636314887,236.655292766493,612.306982490081,671.87304488049,450.782854201782,883.405882203816,2603.42712803104,1429.05024492329,3780.22180784724,4533.13468247861,2514.39962565335,6505.59904898089,7138.47264003921,4789.44808969169,9385.95284959431
2009,46,La Rioja,Cuyo,Mujer,70 a 79,5859,968,337.373352583637,871.2,303.636017325532,0.270391061452514,0.0790486830200764,0.292349468194084,21,7,1.52752523165195,37.9917924303777,0.184921326838426,264.259174449964,151.598430621889,378.230453789494,162.323333120864,55.4386706614881,271.602533822216,426.324643944284,269.712143800376,587.180767924576,4510.31190390791,2587.44547912423,6455.54623296628,2770.49553031002,946.213870310431,4635.6465919477,7276.40627998437,4603.38187063281,10021.8598382757
2009,46,La Rioja,Cuyo,Mujer,80+,2975,210,148.550208274439,189,133.695187446967,0.0662692847124825,0.0463906015977324,0.700031723580597,14,4.66666666666667,1.24721912892465,27.6229305313704,0.199850784311032,128.176337902908,61.6137206389026,196.614716765597,40.823622065367,3.54210001445247,91.4161159855527,170.353124313258,90.1646988224102,252.855864740946,4308.44833287086,2071.04943324042,6608.89804254108,1372.2225904325,119.062185359747,3072.81062136312,5726.15543910112,3030.74617890455,8499.35679801498
2009,46,La Rioja,Cuyo,Varón,30 a 39,23550,812,340.580963728925,730.8,306.522867356126,0.0382137628111274,0.0157186734973596,0.411335402248912,2,0.666666666666667,0.471404520791032,45.3386501397284,0.016576188398,32.5114130539003,3.22974893392181,71.7842934055725,12.1749526224985,2.66025925646538,22.2048333279542,44.6158248632399,13.924443361608,85.0616452700488,138.052709358388,13.7144328404323,304.816532507739,51.6983126220742,11.2962176495345,94.2880396091475,189.451485618853,59.1271480323059,361.195945945005
2009,46,La Rioja,Cuyo,Varón,40 a 49,17906,2034,593.203539502539,1830.6,533.883185551639,0.125135005810377,0.0336885872172122,0.269217929859389,8,2.66666666666667,0.942809041582063,41.0383393552881,0.0872595074687928,110.134295322131,34.1768678712038,186.782344044874,160.551324051106,69.7248931582529,249.832315992212,270.450462134055,152.946459501968,386.950708108365,615.069224405959,190.86824456162,1043.12713082137,896.634223450832,389.394019648458,1395.24358311299,1510.39016047166,854.163182743037,2161.01143811217
2009,46,La Rioja,Cuyo,Varón,50 a 59,14077,2223,644.825052791174,2000.7,580.342547511885,0.172593167701863,0.0455139613825971,0.263706622855533,13,4.33333333333333,1.20185042515466,37.2275117125716,0.149790434322404,161.298917793093,73.8714821246686,248.324991902659,301.269073139798,130.007460063943,472.485351547397,463.20583601301,268.649245453492,657.190325440528,1145.83304534413,524.767224015548,1764.04767992228,2140.15111983944,923.545216054151,3356.43497582863,3290.51528033679,1908.42683422243,4668.53964225707
2009,46,La Rioja,Cuyo,Varón,60 a 69,8941,1675,513.278272623704,1507.5,461.950445361317,0.21349667185951,0.0582140762394482,0.272669712986231,31,10.3333333333333,1.85592145427667,35.0931757395918,0.20417545409127,363.542860779573,236.25406263758,491.514129343408,307.556967846394,128.336548770526,493.070098272977,670.568899700409,450.247266461828,897.407251777106,4066.02014069537,2642.3673262228,5497.30599869598,3439.84976900117,1435.37130936725,5514.70862624961,7499.93177161849,5035.75960699953,10036.9897301991
2009,46,La Rioja,Cuyo,Varón,70 a 79,4657,1122,426.508094226945,1009.8,383.85728480421,0.332937685459941,0.101102182742079,0.303666983815337,16,5.33333333333333,1.33333333333333,37.5978720540069,0.2901401799049,201.024886831719,101.078234222542,296.16813909085,295.543801474954,83.2509563094583,512.082217409966,495.328503339744,261.439787071156,732.017210889042,4316.61771165383,2170.45811085552,6359.63365022225,6346.22721655473,1787.65205732142,10995.9677348071,10636.2143727667,5613.90996502374,15718.6431369775
2009,46,La Rioja,Cuyo,Varón,80+,1804,51,50.9999999999809,45.9,45.9000000000233,0.0853159851301115,0.0859457900768141,1.00738202747987,11,3.66666666666667,1.10554159678513,23.5385723736154,0.481838209781249,86.7140841224033,35.5697088670432,137.170134985275,26.5264043802958,1.88001879363263,67.9285952567123,114.325775990246,54.7167601957572,177.425634917552,4806.76741255008,1971.71335183166,7603.66601913942,1470.42152884123,104.213902086066,3765.44319604835,6337.3490016766,3033.0798334677,9835.12388678228
2009,50,Mendoza,Cuyo,Mujer,30 a 39,120344,4487,1689.9833562396,4038.3,1520.98502061724,0.045802851406989,0.0169118843834688,0.36923212996491,7,2.33333333333333,0.881917103688197,50.7150874845366,0.0643872796179425,119.187945019045,32.528304587445,205.692137516495,262.202715132351,75.1680503384069,450.113429506613,380.527503906258,174.531879186573,590.108254536124,99.0393746418976,27.0294361060336,170.920143518991,217.877679927832,62.4609871189315,374.022327250726,316.19981378902,145.027487192193,490.351205324839
2009,50,Mendoza,Cuyo,Mujer,40 a 49,97808,3672,1522.65444206686,3304.8,1370.38899786058,0.0487491149398159,0.0199312010654498,0.408852572811962,18,6,1.4142135623731,46.1550939869203,0.0607444624951787,275.467693128475,148.493457000105,407.600939642766,202.408829680168,48.1641236812454,362.925957970514,478.244406065339,279.294644343538,682.373988246063,281.64126976165,151.821381686677,416.73578811832,206.945065516285,49.243542124617,371.059584052954,488.962463259999,285.553987755131,697.66684549941
2009,50,Mendoza,Cuyo,Mujer,50 a 59,87684,7172,2673.9316253448,6454.8,2406.53846281098,0.0877714472199181,0.0313889673769689,0.35762162264821,70,23.3333333333333,2.78886675511359,41.9936509794637,0.095738854348258,977.156110227799,747.204026985339,1206.15990087991,620.674813620563,179.310637377236,1065.84828392012,1596.20634108809,1110.78059929007,2091.23606427943,1114.40640279618,852.155498135736,1375.57581871254,707.85412802856,204.496415967835,1215.55618347717,1820.40776092342,1266.79964336717,2384.96882473363
2009,50,Mendoza,Cuyo,Mujer,60 a 69,68711,13766,3334.76305682362,12389.4,3001.28675114297,0.204007903836654,0.0438568331586502,0.21497614716813,199,66.3333333333333,4.70224532655529,38.7722836625193,0.141268066304241,2569.66839079676,2215.95523966679,2938.55867505409,1757.03726451305,912.777158272628,2575.28787877877,4327.58382318461,3397.69230082033,5236.14691973344,3739.82097596711,3225.03709692303,4276.69321513891,2557.141163006,1328.42944837454,3747.99941607425,6298.24019907236,4944.90300071362,7620.53662402445
2009,50,Mendoza,Cuyo,Mujer,70 a 79,45392,8378,2372.83026437715,7540.2,2135.54723794144,0.179695431472081,0.0459266567020924,0.255580547183961,307,102.333333333333,5.84047182264508,37.9917924303777,0.184921326838426,3886.30148530725,3444.57113442064,4336.08038628547,1391.60516784154,612.482277027392,2173.96746432327,5280.94534036635,4387.39020443458,6153.8899807234,8561.64408994372,7588.49826934402,9552.52111888762,3065.74984103264,1349.31767057497,4789.31852379994,11634.0882542438,9665.55825791897,13557.2126822423
2009,50,Mendoza,Cuyo,Mujer,80+,23700,2606,1308.48361426739,2345.4,1177.63525284036,0.164450988641144,0.0755447115029609,0.459375234695672,304,101.333333333333,5.81186525805423,27.6229305313704,0.199850784311032,2801.49349716641,2492.99782567176,3109.15281083569,472.670268486446,77.6424840422192,933.043308345969,3274.28891741299,2769.52331972109,3822.5502553363,11820.6476673688,10518.9781673914,13118.7882313742,1994.38931850821,327.605417899659,3936.89159639649,13815.5650523755,11685.7524038865,16128.9040309548
2009,50,Mendoza,Cuyo,Varón,30 a 39,116353,7169,2816.94812725514,6452.1,2535.25331452784,0.0696944165397453,0.0261648279339601,0.375422153351966,4,1.33333333333333,0.666666666666667,45.3386501397284,0.016576188398,61.2069720936645,9.78596536719572,120.548873135567,106.756417841232,27.8633095776947,188.083741166969,168.542758225601,73.2790519433565,270.286397292984,52.6045500276439,8.4105827672649,103.606158101267,91.752183305314,23.9472205939638,161.649240816283,144.854673472623,62.9799420241476,232.298606218132
2009,50,Mendoza,Cuyo,Varón,40 a 49,91039,5892,2366.30677029982,5302.8,2129.67609327064,0.0887943737441393,0.0338460597004425,0.381173471620734,24,8,1.63299316185545,41.0383393552881,0.0872595074687928,328.195285305362,197.968645005771,460.799709516049,465.808614296053,117.375365444993,835.123204989261,794.376483328097,422.319021350774,1175.37763730855,360.499659822012,217.454766644813,506.156382996352,511.658315992106,128.928662930165,917.324668536847,872.567233084829,463.888027494562,1291.07046135013
2009,50,Mendoza,Cuyo,Varón,50 a 59,79485,7823,2993.79589613773,7040.7,2694.41630652096,0.112671030101298,0.0403289873039737,0.35793572906643,130,43.3333333333333,3.80058475033046,37.2275117125716,0.149790434322404,1613.85262379724,1339.34266539156,1891.19245758018,1056.39081985911,303.021022523313,1856.79629447275,2663.26618546134,1868.96934926706,3520.45273662446,2030.38639214599,1685.02568458395,2379.30736312534,1329.04424716502,381.230449170678,2336.0335842898,3350.65255766665,2351.34849250432,4429.07811112091
2009,50,Mendoza,Cuyo,Varón,60 a 69,59180,8939,2975.88009656774,8045.1,2678.29208691408,0.180658852061439,0.0539932142513329,0.298868356768761,303,101,5.8022983951764,35.0931757395918,0.20417545409127,3544.68209716621,3145.20635952267,3943.65735794491,1652.9710858797,606.011342165498,2716.04855611468,5193.10553604491,4073.84787017316,6343.81554851532,5989.66221217677,5314.64406813563,6663.8346704037,2793.12451145606,1024.01375830601,4589.47035504339,8775.10229139051,6883.82539738621,10719.5261042841
2009,50,Mendoza,Cuyo,Varón,70 a 79,34161,5263,1954.14004187678,4736.7,1758.72603768875,0.131498292662613,0.0469058416831832,0.356703047115068,360,120,6.32455532033676,37.5978720540069,0.2901401799049,4513.50050873257,4038.79400307973,4976.60818008336,1379.91144334452,410.413227079543,2391.90076323835,5886.85415746447,4834.93021839334,7009.65755472368,13212.436722381,11822.8213549947,14568.0986507519,4039.43515513164,1201.40870313967,7001.84644254661,17232.6751484572,14153.3626603242,20519.4741217285
2009,50,Mendoza,Cuyo,Varón,80+,13291,2960,1765.55371728526,2664,1588.99834555836,0.206559665038381,0.106903851980447,0.517544661783718,177,59,4.43471156521669,23.5385723736154,0.481838209781249,1389.88737068543,1182.87638018637,1596.74329300804,1336.531105434,145.741829647891,2777.03705498347,2726.74439971618,1536.24947798927,4172.94712839918,10457.3573898535,8899.82981104785,12013.7182530136,10055.910807569,1096.54525353917,20894.1167330033,20515.7204101737,11558.5695432193,31396.7882657376
2009,54,Misiones,NEA,Mujer,30 a 39,70372,6096,1655.91684947669,5486.4,1490.32516453049,0.103238432154752,0.0262247526069014,0.254021221162977,1,0.333333333333333,0.333333333333333,50.7150874845366,0.0643872796179425,20.2790708781386,1.5020033669647,51.2233683834071,353.907031527622,169.991676740518,540.823366415363,375.59094517313,188.112448567158,565.91358898344,28.8169596972356,2.13437640960141,72.7894167899265,502.908872175897,241.56152552225,768.520670743142,533.722141154338,267.311499697547,804.17437188575
2009,54,Misiones,NEA,Mujer,40 a 49,56115,2464,1092.97623275113,2217.6,983.678609476951,0.0522415133454263,0.0224571486325309,0.429871709191155,11,3.66666666666667,1.10554159678513,46.1550939869203,0.0607444624951787,169.881654889267,70.9890728505358,270.598277044729,135.564121787068,28.9860790086786,251.078074880113,306.05846143981,160.934245259417,458.289884725409,302.738403081648,126.50641156649,482.220933876376,241.58268161288,51.6547785951682,447.434865686737,545.412922462461,286.793629616711,816.697647198448
2009,54,Misiones,NEA,Mujer,50 a 59,41310,3893,1386.48372453848,3503.7,1247.83535208584,0.118809766022381,0.0394772040898781,0.332272383083741,37,12.3333333333333,2.02758751009941,41.9936509794637,0.095738854348258,518.097945900399,347.902385953595,687.866811900509,337.652425875347,107.320524251017,570.57530637589,855.778638589475,568.910905619561,1145.56705797557,1254.17077196901,842.174742080841,1665.13389469985,817.362444626838,259.793087027395,1381.20384017403,2071.60164267605,1377.17478968666,2773.09866370267
2009,54,Misiones,NEA,Mujer,60 a 69,27059,2440,759.416931055397,2196,683.475237948826,0.142218768214494,0.0420642724555652,0.295771598809828,75,25,2.88675134594813,38.7722836625193,0.141268066304241,970.623482387383,750.170987266192,1187.47842120233,312.924932726542,121.023400461405,499.075727491294,1283.1709003976,995.914570379235,1573.65947790589,3587.06338884432,2772.35295933402,4388.47858827869,1156.45416581005,447.257476112955,1844.39826856607,4742.12240067114,3680.52984359819,5815.66014230347
2009,54,Misiones,NEA,Mujer,70 a 79,16052,2241,1185.2138236234,2016.9,1066.69244126118,0.165116659844454,0.0762883897690649,0.46202721058512,128,42.6666666666667,3.77123616632825,37.9917924303777,0.184921326838426,1620.04861974491,1335.40569477495,1906.19509632922,376.17555402617,54.9483039104566,766.326350366899,1998.18596496211,1561.8240367586,2480.31406091439,10092.5032378826,8319.24803622569,11875.1251951733,2343.48089973941,342.314377712787,4774.02411143097,12448.2056127717,9729.77844977948,15451.7447104061
2009,54,Misiones,NEA,Mujer,80+,6955,701,579.661199754509,630.9,521.69507977969,0.190489130434783,0.135592276147447,0.711811093042231,101,33.6666666666667,3.34995854037363,27.6229305313704,0.199850784311032,930.958095981991,749.327947986406,1118.45498039443,142.358268651606,10.7243922078878,335.968936935815,1077.36254059458,846.335928188238,1341.42906601371,13385.4506970811,10773.9460530037,16081.3081293232,2046.84785983617,154.196868553383,4830.6101644258,15490.475062467,12168.7408797734,19287.2619124904
2009,54,Misiones,NEA,Varón,30 a 39,68662,2009,873.32173496732,1808.1,785.989561470199,0.0419921965720656,0.0179713723001269,0.427969331618198,6,2,0.816496580927726,45.3386501397284,0.016576188398,91.2555772380254,22.6800445503206,164.592604052491,30.1816019501541,6.18648504340938,55.4687390817709,121.155011534181,49.3888080417524,199.533785505088,132.905504118764,33.0314359475701,239.714258327009,43.9567766015468,9.0100565719166,80.7852073661864,176.451329023596,71.9303370740037,290.602932488259
2009,54,Misiones,NEA,Varón,40 a 49,55847,1637,797.873116749117,1473.3,718.085805073587,0.0352278704987805,0.0168739288277903,0.47899372255199,14,4.66666666666667,1.24721912892465,41.0383393552881,0.0872595074687928,191.438678386035,91.0541719928796,292.632206427343,130.504070108323,21.9503139157676,251.307037272573,321.627244001369,175.301124423565,479.615349074319,342.791337737094,163.042190257095,523.989124621454,233.681433395389,39.3043743007996,449.992009011358,575.907826743368,313.895329066136,858.802351199382
2009,54,Misiones,NEA,Varón,50 a 59,42723,4049,1385.97982549956,3644.1,1247.38184294862,0.117532656023222,0.0375032848672321,0.319088210342342,49,16.3333333333333,2.33333333333333,37.2275117125716,0.149790434322404,608.51945531883,438.623022610957,779.217830567021,542.943749537536,186.253056607905,904.431680575306,1153.04705982636,766.466328753915,1548.85464267002,1424.33690358549,1026.66718772314,1823.88369395178,1270.8464984611,435.955004582789,2116.96669376052,2698.89066738374,1794.03676884562,3625.34148507835
2009,54,Misiones,NEA,Varón,60 a 69,26842,2965,1630.0841569667,2668.5,1467.07574126957,0.124434600139893,0.0621807145583726,0.499705986023721,87,29,3.10912635102961,35.0931757395918,0.20417545409127,1017.23738685955,804.55516480155,1233.92500022897,558.725547458502,68.3365572480598,1135.48144888671,1578.3880217744,1039.22058725637,2192.26248128966,3789.72277348762,2997.3741330808,4596.99351847467,2081.53471223643,254.588172446389,4230.24159483908,5880.29216069743,3871.62129221506,8167.28440984153
2009,54,Misiones,NEA,Varón,70 a 79,14156,3291,1205.57843218061,2961.9,1085.02058896413,0.416758125791473,0.106826970623257,0.256328464910863,122,40.6666666666667,3.68178700572909,37.5978720540069,0.2901401799049,1527.63113955246,1261.00665977188,1800.31520994813,861.58831478571,276.272094616627,1461.57427286615,2389.05995801221,1737.88695756488,3058.36083069596,10791.4039245017,8907.93062851004,12717.6830315635,6086.3825571186,1951.62542114034,10324.7688108657,16876.6597768593,12276.6809661266,21604.6964587169
2009,54,Misiones,NEA,Varón,80+,4849,0,0,0,0,0,0,,62,20.6666666666667,2.62466929133727,23.5385723736154,0.481838209781249,486.793924214923,365.782670008941,606.545612841234,3.22802741865602e-07,1.54082370452267e-08,1.07042244074936e-06,486.793924898152,365.782670087896,606.545612972098,10039.0580370163,7543.46607566388,12508.6742182148,6.65709923418441e-06,3.17761126938064e-07,2.20751173592362e-05,10039.0580511065,7543.46607729215,12508.6742209135
2009,58,Neuquén,Patagonia,Mujer,30 a 39,42929,2872,904.455745366695,2584.8,814.010170829783,0.0634836427939876,0.0194599105758811,0.306534245979408,0,0,0,50.7150874845366,0.0643872796179425,3.35429896701172e-05,1.81350064422235e-06,0.00011453869892704,166.710518539676,63.3252536223089,269.04513060574,166.710558703534,63.3252579211998,269.045161992703,7.81359679240542e-05,4.22441856139755e-06,0.000266809613377996,388.340093036587,147.511597340513,626.72116892017,388.340186595387,147.511607354469,626.72124203383
2009,58,Neuquén,Patagonia,Mujer,40 a 49,33590,1160,506.198266091361,1044,455.578439482182,0.0401615695326024,0.0174441692918548,0.434349789982535,9,3,1,46.1550939869203,0.0607444624951787,138.915076707158,50.0116723802034,228.691958784861,64.0687812934588,14.0028879115468,117.655907994334,203.857497830723,101.800203976055,307.148557503736,413.560811870075,148.888575112246,680.83345872242,190.737663868588,41.68766868576,350.270640054581,606.899368355828,303.066996058515,914.404755890848
2009,58,Neuquén,Patagonia,Mujer,50 a 59,24485,2717,874.387798447773,2445.3,786.949018601828,0.114261015840381,0.0350485453694596,0.306741062222143,21,7,1.52752523165195,41.9936509794637,0.095738854348258,294.04180793612,171.206984243486,416.902815325849,234.888630505027,89.6985421046237,386.314204944897,528.819802721626,337.492720069728,722.450994861414,1200.90589314323,699.232118617464,1702.6866053741,959.316440698497,366.340788664994,1577.75864792688,2159.77048283286,1378.3652034704,2950.58605211932
2009,58,Neuquén,Patagonia,Mujer,60 a 69,15149,1792,638.092196367669,1612.8,574.282976731262,0.108767197194497,0.0370275007411821,0.34042893166558,41,13.6666666666667,2.13437474581095,38.7722836625193,0.141268066304241,530.258723060266,367.075003485115,695.606767140496,228.38893918078,70.8077070646769,386.463669193563,757.430481953101,531.443463179179,992.976283583842,3500.28862010869,2423.09725714645,4591.76689643208,1507.61726305882,467.408456430635,2551.08369657114,4999.87115950294,3508.1092031103,6554.73155709183
2009,58,Neuquén,Patagonia,Mujer,70 a 79,8378,1823,655.398542771514,1640.7,589.858688494778,0.220198631056234,0.0682941871139499,0.310148100314525,69,23,2.76887462097269,37.9917924303777,0.184921326838426,872.257583268811,668.726384769095,1082.79276039022,303.257949550772,95.5704797494337,522.895716719311,1178.89078887878,887.895800916592,1475.45234339114,10411.2865035666,7981.93345391615,12924.2392025569,3619.69383565018,1140.7314364936,6241.29525804859,14071.2674728907,10597.9446277941,17611.0329839
2009,58,Neuquén,Patagonia,Mujer,80+,3974,654,345.303200771201,588.6,310.772880694007,0.171803852889667,0.0858285466995591,0.499572886497944,85,28.3333333333333,3.0731814857643,27.6229305313704,0.199850784311032,781.997070250923,617.679488403614,953.785742620292,119.224020718044,17.3429059644255,238.838522864423,901.950161784228,707.161874959895,1111.06022620103,19677.8326686191,15543.0168194165,24000.6477760516,3000.10117559245,436.409309623187,6010.02825526984,22696.2798637199,17794.7125052817,27958.2341771774
2009,58,Neuquén,Patagonia,Varón,30 a 39,42044,1592,675.465159256345,1432.8,607.918643331441,0.0489143793527243,0.0203693786670599,0.416429257339138,0,0,0,45.3386501397284,0.016576188398,3.00692033137964e-05,1.21931179738259e-06,0.000100489106379308,24.1691159825203,5.61310235432329,43.4703269248315,24.1691267300138,5.61316447070637,43.4703709457165,7.15184171672448e-05,2.90008514266622e-06,0.000239009386307935,57.4852915577021,13.3505431317745,103.392462479382,57.4853171201928,13.3506908731481,103.392567181325
2009,58,Neuquén,Patagonia,Varón,40 a 49,32427,950,576.187784334044,855,518.569005901245,0.0503474266870804,0.0295784195011102,0.587486222184625,6,2,0.816496580927726,41.0383393552881,0.0872595074687928,82.6674585347298,19.905953178447,148.710610253533,78.3502417117259,9.48474233024733,163.676972019978,161.153099321172,66.0665774213021,266.847623284002,254.934031932432,61.3869712845685,458.601197315611,241.620383358701,29.2495214797771,504.755210225978,496.971965711205,203.739406732976,822.918010559107
2009,58,Neuquén,Patagonia,Varón,50 a 59,24267,3216,1257.02572372402,2894.4,1131.32315135116,0.120816462829236,0.0446321612245352,0.369421187968557,31,10.3333333333333,1.85592145427667,37.2275117125716,0.149790434322404,383.758565098468,248.190802913756,517.341569089517,437.395222245499,118.869353540357,768.116789364572,822.34946883807,478.630143639905,1174.47772905676,1581.40093583248,1022.75024895437,2131.87278645699,1802.42808029628,489.839508552177,3165.27296066499,3388.75620735184,1972.34987283103,4839.81427064228
2009,58,Neuquén,Patagonia,Varón,60 a 69,14566,2282,786.671449288842,2053.8,708.004304360781,0.111704557815729,0.0368147648006048,0.329572629089454,72,24,2.82842712474619,35.0931757395918,0.20417545409127,840.347929773034,649.695354560488,1033.38078460699,420.926993672466,138.054356447557,706.992804769812,1260.86303356161,925.114933012775,1607.11565705214,5769.24296150648,4460.35531072695,7094.4719525401,2889.79125135567,947.784954328962,4853.71965378149,8656.20646410551,6351.19410279263,11033.3355557609
2009,58,Neuquén,Patagonia,Varón,70 a 79,6804,1578,770.380470453034,1420.2,693.342423407443,0.33205517886369,0.123566159561097,0.372125379835806,73,24.3333333333333,2.84800124843918,37.5978720540069,0.2901401799049,914.80049049793,703.152414724123,1125.86633861565,417.238281852515,68.1192543650644,809.789013325528,1333.92594005206,928.571910288318,1775.79214145542,13445.0395428855,10334.3976296902,16547.1243182782,6132.24988025449,1001.16482018025,11901.6609836203,19605.0255739574,13647.4413622622,26099.237822684
2009,58,Neuquén,Patagonia,Varón,80+,2281,0,0,0,0,0,0,,49,16.3333333333333,2.33333333333333,23.5385723736154,0.481838209781249,384.089647358577,275.122341665878,492.141961336116,3.21493618850325e-07,1.4989446141219e-08,1.07675352534565e-06,384.089647720134,275.122342839878,492.141961528702,16838.6517912572,12061.4792488329,21575.7107117981,1.40944155567876e-05,6.57143627409865e-07,4.72053277222995e-05,16838.651807108,12061.4793003015,21575.7107202412
2009,62,Río Negro,Patagonia,Mujer,30 a 39,46347,2701,860.874218725781,2430.9,774.786796853086,0.0666054744225553,0.0203689824246864,0.305815439365576,0,0,0,50.7150874845366,0.0643872796179425,3.40796343668533e-05,1.6445799583843e-06,0.000115263143259566,156.710013969571,57.2669569408431,253.506923556834,156.710084330647,57.2669916070552,253.507028510739,7.35314785570875e-05,3.54840649531642e-06,0.000248696017562229,338.123317516929,123.561302653555,546.975906869559,338.123469330587,123.561377450655,546.976133321981
2009,62,Río Negro,Patagonia,Mujer,40 a 49,37942,2849,797.604719299394,2564.1,717.844247370157,0.0723831300813008,0.0197702778490977,0.273133778919089,3,1,0.577350269189626,46.1550939869203,0.0607444624951787,47.7505594476433,6.18670093212727,99.1953701643679,155.103473801523,71.5725095143717,241.06235341878,203.253969091503,106.88398812711,303.79566413785,125.851456031952,16.305679542795,261.439487017996,408.790980447848,188.636628312613,635.344350373675,535.696508068903,281.703621651757,800.684371245191
2009,62,Río Negro,Patagonia,Mujer,50 a 59,30118,3528,1102.16151813576,3175.2,991.945366322518,0.108250375017046,0.0315128306694165,0.29111059120538,10,3.33333333333333,1.05409255338946,41.9936509794637,0.095738854348258,139.658826554167,53.7458714377045,225.752290364054,305.107598578532,119.487545848414,493.959430504151,444.795566429604,241.285267437048,653.836802913231,463.705513494146,178.450997535376,749.559367700557,1013.04070183456,396.731342879389,1640.08045190302,1476.84297240721,801.133101258544,2170.91706923843
2009,62,Río Negro,Patagonia,Mujer,60 a 69,21029,4758,1186.8305805702,4282.2,1068.14752251318,0.22247506234414,0.0474765062832956,0.213401474228404,30,10,1.82574185835055,38.7722836625193,0.141268066304241,387.064573493199,247.211468622526,524.35026755955,605.652045582822,308.754694169745,898.586836653087,992.498926252104,671.887508048851,1318.8105353222,1840.62282321175,1175.57405783692,2493.46268276927,2880.08010643788,1468.23288872388,4273.0840109044,4719.66772672074,3195.05210922465,6271.38967769368
2009,62,Río Negro,Patagonia,Mujer,70 a 79,12582,1621,682.185453929469,1458.9,613.966908536397,0.146667336885493,0.0553718693989555,0.377533747968613,39,13,2.08166599946613,37.9917924303777,0.184921326838426,494.135227700912,337.971500018306,650.63796312263,271.213482270787,62.8391188128181,494.412066956319,765.233626168026,509.990523498623,1040.61368931005,3927.31861151576,2686.15085056673,5171.18075920069,2155.56733643925,499.436646104102,3929.51889172086,6081.97127776209,4053.33431488335,8270.65402408245
2009,62,Río Negro,Patagonia,Mujer,80+,6335,895,366.76657687787,805.5,330.089919190002,0.186760955251565,0.0790540813170622,0.423290195804456,53,17.6666666666667,2.42670329642684,27.6229305313704,0.199850784311032,487.971943868016,356.836883962788,623.104250721311,161.574036935435,38.4609713393914,287.626541734207,649.925401608866,468.81665651449,832.965782803947,7702.79311551722,5632.78427723422,9835.89977460633,2550.4978206067,607.11872674651,4540.27690188172,10259.2802148203,7400.42078160206,13148.6311413409
2009,62,Río Negro,Patagonia,Varón,30 a 39,45269,1497,589.802679151314,1347.3,530.822411236383,0.0413510527285004,0.0160493177770253,0.388123559571764,1,0.333333333333333,0.333333333333333,45.3386501397284,0.016576188398,17.9963376418626,1.14173952057613,46.1672242567604,22.3739466467718,6.01538067910425,39.6505796761518,41.0821252359012,15.4918708787852,72.7929394992826,39.7542195362446,2.52212224828499,101.984192840046,49.4244331590532,13.2880794342801,87.5888128214712,90.751121597343,34.2218093591315,160.800855992584
2009,62,Río Negro,Patagonia,Varón,40 a 49,36806,3711,1063.58431783842,3339.9,957.225886054387,0.127632986854173,0.0340176243545417,0.266526900239422,5,1.66666666666667,0.74535599249993,41.0383393552881,0.0872595074687928,68.3806577781595,13.9288560549011,127.715451144907,293.052776072411,132.689251905751,453.672821154588,361.915791508988,192.500012095965,534.201649307219,185.786713519968,37.8439821086265,346.996280891449,796.209248688831,360.50984053076,1232.6056109183,983.306503040233,523.012585165367,1451.39827557251
2009,62,Río Negro,Patagonia,Varón,50 a 59,29765,3304,943.743482575458,2973.6,849.369134318507,0.119388123820613,0.032354138299916,0.270999637690345,14,4.66666666666667,1.24721912892465,37.2275117125716,0.149790434322404,173.834745855224,83.6681058675025,264.064487210289,447.133568139502,191.692915150422,700.540325104081,620.93741983126,351.048926984211,885.897025814582,584.024007576764,281.095601772224,887.164411927732,1502.21255884261,644.021216698883,2353.57072099473,2086.13277282466,1179.40173688631,2976.304471072
2009,62,Río Negro,Patagonia,Varón,60 a 69,20184,2241,786.230230883415,2016.9,707.607207794164,0.152379873073436,0.0485596297212101,0.318674827205085,37,12.3333333333333,2.02758751009941,35.0931757395918,0.20417545409127,433.370770383168,295.279346316919,574.085537083265,410.341780535807,132.557944739153,695.224797632915,843.613688677936,534.086408586798,1156.61020940965,2147.10052706683,1462.93770470134,2844.26048891828,2033.00525433912,656.747645358466,3444.43518446747,4179.61597640674,2646.08803303011,5730.33199271526
2009,62,Río Negro,Patagonia,Varón,70 a 79,10582,3192,867.424989155123,2872.8,780.682490239022,0.286821086261981,0.0663163197421778,0.231211451732684,59,19.6666666666667,2.5603819159562,37.5978720540069,0.2901401799049,738.486774945286,550.417653716967,924.510764726241,834.39366025713,384.440742973596,1283.03352186969,1571.7119784639,1096.95373551778,2063.12498270307,6978.70700193996,5201.45202907737,8736.63546329845,7885.02797445785,3632.96865406914,12124.6789063475,14852.6930491769,10366.2231668662,19496.5505830946
2009,62,Río Negro,Patagonia,Varón,80+,3811,1494,585.389053473915,1344.6,526.850148127382,0.263854003139717,0.0903920779954332,0.342583689918733,42,14,2.16024689946929,23.5385723736154,0.481838209781249,329.915331247751,229.291243343908,430.967862541954,652.550909341611,168.141391433674,1143.23737357216,978.599420729721,488.041901660806,1485.30719954188,8656.9228876345,6016.56371933634,11308.5243385451,17122.8262750357,4412.0018744076,29998.3566930508,25678.2844589274,12806.1375402993,38974.2114810255
2009,66,Salta,NOA1,Mujer,30 a 39,82022,3993,1292.92525012797,3593.7,1163.63272511465,0.0486338354106614,0.0154634043845406,0.317955683609332,4,1.33333333333333,0.666666666666667,50.7150874845366,0.0643872796179425,69.2884145151887,12.1922959176026,135.2391764781,230.95358173268,82.6297829637608,379.48436258406,300.393391339447,140.737665915354,464.392427892538,84.4754023495998,14.8646654770702,164.881588449562,281.575164873668,100.740999931434,462.661679286118,366.235145862631,171.585264825723,566.180327098264
2009,66,Salta,NOA1,Mujer,40 a 49,62122,7674,2316.59837944557,6906.6,2084.93854150131,0.106422385897871,0.0298693680089607,0.280668092121381,9,3,1,46.1550939869203,0.0607444624951787,139.176684001622,47.1330604743917,229.387745575217,417.927874946231,172.765159512133,666.902855562937,555.863619398967,289.403066861456,823.968418830803,224.037674256498,75.8717692192649,369.253638928588,672.75341255309,278.106241769636,1073.53732262795,894.793502139285,465.862443033798,1326.3713641396
2009,66,Salta,NOA1,Mujer,50 a 59,48542,7661,2314.12190204236,6894.9,2082.70971183537,0.137392395982783,0.0377758229958108,0.274948425825142,42,14,2.16024689946929,41.9936509794637,0.095738854348258,588.459501697338,412.143389915724,763.122969684962,657.556862770706,276.800471544101,1050.53409715749,1246.23694790085,827.209257029047,1678.81077572394,1212.26876044938,849.044929989956,1572.08802621433,1354.61427788452,570.228815343622,2164.17555345369,2567.33745601922,1704.1103725208,3458.47055276655
2009,66,Salta,NOA1,Mujer,60 a 69,33502,2686,984.355183154104,2417.4,885.919664838296,0.0734727372196219,0.0265062991989674,0.360763736346664,75,25,2.88675134594813,38.7722836625193,0.141268066304241,968.955990613422,751.447952095006,1192.91044001843,340.827156092228,108.734955552809,585.831909244855,1308.75110784615,993.117932286919,1639.71145774127,2892.23327148654,2242.9943051012,3560.71410667552,1017.33375945385,324.562580003608,1748.64757102518,3906.48650183914,2964.35416478694,4894.36886675803
2009,66,Salta,NOA1,Mujer,70 a 79,20135,3767,1243.16428103733,3390.3,1118.84785293149,0.283233082706767,0.0770027158129787,0.271870485880705,112,37.3333333333333,3.52766841475279,37.9917924303777,0.184921326838426,1417.53663614256,1156.41097801083,1680.44198959825,625.404743013024,224.506166183746,1022.1741022814,2046.88877839074,1572.72685402295,2511.21158488656,7040.16208662808,5743.28769809205,8345.87528978517,3106.05782474807,1115.00455020484,5076.60343819915,10165.8245760653,7810.91062340677,12471.8727831465
2009,66,Salta,NOA1,Mujer,80+,9400,861,588.368943545761,774.9,529.532049192068,0.101082702843726,0.0661711360299316,0.654623730552917,92,30.6666666666667,3.19722101554181,27.6229305313704,0.199850784311032,848.277685223876,674.906821193933,1020.01473497327,163.321140561053,17.0469741353244,365.512728937528,1012.93687437421,776.840722255642,1274.05475511381,9024.23069387103,7179.85979993546,10851.220584822,1737.45894213886,181.350788673664,3888.43328656945,10775.9241954704,8264.2630027196,13553.7739905724
2009,66,Salta,NOA1,Varón,30 a 39,78530,2009,926.449393749673,1808.1,833.804454374339,0.0309441905837655,0.0141534644259839,0.457386803757902,4,1.33333333333333,0.666666666666667,45.3386501397284,0.016576188398,61.1855603585198,10.3991312639126,119.409987905631,30.1940530776913,5.50849767643708,56.7675656973918,91.2643003053605,33.5745209819939,155.235359127764,77.9136130886538,13.2422402443813,152.056523501376,38.4490679710827,7.01451378637092,72.2877444255594,116.215841468688,42.7537514096446,197.67650468326
2009,66,Salta,NOA1,Varón,40 a 49,59639,2991,1291.58467679015,2691.9,1162.42620911066,0.066871196124705,0.0277345429210952,0.414745728031757,10,3.33333333333333,1.05409255338946,41.0383393552881,0.0872595074687928,136.92566184374,51.4067934818278,222.953472049623,236.829702499627,49.6710021570632,432.464175235035,372.887876322281,170.723998690311,589.114028427049,229.590807766294,86.1966053787418,373.838381008438,397.105421787131,83.2861083469931,725.136530181651,625.241664552191,286.262342913716,987.799977241484
2009,66,Salta,NOA1,Varón,50 a 59,46135,9753,2693.75363130742,8777.7,2424.37826817653,0.217355883518225,0.0523458494839376,0.24083014748275,47,15.6666666666667,2.28521820013368,37.2275117125716,0.149790434322404,583.888797887585,415.439451151645,749.307934075831,1307.05803873389,585.152950120841,2023.57332840097,1896.9476474001,1153.42111528708,2631.59405443498,1265.60918584065,900.486509486604,1624.16372401827,2833.11593959876,1268.34930122649,4386.19990983196,4111.73219334584,2500.09995727123,5704.11629876446
2009,66,Salta,NOA1,Varón,60 a 69,30885,3057,1272.43309294911,2751.3,1145.18978365372,0.0858922327672328,0.0347401643222517,0.404462233696931,102,34,3.36650164612069,35.0931757395918,0.20417545409127,1194.19169800888,960.300173361981,1426.64848500612,559.057734077694,121.48598397584,1007.85266918692,1753.83522439077,1258.48177013123,2255.3406649987,3866.57502997856,3109.27690905612,4619.22773192852,1810.12703279163,393.349470538577,3263.24322223385,5678.5987514676,4074.73456412896,7302.38194916206
2009,66,Salta,NOA1,Varón,70 a 79,17050,2847,993.328251128248,2562.3,893.995426014978,0.116404688351808,0.0407802258595955,0.35033147235742,92,30.6666666666667,3.19722101554181,37.5978720540069,0.2901401799049,1153.92173546599,916.587445372143,1382.1189924982,740.104065244598,250.651905423974,1248.55188687651,1894.80683644611,1343.33005225346,2441.10217654467,6767.8694162228,5375.8794449979,8106.2697507226,4340.78630641993,1470.09915204677,7322.88496701766,11113.2365773966,7878.76863491768,14317.3148184438
2009,66,Salta,NOA1,Varón,80+,6075,1855,1148.52014497075,1669.5,1033.66813047382,0.324363707013795,0.153166245563007,0.472205250621621,49,16.3333333333333,2.33333333333333,23.5385723736154,0.481838209781249,384.463803421666,277.736475147218,492.677976991547,840.428210224799,96.0956173616408,1799.38601165104,1225.77705748188,477.854421924245,2193.66070930491,6328.62227854595,4571.79382958383,8109.92554718595,13834.2092218074,1581.82086192001,29619.5228255316,20177.4001231585,7865.91641027563,36109.6413054306
2009,70,San Juan,Cuyo,Mujer,30 a 39,46797,3027,953.992667296175,2724.3,858.593400565453,0.0626088755084687,0.0192772680676672,0.307899924908564,1,0.333333333333333,0.333333333333333,50.7150874845366,0.0643872796179425,19.9981069208711,1.60997953802505,50.0912464703221,174.51390755845,66.4668747163724,280.93150973556,195.471269664793,85.5306179226963,306.011985831853,42.7337370362868,3.44034775311463,107.039439430566,372.916869796033,142.032341210702,600.319485726778,417.700428798412,182.769446594218,653.913682141702
2009,70,San Juan,Cuyo,Mujer,40 a 49,37500,5124,1662.57062010303,4611.6,1496.31355809183,0.145352538847039,0.042654839027416,0.29345781893981,8,2.66666666666667,0.942809041582063,46.1550939869203,0.0607444624951787,123.339308048562,39.441357519058,209.555646372925,279.866681917509,101.777506268436,461.670597912065,404.003649236598,203.463694826922,600.828507998805,328.904821462831,105.176953384155,558.815056994466,746.311151780024,271.406683382497,1231.12159443217,1077.34306463093,542.569852871792,1602.20935466348
2009,70,San Juan,Cuyo,Mujer,50 a 59,32895,4154,1262.87293218911,3738.6,1136.58563897158,0.129722414989591,0.0371464719841494,0.286353534099178,34,11.3333333333333,1.9436506316151,41.9936509794637,0.095738854348258,476.984539693357,314.153551323613,636.400589914452,359.034516944648,145.005004140667,572.300575494441,834.753498411231,570.161821655734,1101.29020377548,1450.0214004966,955.019155870536,1934.6423162014,1091.45619986213,440.811686094138,1739.77983126445,2537.63033412747,1733.27807160886,3347.89543631398
2009,70,San Juan,Cuyo,Mujer,60 a 69,24857,7879,1803.75496878388,7091.1,1623.37947190439,0.238316249369854,0.0465023783480019,0.195128861212618,119,39.6666666666667,3.63623737154524,38.7722836625193,0.141268066304241,1535.45031981974,1264.27231296514,1820.20765375428,995.774051321814,542.777519637927,1446.14116006499,2535.5474851981,2005.98635106133,3069.57342672517,6177.13448855347,5086.18221412534,7322.71655370431,4006.01058583825,2183.60027210817,5817.84270050685,10200.5370125039,8070.10641292728,12348.9295841218
2009,70,San Juan,Cuyo,Mujer,70 a 79,15127,2453,844.370671023001,2207.7,759.933603920479,0.147741417386067,0.0477082976699786,0.322917557676537,135,45,3.87298334620742,37.9917924303777,0.184921326838426,1708.60796577556,1424.75783983185,1994.22301637111,407.469879836833,139.484629528618,682.091522681241,2115.80451143799,1717.92953313487,2507.30233572496,11295.0880265456,9418.64110419681,13183.2023294183,2693.65954807188,922.090497313533,4509.09977312911,13986.9406454551,11356.7100755925,16575.0137880939
2009,70,San Juan,Cuyo,Mujer,80+,6933,1776,757.515767029401,1598.4,681.764190326326,0.241559619162763,0.0861474732946922,0.35663027451888,133,44.3333333333333,3.84418753155693,27.6229305313704,0.199850784311032,1225.56645923692,1020.43621947004,1436.65482453123,320.563504102201,69.0377292480635,588.143045378053,1544.56866583025,1227.66230999459,1882.58393374496,17677.2891855895,14718.5377105155,20721.9792951281,4623.73437331893,995.784353787155,8483.24023334852,22278.5037621557,17707.5192556554,27153.9583693201
2009,70,San Juan,Cuyo,Varón,30 a 39,45921,2298,1305.6532361736,2068.2,1175.08791255645,0.0596883116883117,0.0322548891584812,0.540388700000665,2,0.666666666666667,0.471404520791032,45.3386501397284,0.016576188398,32.5973261546241,3.16835105390256,73.453054998833,35.2406546718706,4.04862221692311,74.0481599344578,68.9736381075375,22.8140003425907,122.777067772982,70.9856626698551,6.89956894210179,159.955260118101,76.7419147489614,8.81649401564232,161.251192122249,150.200644819445,49.680974592432,267.365840841841
2009,70,San Juan,Cuyo,Varón,40 a 49,34969,3033,1218.83979898473,2729.7,1096.95581908494,0.0899821993670886,0.0340802851496837,0.378744744953952,7,2.33333333333333,0.881917103688197,41.0383393552881,0.0872595074687928,95.7207970425037,27.3325148108937,166.876885594107,238.272805919638,59.8352489341141,428.826794711018,335.245101842649,145.602270560326,537.748352950882,273.730438509834,78.162128773753,477.213776756862,681.382956102942,171.109408144683,1226.30556982189,958.692275565926,416.375276846138,1537.78590451795
2009,70,San Juan,Cuyo,Varón,50 a 59,29538,4291,1481.53498878889,3861.9,1333.38148991014,0.153640197326544,0.0480568535076063,0.312788282909239,42,14,2.16024689946929,37.2275117125716,0.149790434322404,522.177706587167,365.630349847183,677.339807003549,579.383614759822,192.841823185818,971.003117418236,1099.86881278441,682.992533119564,1515.79034268563,1767.81673297842,1237.83042131215,2293.11330152194,1961.48559401389,652.860123183079,3287.30150117894,3723.57239076583,2312.25043374488,5131.66207152016
2009,70,San Juan,Cuyo,Varón,60 a 69,21229,5011,1770.79857546076,4509.9,1593.71871791576,0.256901167758473,0.0728084912344432,0.283410511013692,135,45,3.87298334620742,35.0931757395918,0.20417545409127,1579.59995783978,1311.85109851684,1844.05335987624,915.018184359091,304.236046567303,1556.65068892374,2496.05169481128,1827.77929531401,3185.70762063548,7440.7647926882,6179.52375767505,8686.48245266492,4310.22744528282,1433.11529778747,7332.66140149671,11757.7450412704,8609.82286171752,15006.3951228766
2009,70,San Juan,Cuyo,Varón,70 a 79,11380,4152,1237.37312677907,3736.8,1113.63581410064,0.299375100144208,0.0741812526572032,0.247786982355815,139,46.3333333333333,3.92994204085053,37.5978720540069,0.2901401799049,1739.99082401302,1452.00728339851,2026.0582500642,1089.47653916789,454.398015041976,1736.75614369178,2824.4980221624,2125.04860516917,3523.29954927162,15289.901792733,12759.2907152769,17803.6753081213,9573.60754980574,3992.95268050946,15261.4775368346,24819.8420225167,18673.537831012,30960.4529812972
2009,70,San Juan,Cuyo,Varón,80+,4030,570,403.937948253868,513,363.544153428524,0.0856141522029373,0.0592604903417472,0.692181009995613,75,25,2.88675134594813,23.5385723736154,0.481838209781249,587.652574899605,454.01341774639,724.033711616026,263.951306246437,23.8395302163878,596.79848454559,852.659284943639,570.891375300867,1211.20258263205,14581.9497493698,11265.8416314241,17966.0970624324,6549.66020462622,591.55161827265,14808.8953981536,21157.7986338372,14166.0390893515,30054.6546558822
2009,74,San Luis,Cuyo,Mujer,30 a 39,30128,1980,583.277135757504,1782,524.949422181696,0.0721165520032376,0.0205653215683652,0.285167842847532,1,0.333333333333333,0.333333333333333,50.7150874845366,0.0643872796179425,20.2756747167459,1.47612061047519,51.6062187566291,113.918634250009,48.4423053811893,181.220370604441,135.899590219449,64.9643669421453,207.974077602072,67.2984423683812,4.8994975121986,171.289892314887,378.115488084203,160.788321100602,601.501495633434,451.07405144533,215.627877529691,690.301638349948
2009,74,San Luis,Cuyo,Mujer,40 a 49,24082,2892,764.71234900003,2602.8,688.241114099449,0.117227401702473,0.0292525824510633,0.249537070908621,2,0.666666666666667,0.471404520791032,46.1550939869203,0.0607444624951787,32.5054258587366,2.92842755542303,75.2783606467917,159.127110288999,74.7466148865882,241.986827406364,191.815275526905,102.167998727605,283.563624581766,134.978099239003,12.1602340147124,312.591813997142,660.771988576524,310.383750878615,1004.84522633653,796.508909255481,424.250472251495,1177.49200474116
2009,74,San Luis,Cuyo,Mujer,50 a 59,19889,1182,448.326483089678,1063.8,403.493834780635,0.0561490552095429,0.0208691285118403,0.37167372512251,9,3,1,41.9936509794637,0.095738854348258,125.751946601041,44.1303916757533,209.954721465868,102.134676842759,29.066292186429,177.642004380953,228.447091810816,120.212852587203,340.137236035786,632.268824983865,221.883411311546,1055.632366966,513.523439301921,146.142552096279,893.167099305913,1148.61024591893,604.418787205003,1710.17766622649
2009,74,San Luis,Cuyo,Mujer,60 a 69,14714,3921,950.157962289478,3528.9,855.142166060548,0.191403156695775,0.0409322798799265,0.213853734632947,36,12,2,38.7722836625193,0.141268066304241,464.298212456303,316.638993078868,619.996718752023,496.785365780535,259.62361070058,734.145182623252,962.153457973871,681.902120190469,1245.2616965588,3155.48601642179,2151.95727252187,4213.65175174679,3376.27678252369,1764.46656721884,4989.43307478083,6539.03396747228,4634.37624160982,8463.10790103847
2009,74,San Luis,Cuyo,Mujer,70 a 79,9109,2898,769.095516910272,2608.2,692.185965219245,0.299277108433735,0.064179446710449,0.214448231761967,66,22,2.70801280154532,37.9917924303777,0.184921326838426,834.309244846818,634.443122737991,1036.55861228802,482.231345993052,240.767590160157,728.342676967328,1318.29963500066,997.587421430979,1635.59657394695,9159.17493519396,6965.013972313,11379.4995311013,5294.00972656771,2643.18355648432,7995.85768983783,14472.4957185274,10951.6678167854,17955.8302112959
2009,74,San Luis,Cuyo,Mujer,80+,4685,245,188.478303188689,220.5,169.630472869916,0.0564516129032258,0.0427117053391646,0.756607351722344,71,23.6666666666667,2.80871659105879,27.6229305313704,0.199850784311032,654.083809759413,497.97688656753,803.105830155174,48.1719770537045,4.09421602050762,111.724183674681,703.403591439812,537.695606117922,863.981191152723,13961.2339329651,10629.1758072045,17142.0668122769,1028.21722633307,87.3898830417848,2384.72110298144,15013.9507244357,11476.9606428585,18441.434176152
2009,74,San Luis,Cuyo,Varón,30 a 39,30397,1233,516.309453151848,1109.7,464.678507837222,0.0423792247469926,0.0174422934209281,0.411576510072093,2,0.666666666666667,0.471404520791032,45.3386501397284,0.016576188398,32.7103214618212,2.99624397192748,73.8204302821115,18.557117386152,4.31274832007072,33.1047118779887,51.5124510190089,17.6836398354407,95.032231505993,107.610361094257,9.85703843118558,242.8543286578,61.0491738860808,14.1880722442041,108.907826028847,169.465575612754,58.1756088937746,312.636877014156
2009,74,San Luis,Cuyo,Varón,40 a 49,24177,1528,586.950182297162,1375.2,528.255164067576,0.0756685374711126,0.0279155357596252,0.368918664118258,7,2.33333333333333,0.881917103688197,41.0383393552881,0.0872595074687928,95.7591725419275,28.2430526208849,165.262662314105,121.441596961292,33.125260381768,209.720594970972,216.323850113979,104.426699347483,332.771088869028,396.075495478875,116.817854245295,683.553221301672,502.302175461357,137.011458749092,867.438453782405,894.750589874586,431.9257945464,1376.39528836923
2009,74,San Luis,Cuyo,Varón,50 a 59,19649,2225,744.032416613402,2002.5,669.629174951673,0.120501865447106,0.0380280415164155,0.315580521308261,15,5,1.29099444873581,37.2275117125716,0.149790434322404,185.342833484483,91.2440167996673,280.783112354178,300.596764461692,103.517036979748,499.531636966094,485.355756502418,270.054218750951,707.089106521201,943.268530126126,464.369773523677,1428.99441373188,1529.83238058778,526.831070180407,2542.27511306476,2470.12955622382,1374.39166751973,3598.60097980152
2009,74,San Luis,Cuyo,Varón,60 a 69,13707,2629,801.925967611259,2366.1,721.733370849263,0.189015817223199,0.0514100752262826,0.271988217608134,60,20,2.58198889747161,35.0931757395918,0.20417545409127,700.720241171029,523.13992692173,877.007674064593,479.216271888671,196.908320924326,766.713413451521,1182.34107010039,846.076971087395,1525.23588743684,5112.13424652388,3816.5895303256,6398.24669194275,3496.14264163326,1436.55300885917,5593.59023456279,8625.81943605738,6172.59043618147,11127.4231227609
2009,74,San Luis,Cuyo,Varón,70 a 79,7169,2062,721.947720536887,1855.8,649.75294848367,0.253075139779081,0.0725817331526746,0.286799142800174,61,20.3333333333333,2.60341655863555,37.5978720540069,0.2901401799049,763.410575068661,570.763021053021,956.966309171086,540.770081707019,177.427242734907,901.738443153224,1302.67549991037,887.331906084926,1713.58954452504,10648.7735398056,7961.54304718958,13348.6721881864,7543.17313024158,2474.9231794519,12578.3016202151,18170.9513169252,12377.3456002919,23902.7694870281
2009,74,San Luis,Cuyo,Varón,80+,2548,0,0,0,0,0,0,,52,17.3333333333333,2.40370085030933,23.5385723736154,0.481838209781249,407.937614198444,296.955263375738,519.822462910233,3.25532595809629e-07,1.49658328323541e-08,1.07431010169191e-06,407.937614335111,296.95526347428,519.822463441875,16010.1104473487,11654.4451874308,20401.1955616261,1.27760045451189e-05,5.87356076623001e-07,4.21628768324925e-05,16010.1104527124,11654.4451912983,20401.1955824912
2009,78,Santa Cruz,Patagonia,Mujer,30 a 39,19729,1242,439.436935346743,1117.8,395.493241811972,0.0842986425339367,0.02802798565638,0.332484424587223,1,0.333333333333333,0.333333333333333,50.7150874845366,0.0643872796179425,20.4898803424568,1.55150004763638,50.8185513650988,72.0569998358859,23.7086603870739,121.872680400435,93.6037228403855,40.1478128553776,150.680045357201,103.856659447802,7.86405822715992,257.583006564442,365.233918778883,120.17162748783,617.733693549774,474.447376148743,203.496441053159,763.749026089519
2009,78,Santa Cruz,Patagonia,Mujer,40 a 49,14464,2023,547.597624733813,1820.7,492.837862259579,0.133423713908838,0.03359926636125,0.251823797861052,2,0.666666666666667,0.471404520791032,46.1550939869203,0.0607444624951787,33.1694307935917,3.29436915014687,74.5361727613622,110.563633939134,51.4346615308451,169.799671033346,144.377771192965,78.4119606365396,215.310821063008,229.324051393748,22.7763353854181,515.321990883311,764.405654999541,355.604684256396,1173.94684066196,998.187024287647,542.118090684041,1488.59804385376
2009,78,Santa Cruz,Patagonia,Mujer,50 a 59,9866,1049,387.211766818322,944.1,348.490590136885,0.107626538987688,0.0369322130411802,0.343151544113158,5,1.66666666666667,0.74535599249993,41.9936509794637,0.095738854348258,70.0377317755646,14.2306260027018,131.39967319359,90.6053715965392,27.2518057751103,155.548612184639,161.532258370057,77.3106109652445,250.162113451751,709.889841633535,144.239063477618,1331.84343395084,918.359736433602,276.219397680015,1576.61273246137,1637.26189306767,783.606435893417,2535.59814972381
2009,78,Santa Cruz,Patagonia,Mujer,60 a 69,6108,2014,476.359916536583,1812.6,428.723924882943,0.281459627329193,0.0546059787235023,0.194009987299655,6,2,0.816496580927726,38.7722836625193,0.141268066304241,77.6279967700186,18.5081279118285,139.399216928591,254.593266142645,136.846685381363,374.914186084789,333.010288241921,198.668482893132,468.066231913004,1270.92332629369,303.014536866871,2282.23996281256,4168.19361726661,2240.4499898717,6138.08425155189,5452.03484351541,3252.59467735972,7663.16686170602
2009,78,Santa Cruz,Patagonia,Mujer,70 a 79,3198,839,276.165159784921,755.1,248.548643806483,0.246926095487247,0.0739856724025857,0.299626786130455,15,5,1.29099444873581,37.9917924303777,0.184921326838426,189.239941146987,92.3885387193396,286.755287021304,140.092190546592,50.7272042422373,228.255969821526,329.260865390269,200.0254358956,463.72379660909,5917.44656494645,2888.94742712131,8966.70691123528,4380.61884135684,1586.2165178936,7137.45996940356,10295.8369415343,6254.7040617761,14500.4314136676
2009,78,Santa Cruz,Patagonia,Mujer,80+,1268,114,85.9056866477269,102.6,77.3151179829403,0.147838616714697,0.0997741003021888,0.674885239860809,16,5.33333333333333,1.33333333333333,27.6229305313704,0.199850784311032,146.975251528744,73.9085174189011,221.340400873716,22.3417666747557,1.89370604979347,52.4648261723827,170.327834172624,92.3465299794677,248.636633010089,11591.1081647274,5828.7474305127,17455.8675767915,1761.96898065897,149.345902980558,4137.60458772734,13432.7944931091,7282.84936746591,19608.5672720891
2009,78,Santa Cruz,Patagonia,Varón,30 a 39,21208,584,272.975990057077,525.6,245.678391051556,0.0323585544542264,0.0148594582388134,0.459212671562113,0,0,0,45.3386501397284,0.016576188398,3.10216673356403e-05,1.29200749427549e-06,0.000102764296489062,8.74144606522846,1.62109204733947,16.6255318338174,8.74150091344299,1.62113410461904,16.6255686010922,0.000146273421990005,6.09207607636502e-06,0.000484554396874112,41.2176823143553,7.64377615682511,78.3927378056271,41.2179409347557,7.64397446538589,78.392911170748
2009,78,Santa Cruz,Patagonia,Varón,40 a 49,15803,411,189.752362404906,369.9,170.777126164337,0.0414639614393005,0.0189790885643618,0.457724923175646,1,0.333333333333333,0.333333333333333,41.0383393552881,0.0872595074687928,16.298346834532,1.08840050194997,41.2419111852091,32.7784091276406,6.00849944995731,62.1218125438893,49.8052374689012,17.2075494257249,87.9219693048517,103.134511387281,6.88730305606511,260.975202083207,207.418902282102,38.0212583051149,393.101389254504,315.163180844784,108.887865757925,556.362521703801
2009,78,Santa Cruz,Patagonia,Varón,50 a 59,10989,1030,358.031598787102,927,322.228438908326,0.0959130884635282,0.0317362581149363,0.330885582179999,6,2,0.816496580927726,37.2275117125716,0.149790434322404,74.7760408684076,17.2250841483032,134.292635324409,138.763807838139,47.4704428977178,233.348276746417,213.215628154961,105.739454050851,325.751847754444,680.462652365162,156.748422497982,1222.06420351633,1262.75191407898,431.981462350694,2123.47144186384,1940.26415647431,962.229994092735,2964.34477891022
2009,78,Santa Cruz,Patagonia,Varón,60 a 69,6161,1471,430.618121392941,1323.9,387.556309253459,0.274953271028037,0.0662114175386666,0.240809710286789,24,8,1.63299316185545,35.0931757395918,0.20417545409127,280.619163248054,166.379836577262,392.606782273843,270.119842932678,117.825303045984,425.754032949282,552.020316346215,362.82532458551,745.376627461499,4554.76648674004,2700.53297479731,6372.45223622533,4384.35064003698,1912.43796536251,6910.46961449898,8959.91424032162,5889.0654858872,12098.3059156224
2009,78,Santa Cruz,Patagonia,Varón,70 a 79,2871,1050,309.909388283602,945,278.918449455283,0.240091463414634,0.062748797859806,0.261353723149414,24,8,1.63299316185545,37.5978720540069,0.2901401799049,301.634545253534,180.938664586015,421.426419757088,275.377479755688,114.844984008305,434.779195115113,576.97030544454,371.665572859072,773.873429725629,10506.2537531708,6302.28716774695,14678.7328372375,9591.69208483763,4000.17359833872,15143.8242812648,20096.4927009593,12945.5093298179,26954.8390709031
2009,78,Santa Cruz,Patagonia,Varón,80+,826,0,0,0,0,0,0,,15,5,1.29099444873581,23.5385723736154,0.481838209781249,117.622387706911,59.0069803203584,177.410726147825,3.2713453619131e-07,1.48584007561234e-08,1.09500832718916e-06,117.622387975851,59.006980367855,177.410726170532,14239.9985117326,7143.70221796106,21478.2961438045,3.96046653984637e-05,1.79883786393745e-06,0.000132567594090698,14239.9985442919,7143.70222371126,21478.2961465535
2009,82,Santa Fe,Centro,Mujer,30 a 39,225794,7545,2555.67049668377,6790.5,2300.10344701513,0.0376753940644818,0.0125968372366752,0.33435183757111,10,3.33333333333333,1.05409255338946,50.7150874845366,0.0643872796179425,169.515645733228,64.8642309447671,273.17976028271,439.51930785159,146.818309884939,722.455773671325,609.284827693973,303.713231944321,911.770560254797,75.075354408544,28.727172088172,120.986279654335,194.654998738492,65.02312279553,319.962343406523,269.841017783455,134.508991356866,403.806372292796
2009,82,Santa Fe,Centro,Mujer,40 a 49,186410,11855,3326.83521900327,10669.5,2994.1516970969,0.0681600398630347,0.0186672974694778,0.273874509272429,26,8.66666666666667,1.6996731711976,46.1550939869203,0.0607444624951787,398.389303885438,244.475189984275,556.14127410967,648.58523882109,289.30692637872,1010.76262242096,1045.90116782347,651.091045882946,1439.46378806223,213.716701832218,131.149181902406,298.343047105665,347.934788273746,155.199252389206,542.225536409507,561.075676102931,349.279033250869,772.203094287983
2009,82,Santa Fe,Centro,Mujer,50 a 59,167464,15313,4116.87558249532,13781.7,3705.18802425317,0.0814612752022981,0.0211339520660266,0.259435566329441,97,32.3333333333333,3.2829526005987,41.9936509794637,0.095738854348258,1356.73902739354,1092.43648431932,1625.70317115232,1313.93959578461,636.104824126489,2021.63098267275,2671.17393728406,1928.81061506975,3428.60472791817,810.167574758481,652.341090813142,970.777702164237,784.610182358361,379.845712586878,1207.2033288783,1595.07353060004,1151.77627135967,2047.36822715221
2009,82,Santa Fe,Centro,Mujer,60 a 69,135838,19358,4609.35240782569,17422.2,4148.41716704712,0.122093121040534,0.027007066102018,0.221200554722914,202,67.3333333333333,4.73755680118397,38.7722836625193,0.141268066304241,2610.5479970644,2256.87370962604,2971.51943191283,2445.68966114858,1312.1905492219,3604.43782582026,5056.29381006482,3868.89882222891,6269.10214474306,1921.8098006923,1661.44503719581,2187.54651269367,1800.44587018992,965.996664572433,2653.48269690385,3722.29700824867,2848.17122029837,4615.1313658498
2009,82,Santa Fe,Centro,Mujer,70 a 79,101039,11735,2979.23929937281,10561.5,2681.31536943343,0.117292656923282,0.0284149610430165,0.242256947607573,350,116.666666666667,6.23609564462324,37.9917924303777,0.184921326838426,4436.3194755868,3966.81613087199,4896.54092390651,1961.0040265748,976.219077661267,2930.01698196583,6390.09050244828,5305.53844341353,7476.55684820379,4390.70010153188,3926.02473388691,4846.18901998883,1940.83871235345,966.180462654289,2899.88715443129,6324.3801922508,5250.98075338585,7399.67423292372
2009,82,Santa Fe,Centro,Mujer,80+,62226,5301,2175.37691628629,4770.9,1957.83922465534,0.104402914852178,0.0403086704612024,0.38608759648401,452,150.666666666667,7.08676387515643,27.6229305313704,0.199850784311032,4166.97560745098,3782.82187355539,4558.29020591887,962.398520615536,228.137028959479,1725.60942372616,5126.27757057343,4300.0815635612,5978.05643011354,6696.51850906531,6079.16606170312,7325.37879008593,1546.61800632458,366.626537073698,2773.13249080153,8238.16020726614,6910.42580844213,9607.00740866124
2009,82,Santa Fe,Centro,Varón,30 a 39,222866,6591,2280.18916445954,5931.9,2052.1702480149,0.0378781009546311,0.0130050446879789,0.343339406153328,5,1.66666666666667,0.74535599249993,45.3386501397284,0.016576188398,75.9168979016624,14.4644394117477,142.459579223736,98.1014413420077,33.4180452177008,165.489357711351,173.691574972234,84.6245630850564,269.26103051185,34.0639208769675,6.49019563852168,63.9216296894708,44.0181280868359,14.99468075781,74.2550939628974,77.9354297973823,37.971051252796,120.817455561571
2009,82,Santa Fe,Centro,Varón,40 a 49,178914,17231,4633.46249255041,15507.9,4170.11624329537,0.0881080620419295,0.0225725728218388,0.256191911372387,36,12,2,41.0383393552881,0.0872595074687928,493.048982826612,333.502349120895,655.197399441179,1351.21091105592,635.311281666616,2047.3055275945,1843.69630279856,1122.88884651166,2564.17481075641,275.578760089547,186.403718613912,366.208010240215,755.22927834374,355.093107116613,1144.2958782401,1030.49303173512,627.613739848007,1433.18846527181
2009,82,Santa Fe,Centro,Varón,50 a 59,156151,14861,5434.64655614346,13374.9,4891.18190052141,0.124071428571429,0.04152929273307,0.334720839529637,120,40,3.65148371670111,37.2275117125716,0.149790434322404,1492.04832229393,1219.29104481106,1757.84747218788,2011.76950793972,627.932578258382,3438.87758553141,3502.19953340653,2076.68997133915,4947.96779012022,955.51634142204,780.841009542724,1125.73564830701,1288.34878287024,402.131640692908,2202.27701745837,2242.82875768105,1329.92422164389,3168.70707848187
2009,82,Santa Fe,Centro,Varón,60 a 69,115462,19793,4887.29545021103,17813.7,4398.56590519382,0.168253773353231,0.0376659563338324,0.223863962056629,314,104.666666666667,5.90668171555645,35.0931757395918,0.20417545409127,3671.36105457443,3259.01205972148,4089.00375581977,3645.62186518554,1887.36653604691,5381.4059012392,7318.98955984959,5496.80769171702,9112.3485325966,3179.71371929677,2822.58410535196,3541.42813723976,3157.42137256027,1634.6213785028,4660.75929850444,6338.87301436801,4760.70715189155,7892.07577609655
2009,82,Santa Fe,Centro,Varón,70 a 79,69828,18608,5047.78586402002,16747.2,4543.00727761446,0.231852918374128,0.0523918583298054,0.225970234479704,420,140,6.83130051063973,37.5978720540069,0.2901401799049,5263.04348294334,4757.24878259613,5776.93946936517,4834.02368397843,2258.65518740528,7437.57154703267,10090.9010138471,7473.70859612775,12768.2130096853,7537.15340972581,6812.80973620344,8273.09885628283,6922.758326142,3234.59813743094,10651.2739116582,14451.081247991,10703.0254283779,18285.2337310038
2009,82,Santa Fe,Centro,Varón,80+,28896,5455,2125.09145790736,4909.5,1912.58231211566,0.174219304471256,0.0625585999625397,0.359079610335954,310,103.333333333333,5.86893895388634,23.5385723736154,0.481838209781249,2433.22875738876,2162.34169648418,2706.5239394548,2346.72579445672,623.581983903767,4166.50812430737,4782.59236841099,3050.25842474651,6634.62192240389,8420.64215596885,7483.18693412299,9366.4311304499,8121.28251127049,2158.0218158353,14418.9788355045,16551.0533236814,10555.9884577329,22960.3471843989
2009,86,Santiago del Estero,NOA2,Mujer,30 a 39,56397,5819,1383.04350464395,5237.1,1244.73915417786,0.140367193781828,0.0309597784589215,0.220562779840439,2,0.666666666666667,0.471404520791032,50.7150874845366,0.0643872796179425,36.2884179036373,3.54216317840898,81.325992514057,335.975677104788,176.498737506655,493.029767668632,373.616016192014,212.138119809897,536.738916126401,64.3445890803364,6.28076525064982,144.202692544031,595.733243088796,312.957670632577,874.212755410097,662.474983052314,376.151426157238,951.715368062842
2009,86,Santiago del Estero,NOA2,Mujer,40 a 49,42071,5010,1465.55842903459,4509,1319.00258613034,0.135809162374627,0.0366233161724224,0.269667491736659,6,2,0.816496580927726,46.1550939869203,0.0607444624951787,91.6360751675107,22.5075119242842,166.352633202293,273.418924625965,120.843987622746,430.552489185174,365.708691497195,196.457974364376,540.107186432334,217.812923789572,53.4988755301377,395.4092681474,649.898801136093,287.238210697977,1023.39494945491,869.26550711225,466.967684068304,1283.79925942415
2009,86,Santiago del Estero,NOA2,Mujer,50 a 59,34748,6106,1771.71358798618,5495.4,1594.54222918488,0.224100807438219,0.0558197167433197,0.24908306838077,30,10,1.82574185835055,41.9936509794637,0.095738854348258,421.355805718248,270.8439946144,573.195896211565,524.383883318564,229.996673206919,828.496730692703,946.84678691463,614.303354887739,1276.4127119562,1212.60448290045,779.452039295499,1649.57953324383,1509.10522423899,661.899024999767,2384.30047971884,2724.89578368433,1767.8811870834,3673.34152168815
2009,86,Santiago del Estero,NOA2,Mujer,60 a 69,25172,4845,1557.6407601767,4360.5,1401.8766841599,0.217405394625318,0.0591368389535231,0.272011828664331,33,11,1.91485421551268,38.7722836625193,0.141268066304241,428.21037948799,280.741218019246,571.995571896193,615.415880208532,234.136192093779,997.997255292236,1044.60595010149,630.269989221733,1453.92009160027,1701.13769064035,1115.2916654189,2272.34852970043,2444.84300098734,930.145368241614,3964.71180395772,4149.87267639237,2503.85344518406,5775.94188622387
2009,86,Santiago del Estero,NOA2,Mujer,70 a 79,16459,2619,851.119458135598,2357.1,766.007512323699,0.195739910313901,0.0606208900471081,0.30970122521203,49,16.3333333333333,2.33333333333333,37.9917924303777,0.184921326838426,619.528493270532,449.735890706614,792.482104024943,435.459651354812,163.816346654593,712.934083647988,1054.24968175772,731.032001519013,1382.65047558983,3764.07128787005,2732.46181849817,4814.88610501818,2645.72362449002,995.29951184515,4331.57593807636,6405.30823110589,4441.53351673256,8400.5740056494
2009,86,Santiago del Estero,NOA2,Mujer,80+,8652,958,589.601880085748,862.2,530.641692077622,0.134971822166562,0.0767294089969176,0.568484649353177,52,17.3333333333333,2.40370085030933,27.6229305313704,0.199850784311032,478.353838650788,346.964080958094,610.088872921295,180.617407433497,20.0642391420703,383.434358229977,661.278748825199,449.780960645406,904.47525840604,5528.82384016167,4010.21822651519,7051.42016783744,2087.57983626326,231.90290270539,4431.74246682822,7643.07384217752,5198.57790852296,10453.9442719145
2009,86,Santiago del Estero,NOA2,Varón,30 a 39,55899,3209,1233.03207983932,2888.1,1109.72887185657,0.089425935100322,0.0325348328439497,0.363818760267373,2,0.666666666666667,0.471404520791032,45.3386501397284,0.016576188398,32.5180284344538,2.92795562843923,73.3695156578282,47.8315252068988,13.1335726223536,84.2068549225496,80.78496469469,33.3657639791062,134.65355643066,58.1728267669437,5.23793919111117,131.253717701262,85.5677654464281,23.495183495865,150.641075730424,144.519516797599,59.6893754434,240.887236678044
2009,86,Santiago del Estero,NOA2,Varón,40 a 49,42786,4578,1501.50346143449,4120.2,1351.3531152895,0.145682766423874,0.0433941621789865,0.297867505156569,9,3,1,41.0383393552881,0.0872595074687928,123.370561142642,43.4339669680939,203.738355269169,360.807306663034,133.547602606795,588.091801260761,483.22218002259,242.802372646738,729.174969108187,288.343292531767,101.514436890791,476.179954352285,843.283566267084,312.129207233196,1374.49586607947,1129.39321278593,567.480887782776,1704.23729516241
2009,86,Santiago del Estero,NOA2,Varón,50 a 59,35585,6576,1982.3932439353,5918.4,1784.15391954197,0.228483187275605,0.0590252114865585,0.258335031957341,34,11.3333333333333,1.9436506316151,37.2275117125716,0.149790434322404,422.310426630489,284.598150365539,561.153201377368,888.556634712968,369.023845416597,1410.56890789272,1308.89257212858,774.136768218384,1858.05562865074,1186.76528489669,799.769988381451,1576.93747752527,2496.99770890254,1037.02078239876,3963.94241363699,3678.21433786309,2175.45810936739,5221.45743614089
2009,86,Santiago del Estero,NOA2,Varón,60 a 69,24168,3413,1168.52085992426,3071.7,1051.66877393014,0.242918149466192,0.0734922009221636,0.30253894607571,59,19.6666666666667,2.5603819159562,35.0931757395918,0.20417545409127,688.611974540583,511.379675438579,868.388766761531,627.608905436005,211.585447546484,1047.79677903873,1315.99861471612,870.035807930961,1771.27652333937,2849.27165897295,2115.93708804444,3593.13458607055,2596.85909233699,875.477687630271,4335.47161138171,5445.21108373106,3599.94955284244,7329.01573708776
2009,86,Santiago del Estero,NOA2,Varón,70 a 79,13250,3274,1306.11108467598,2946.6,1175.49997620898,0.300152796169909,0.101430082704944,0.337928161920327,65,21.6666666666667,2.68741924943285,37.5978720540069,0.2901401799049,815.928918443032,616.595590599615,1013.79452088067,855.884122867085,226.634122089855,1522.87787771717,1668.12115541578,1007.10994677428,2370.8098903357,6157.95410145684,4653.5516271669,7651.27940287298,6459.50281409121,1710.44620445173,11493.4179450352,12589.5936257795,7600.8297869757,17892.9048327223
2009,86,Santiago del Estero,NOA2,Varón,80+,5225,0,0,0,0,0,0,,28,9.33333333333333,1.76383420737639,23.5385723736154,0.481838209781249,219.254533847538,137.630750296068,299.859246706632,3.26211682507754e-07,1.46205377443013e-08,1.09072138584917e-06,219.254534150896,137.63075074286,299.859246727969,4196.25902100551,2634.08134537929,5738.93295132311,6.24328578962209e-06,2.79818904197154e-07,2.0875050446874e-05,4196.25902681142,2634.08135393034,5738.93295173147
2009,90,Tucumán,NOA2,Mujer,30 a 39,100911,6918,1896.60415618743,6226.2,1706.94374056804,0.0706783816918676,0.0186966514025106,0.264531402034943,4,1.33333333333333,0.666666666666667,50.7150874845366,0.0643872796179425,67.8911608072493,11.0918461789515,134.459178932851,399.632610824097,184.339875610112,612.689330788165,469.268554761945,243.257816902039,694.557821284453,67.2782558960364,10.9917116854967,133.245314121207,396.024824671341,182.675699983264,607.158120312121,465.032112219624,241.061744410459,688.287521959403
2009,90,Tucumán,NOA2,Mujer,40 a 49,77768,5785,1924.93799500378,5206.5,1732.44419550435,0.0775827385298544,0.0246642462101878,0.317908940539613,12,4,1.15470053837925,46.1550939869203,0.0607444624951787,184.765849133786,82.1295057173466,291.906110042125,315.916715087819,112.498746484914,523.016328207394,501.953694649336,271.31206533443,732.063166357728,237.585959692658,105.608355258392,375.355043259598,406.229702561232,144.659431237674,672.534111983585,645.450178285845,348.873656689679,941.342411220203
2009,90,Tucumán,NOA2,Mujer,50 a 59,67941,6854,2085.98162937792,6168.6,1877.38346644391,0.113347543272941,0.0326393615185003,0.287958261608764,60,20,2.58198889747161,41.9936509794637,0.095738854348258,840.621296162189,623.618614857764,1056.16674888342,592.815231319968,241.993989984867,943.518361986388,1432.28878901084,1023.9361055254,1830.03085280011,1237.28131196507,917.8825964554,1554.53518329642,872.544165260989,356.182555430252,1388.73193209754,2108.13616080252,1507.09601790584,2693.55890081115
2009,90,Tucumán,NOA2,Mujer,60 a 69,47257,11834,2899.65852556814,10650.6,2609.69267301255,0.243219913222197,0.0504956491281487,0.207613136848782,128,42.6666666666667,3.77123616632825,38.7722836625193,0.141268066304241,1654.37920760046,1371.79471857655,1937.12458906728,1495.79966340986,778.213629092641,2231.02761728703,3149.52276145523,2378.67724804079,3937.15506380643,3500.81301733174,2902.83919541348,4099.12730191776,3165.24464822113,1646.76900584599,4721.05215584364,6664.66927958869,5033.4918594934,8331.36903274949
2009,90,Tucumán,NOA2,Mujer,70 a 79,30220,2710,1098.14625728143,2439,988.331631553907,0.122218881539387,0.0468711373356694,0.383501605851012,143,47.6666666666667,3.98608691436713,37.9917924303777,0.184921326838426,1809.1597368628,1510.39168626734,2102.85663953615,452.692099192732,121.094988841544,804.986821331586,2263.94693418293,1800.30562924441,2722.14362902807,5986.6304992151,4997.98704919701,6958.49318178738,1497.98841559474,400.711412447202,2663.75519964125,7491.55173455635,5957.33166526938,9007.75522510942
2009,90,Tucumán,NOA2,Mujer,80+,14871,2925,1356.36215341191,2632.5,1220.72593807167,0.20002279462047,0.0823184143638606,0.411545166739893,152,50.6666666666667,4.10960933531265,27.6229305313704,0.199850784311032,1403.15408291656,1178.09216421984,1624.23747752573,529.841613682846,95.1289324763571,998.490900770899,1928.72384290809,1445.46555406592,2445.23293756755,9435.50590354761,7922.07762907563,10922.1806033605,3562.91852385748,639.694253758033,6714.34941006589,12969.6983586046,9720.02927890473,16442.9623937029
2009,90,Tucumán,NOA2,Varón,30 a 39,98196,3848,2122.27030409449,3463.2,1910.04327368568,0.0448026494521275,0.023822473222296,0.531720188730151,3,1,0.577350269189626,45.3386501397284,0.016576188398,47.154514910497,5.97598136819388,97.7860713582848,58.9084016015154,7.75871451355585,120.041319264839,106.670448221807,37.815961986738,185.747186045983,48.0208103288291,6.08576863435769,99.5825403868638,59.9906326138696,7.90125311983772,122.24664880936,108.630135872955,38.5106949231516,189.159625693494
2009,90,Tucumán,NOA2,Varón,40 a 49,73587,3164,1339.08339245275,2847.6,1205.1750532077,0.0497319198728584,0.0205925256444864,0.414070594843955,16,5.33333333333333,1.33333333333333,41.0383393552881,0.0872595074687928,217.968920742929,111.953792954565,327.560303356977,249.212462159199,57.9237485424173,457.09111368102,467.686257896497,246.324817751315,698.626082443577,296.205743871783,152.138003933528,445.133384099063,338.663707121093,78.7146487048219,621.157424111622,635.555543637459,334.739584099522,949.38791151097
2009,90,Tucumán,NOA2,Varón,50 a 59,64462,7559,2617.50870113,6803.1,2355.75783102095,0.14918097493586,0.0462877328386535,0.31027906111054,74,24.6666666666667,2.86744175568088,37.2275117125716,0.149790434322404,919.448576839627,710.498750956675,1130.80850948642,1020.65420085355,334.655927136762,1694.57721996869,1936.70428821775,1224.66980009278,2644.84274209733,1426.34199503526,1102.19780794371,1754.22498446591,1583.34243562649,519.152255804602,2628.80025436488,3004.41234869808,1899.83214931708,4102.94862414652
2009,90,Tucumán,NOA2,Varón,60 a 69,42154,6693,2258.94435070998,6023.7,2033.04991564079,0.155018271655772,0.0470508011646006,0.303517776724281,160,53.3333333333333,4.21637021355784,35.0931757395918,0.20417545409127,1868.33120234383,1580.32560568586,2155.82597709585,1226.21044173783,429.868988165958,2044.41743977127,3095.20213189381,2248.35195585922,3952.55279166516,4432.15638455147,3748.93392248863,5114.16704724546,2908.88276732416,1019.75847645765,4849.87768603518,7342.60599680649,5333.66218119092,9376.45962818513
2009,90,Tucumán,NOA2,Varón,70 a 79,22407,1163,950.831210320435,1046.7,855.748089287101,0.0684341288002615,0.0535996737813849,0.783230161924412,159,53,4.20317340430616,37.5978720540069,0.2901401799049,1993.52669367656,1677.41555271634,2307.69478556545,340.547734683064,30.4833458412304,812.689592135194,2341.73368870722,1878.20861099428,2887.56146806186,8896.8924607335,7486.12287551365,10298.9904296222,1519.82744090268,136.043851658992,3626.94511596909,10450.9023461741,8382.24042037879,12886.8722634081
2009,90,Tucumán,NOA2,Varón,80+,8534,1950,1217.66909277276,1755,1095.90218349652,0.318396226415094,0.15268030156323,0.47952924342822,108,36,3.46410161513775,23.5385723736154,0.481838209781249,847.465641595405,686.113474051589,1008.47387187423,878.601414996535,97.6697775037456,1893.52252432973,1725.78119953194,927.552250503554,2754.45556312582,9930.46217008911,8039.76416746648,11817.129972747,10295.3060112085,1144.4782927554,22187.9836457667,20222.4185555653,10868.903802479,32276.2545479941
2009,94,Tierra del Fuego,Patagonia,Mujer,30 a 39,10168,985,277.252805954942,886.5,249.527525359723,0.100033852403521,0.0267168608957138,0.26707819656832,0,0,0,50.7150874845366,0.0643872796179425,3.48110745766614e-05,1.61630248555895e-06,0.000115179609073519,57.3578432922351,26.6227888580927,87.7075257329404,57.357854822942,26.6228423642282,87.7075321189617,0.000342359112673696,1.58959725172989e-05,0.00113276562818174,564.10152726431,261.829158714523,862.583848671719,564.101640666227,261.829684935368,862.583911476807
2009,94,Tierra del Fuego,Patagonia,Mujer,40 a 49,8209,1685,427.670732905467,1516.5,384.903659614771,0.157919400187441,0.0359836716872167,0.227860995194423,0,0,0,46.1550939869203,0.0607444624951787,3.15294796739347e-05,1.6815925745978e-06,0.000103299455483096,92.0849135610697,46.393597890442,137.387732681879,92.0849626602081,46.393608487515,137.387780500805,0.000384084293749966,2.04847432646827e-05,0.0012583683211487,1121.75555562273,565.155291636521,1673.62325108879,1121.75615373624,565.155420727434,1673.62383360708
2009,94,Tierra del Fuego,Patagonia,Mujer,50 a 59,4818,1181,375.972689295687,1062.9,338.375420366265,0.16866074262139,0.0478533097663431,0.283725240518858,1,0.333333333333333,0.333333333333333,41.9936509794637,0.095738854348258,16.7340065798773,1.0917500062921,42.9248970696011,101.276128559286,38.083122702496,165.766311862378,119.702750697968,53.3158913906245,187.150606010492,347.322677041871,22.6598174821939,890.927710037382,2102.03670733263,790.434261155999,3440.56272026521,2484.49046695658,1106.59799482409,3884.40444189481
2009,94,Tierra del Fuego,Patagonia,Mujer,60 a 69,2318,85,49.4855419048255,76.5,44.5369877143766,0.0301299724300906,0.0180389622894275,0.598704905266098,2,0.666666666666667,0.471404520791032,38.7722836625193,0.141268066304241,27.7292546436208,2.63322745579539,62.375884218808,11.0502874772749,1.24839278676643,23.1057664774424,39.1502986118303,11.0499321505563,76.333144316203,1196.2577499405,113.599113709896,2690.93547104435,476.716457173205,53.8564618967398,996.797518440137,1688.96887885377,476.701128151694,3293.06058309763
2009,94,Tierra del Fuego,Patagonia,Mujer,70 a 79,1066,249,176.866715181061,224.1,159.180043662912,0.218634146341463,0.129118430328415,0.590568456432954,4,1.33333333333333,0.666666666666667,37.9917924303777,0.184921326838426,51.6151888188884,8.55181173560795,100.077693977575,44.95094044124,4.5966350228869,100.363973566931,96.881181613979,34.9420811513351,170.437146529943,4841.95017062743,802.233746304685,9388.15140502583,4216.78615771482,431.204035918096,9415.00690121306,9088.29095815938,3277.86877592262,15988.4752842348
2009,94,Tierra del Fuego,Patagonia,Mujer,80+,359,90,69.0787505448222,81,62.1708754903072,0.218918918918919,0.144143065470716,0.658431286718086,6,2,0.816496580927726,27.6229305313704,0.199850784311032,55.5900837062917,14.0821352052755,99.4460434496512,17.8056710971206,1.70181872787764,41.2096970456803,74.2691337765963,28.7791890033464,122.982630035229,15484.7029822539,3922.60033573134,27700.847757563,4959.79696298625,474.044213893492,11479.0242467076,20687.7809962664,8016.48718756167,34257.000009813
2009,94,Tierra del Fuego,Patagonia,Varón,30 a 39,10585,253,132.918179469352,227.7,119.626361522321,0.0249124726477024,0.0129911298523414,0.521470912825651,0,0,0,45.3386501397284,0.016576188398,3.02456687008303e-05,1.5389057432006e-06,0.000101446737232658,3.85909891104929,0.560347460961839,7.67744494607965,3.85913327924465,0.560359851357711,7.6774500793883,0.000285740847433447,1.45385521322683e-05,0.000958400918589117,36.4581852720764,5.29378801097627,72.5313646299448,36.4585099597983,5.2939050671489,72.5314131260114
2009,94,Tierra del Fuego,Patagonia,Varón,40 a 49,8719,990,307.383168000277,891,276.644851200222,0.101863496055791,0.0297760559789795,0.292313312736401,0,0,0,41.0383393552881,0.0872595074687928,2.76437218076825e-05,1.28574044207465e-06,9.11599919746423e-05,77.9128490665757,30.0987078196263,124.653596100209,77.9128684780375,30.098771976732,124.653612337725,0.000317051517463958,1.47464209436248e-05,0.00104553265253633,893.598452420871,345.20825575899,1429.67767060683,893.598675054908,345.208991589998,1429.67785683822
2009,94,Tierra del Fuego,Patagonia,Varón,50 a 59,5534,812,310.645543172962,730.8,279.580988855769,0.140268714011516,0.0492755669970109,0.351294066850611,4,1.33333333333333,0.666666666666667,37.2275117125716,0.149790434322404,50.6196825202874,7.89412706152132,97.7619401558231,110.453793772883,28.6225855778449,192.034389514472,160.74043893788,68.5781995021729,254.980852628861,914.703334302266,142.647760417805,1766.56921134483,1995.91242813305,517.213328114291,3470.0829330407,2904.59774011348,1239.2157481419,4607.53257370547
2009,94,Tierra del Fuego,Patagonia,Varón,60 a 69,2360,1261,379.852820261796,1134.9,341.867538236121,0.503504880212955,0.0886684700114262,0.176102503661781,4,1.33333333333333,0.666666666666667,35.0931757395918,0.20417545409127,47.2851066700387,7.25371280207717,92.4035423457926,230.595258413395,92.348650255212,366.378523128179,278.284220840402,134.423915974595,421.059282921835,2003.60621483215,307.360711952422,3915.40433668613,9770.98552599131,3913.07840064458,15524.513691872,11791.7042728984,5695.9286429913,17841.4950390608
2009,94,Tierra del Fuego,Patagonia,Varón,70 a 79,877,294,128.504272690929,264.6,115.653845421865,0.309473684210526,0.115513262759283,0.373257141569112,8,2.66666666666667,0.942809041582063,37.5978720540069,0.2901401799049,100.408223739315,33.1796238648253,170.330464827329,76.8092359193653,16.2765311623433,143.0062049671,178.183033229328,85.9595166337567,275.058501747362,11449.0562986676,3783.3094486688,19421.9458183955,8758.1796943404,1855.93285773584,16306.2947510946,20317.3356019758,9801.54123532004,31363.5691844198
2009,94,Tierra del Fuego,Patagonia,Varón,80+,211,0,0,0,0,0,0,,4,1.33333333333333,0.666666666666667,23.5385723736154,0.481838209781249,31.566595486183,5.31458364171774,62.2893482385737,3.1673442964839e-07,1.57290077007475e-08,1.07631382180317e-06,31.5665955518354,5.31458394466006,62.2893486039846,14960.4717943995,2518.76001977144,29521.0181225468,0.000150111104098763,7.45450601931161e-06,0.000510101337347473,14960.4718255144,2518.760163346,29521.0182957273
2013,02,CABA,Centro,Mujer,30 a 39,240272,6817,5135.50240960451,6135.3,4621.95216864565,0.0293050248376003,0.0216835737991943,0.739926818672161,6,2,0.816496580927726,50.7150874845366,0.0643872796179425,101.336906243336,23.9996653894706,184.031493877784,429.412826232293,39.2956589363281,994.834552205053,530.941174796611,133.359289776202,1100.10950887358,42.1759115682795,9.9885402333483,76.5929837341778,178.719462206288,16.3546559467304,414.045145587107,220.975051107333,55.5034668110317,457.860053969493
2013,02,CABA,Centro,Mujer,40 a 49,193684,2341,1588.98238110682,2106.9,1430.08414299722,0.0105932927749007,0.00729068127475027,0.688235606215331,5,1.66666666666667,0.74535599249993,46.1550939869203,0.0607444624951787,76.9666323552965,14.5480671016388,143.857308025397,133.818458491014,13.6137002192209,300.136274169314,212.285117315654,71.4600305057482,389.597199286163,39.7382501163217,7.51123846143141,74.2742343329323,69.0911270373463,7.02882025320674,154.961831730713,109.603848183461,36.8951645493424,201.150946534646
2013,02,CABA,Centro,Mujer,50 a 59,179975,25797,9509.8047037841,23217.3,8558.82423339842,0.123974369243092,0.0427044212054852,0.344461693705006,28,9.33333333333333,1.76383420737639,41.9936509794637,0.095738854348258,391.77178313356,247.493699103104,535.174073522789,2233.81721284976,688.245333406997,3779.87942176391,2622.30307154835,1071.1216067986,4200.47130084505,217.681224133107,137.515598890459,297.360229766795,1241.18194907613,382.41163128601,2100.22470996744,1457.03740605548,595.150219085205,2333.91932259761
2013,02,CABA,Centro,Mujer,60 a 69,162666,30098,12847.876944413,27088.2,11563.0892499695,0.166669948192905,0.0626292161709332,0.37576789847229,50,16.6666666666667,2.35702260395516,38.7722836625193,0.141268066304241,649.268952165544,469.434341060111,826.994515746904,3869.28735472533,857.698037746103,7023.44303536128,4511.05374396158,1494.88974771053,7708.35159437017,399.142385111544,288.5878678151,508.400351485193,2378.67000770003,527.275544825657,4317.70808611589,2773.20014259992,918.993365368627,4738.76015539214
2013,02,CABA,Centro,Mujer,70 a 79,123707,15611,8077.13966928951,14049.9,7269.42570235892,0.121198188483934,0.0577972737821358,0.476882323944945,112,37.3333333333333,3.52766841475279,37.9917924303777,0.184921326838426,1418.41755152934,1154.0115134795,1678.23806638177,2652.94697935502,400.012920645156,5171.20396368461,4065.49217894988,1810.31388850577,6600.2293961288,1146.59441384023,932.858701188699,1356.623365195,2144.54071261531,323.355121897027,4180.20319277374,3286.38814210181,1463.38840041855,5335.37261119322
2013,02,CABA,Centro,Mujer,80+,101073,9986,4735.59877759827,8987.4,4262.0388998392,0.100826817146639,0.0471135899007205,0.467272410594891,312,104,5.8878405775519,27.6229305313704,0.199850784311032,2872.29846685674,2553.44912113914,3190.32524227474,1812.73367246229,320.667084804163,3463.66637460861,4684.92839466247,3158.56353625437,6364.90504091013,2841.80588966068,2526.34147708997,3156.4564644116,1793.48952980746,317.262854376701,3426.89578285853,4635.19277617412,3125.03194350061,6297.33464022057
2013,02,CABA,Centro,Varón,30 a 39,227679,14094,6465.07355003453,12684.6,5818.566195024,0.0496273430439324,0.0224485092834763,0.452341550173336,3,1,0.577350269189626,45.3386501397284,0.016576188398,46.8129776114081,6.30840350888346,96.9192931717264,213.214887965112,41.2457219154855,402.406025973534,259.773391416427,84.8163091137625,457.08053873849,20.560955385173,2.7707445609316,42.5683937349191,93.6471470645568,18.1157339567925,176.742706166811,114.096333617253,37.2525832921624,200.756564610039
2013,02,CABA,Centro,Varón,40 a 49,174137,4450,3264.93350588004,4005,2938.44015529563,0.0272614031624589,0.0199551318818436,0.73199210484233,24,8,1.63299316185545,41.0383393552881,0.0872595074687928,329.201008489505,198.166320226748,461.061161377732,371.980904850193,33.6345449609188,854.445006897398,701.743918580256,332.117673827635,1201.25264220136,189.047134434098,113.799089353066,264.769211240421,213.613938938992,19.314990473546,490.674013505113,402.983810781313,190.722060117973,689.831938187383
2013,02,CABA,Centro,Varón,50 a 59,147560,12372,5238.93688823326,11134.8,4715.04319941003,0.0809062241146295,0.0337874601756167,0.417612619367157,52,17.3333333333333,2.40370085030933,37.2275117125716,0.149790434322404,645.736186763856,467.839928292267,823.05352294205,1679.9876369651,377.747127389891,3070.68224393555,2326.19743514437,1021.32050428185,3727.05942272093,437.609234727471,317.050642648595,557.775496707814,1138.51154578822,255.995613574066,2080.97197339086,1576.44174243994,692.139132747255,2525.79250658778
2013,02,CABA,Centro,Varón,60 a 69,119715,32731,11492.0230829647,29457.9,10342.8207746683,0.256601916376307,0.0747712081381799,0.291389905399334,116,38.6666666666667,3.590109871423,35.0931757395918,0.20417545409127,1357.32542257182,1109.49707602123,1603.21726665066,6000.2093682103,1889.61939777187,10244.19126914,7345.61247838433,3240.09259137301,11594.0609566558,1133.79728736735,926.782003943724,1339.1949769458,5012.07815913653,1578.4316065421,8557.14928717374,6135.91653375461,2706.50510911165,9684.71867072279
2013,02,CABA,Centro,Varón,70 a 79,76815,29121,10527.9016041503,26208.9,9475.11144374688,0.287283788227557,0.0819503222052266,0.285259125517776,147,49,4.04145188432738,37.5978720540069,0.2901401799049,1841.22405643967,1538.35052818224,2149.49202153041,7642.72643438058,2281.10650675865,13094.5566746816,9494.55850454106,4124.48844706809,14900.628538186,2396.95900076765,2002.66943719617,2798.27119902417,9949.52344513516,2969.61076190672,17046.8745358088,12360.2922665379,5369.37895862538,19398.0713899447
2013,02,CABA,Centro,Varón,80+,43536,0,0,0,0,0,0,,218,72.6666666666667,4.92160768674447,23.5385723736154,0.481838209781249,1709.38821175791,1481.84283700254,1934.38495361352,3.26988843857622e-07,1.48269483239398e-08,1.07904819579511e-06,1709.38821181842,1481.84283748687,1934.38495416089,3926.37865618777,3403.71838708778,4443.18484383848,7.51076910735074e-07,3.4056753776047e-08,2.47851937659664e-06,3926.37865632676,3403.71838820027,4443.18484509577
2013,06,Buenos Aires,Centro,Mujer,30 a 39,1195875,91512,19184.1231849882,82360.8,17265.7108664993,0.0729853242081887,0.0146853623743778,0.201209798458773,33,11,1.91485421551268,50.7150874845366,0.0643872796179425,557.774792978734,367.314782914551,744.690009617511,5290.40831442847,3133.74037089491,7427.08708170931,5842.55147063702,3677.25180052902,8001.70750232229,46.6415631214578,30.7151485660751,62.2715592865066,442.388068521248,262.045813391442,621.058813145965,488.558709784636,307.494662947969,669.109020785809
2013,06,Buenos Aires,Centro,Mujer,40 a 49,973006,93302,20486.5056709992,83971.8,18437.8551039071,0.0850887601545488,0.0178431881890217,0.209700883602166,87,29,3.10912635102961,46.1550939869203,0.0607444624951787,1337.86515715704,1056.98824797488,1620.5830791981,5096.99976570577,2911.66889826879,7284.45320543495,6428.79747379221,4221.66349701337,8638.55530623091,137.498140520925,108.631215837814,166.554273991948,523.8405277774,299.244701293599,748.654500119727,660.71509053307,433.878464985146,887.821380981301
2013,06,Buenos Aires,Centro,Mujer,50 a 59,838831,120825,24792.5200743939,108742.5,22313.2680669578,0.142511627785066,0.0264499622048433,0.185598625290666,259,86.3333333333333,5.36449231314369,41.9936509794637,0.095738854348258,3628.45690023149,3178.69529219392,4074.22970559087,10426.0150296184,6220.04665037377,14640.1072639125,14053.5115658303,9820.30159525491,18302.6485753907,432.561135703316,378.94346920821,485.703282972478,1242.9219985454,741.513683968973,1745.29878651511,1675.36864586911,1170.71276517617,2181.92324501487
2013,06,Buenos Aires,Centro,Mujer,60 a 69,681622,105171,20262.6571483246,94653.9,18236.3914334929,0.132418635493727,0.023548429515967,0.17783319868964,688,229.333333333333,8.743251365736,38.7722836625193,0.141268066304241,8895.41454843421,8223.86068819683,9557.92291492497,13364.3112950621,8328.98831837899,18426.3746911338,22248.8932605284,17153.6138223663,27375.3974865993,1305.03630288257,1206.51338838782,1402.2321631234,1960.6631380827,1221.93654523753,2703.31278789912,3264.11020485377,2516.58746671415,4016.21389664643
2013,06,Buenos Aires,Centro,Mujer,70 a 79,452370,94851,18394.4100186907,85365.9,16554.9690168165,0.183801957174692,0.0317098548138897,0.172521856139712,957,319,10.311805532172,37.9917924303777,0.184921326838426,12126.8088536204,11350.5444492197,12891.1860667051,15770.9074554876,9878.17360714957,21738.2694588259,27909.0714091274,21959.3920306251,33908.0783048442,2680.72791158131,2509.12846767462,2849.69959694611,3486.28500021832,2183.64913834904,4805.41801154495,6169.52304731246,4854.29892137522,7495.65141473666
2013,06,Buenos Aires,Centro,Mujer,80+,291747,24879,11950.9882164988,22391.1,10755.8893948466,0.10541204717181,0.0464389546200446,0.440546938096689,1443,481,12.6622799421484,27.6229305313704,0.199850784311032,13280.1361428108,12601.4926463248,13957.127588229,4570.92189457466,763.327372155404,8753.17988821929,17844.1606123987,13987.2384883748,22101.0250245557,4551.93580150296,4319.32209973874,4783.98324172278,1566.74169557002,261.640178701205,3000.26388899262,6116.31331681171,4794.30413624642,7575.40781038218
2013,06,Buenos Aires,Centro,Varón,30 a 39,1178324,54560,14451.6622933066,49104,13006.4960639648,0.0455226426568966,0.0118427000283655,0.260149660414569,44,14.6666666666667,2.21108319357027,45.3386501397284,0.016576188398,667.036580708211,472.822252240871,864.344374782629,817.293874105423,394.739846131987,1236.83141433541,1483.37332164156,1021.35849911734,1946.65023876856,56.6089276555694,40.1266758753,73.353710421126,69.3607084388863,33.5001108465912,104.965307872488,125.888407741976,86.6789184568373,165.205006328358
2013,06,Buenos Aires,Centro,Varón,40 a 49,935008,83533,20682.4115410238,75179.7,18614.1703869051,0.083915280723295,0.0197191019414736,0.234988213964224,140,46.6666666666667,3.94405318873308,41.0383393552881,0.0872595074687928,1909.76487775815,1591.80206471165,2226.99532808233,6550.18966360381,3374.75988732377,9785.37738824421,8465.50174089372,5251.3683444808,11702.6705877642,204.251180498792,170.244753489986,238.179280613891,700.549050233133,360.933798141168,1046.55547206486,905.393509028128,561.638867740255,1251.61181377744
2013,06,Buenos Aires,Centro,Varón,50 a 59,776431,97982,20855.0280000782,88183.8,18769.5252000835,0.123099666229736,0.0245445648748022,0.199387745121872,415,138.333333333333,6.79051626248779,37.2275117125716,0.149790434322404,5149.19559964689,4651.24608421307,5644.98866068294,13280.3131615706,7744.08408264987,18749.1680527587,18431.0522149399,12840.575921536,23928.478135999,663.187791271457,599.054659617283,727.043183577541,1710.43056776076,997.395014193131,2414.78870018826,2373.81714729833,1653.79485382938,3081.85506967123
2013,06,Buenos Aires,Centro,Varón,60 a 69,584922,117034,21120.2514649552,105330.6,19008.226318454,0.175419143277303,0.0293065441522759,0.167065826481366,943,314.333333333333,10.2361016885227,35.0931757395918,0.20417545409127,11028.4542641829,10342.0408253844,11738.1504140382,21521.3166760027,13731.3639449205,29031.6647933947,32558.2464999085,24729.5197456958,40085.968606674,1885.45725142548,1768.10597402464,2006.78901016515,3679.34813120427,2347.55470728072,4963.33952106344,5566.2543894585,4227.83204353671,6853.21608807225
2013,06,Buenos Aires,Centro,Varón,70 a 79,324992,58946,13661.4919567337,53051.4,12295.3427610654,0.202271635440258,0.0426437484444343,0.210824164009043,1115,371.666666666667,11.130538571376,37.5978720540069,0.2901401799049,13972.5279597501,13149.4304003905,14789.4427853937,15369.0480654386,8481.10817025375,22460.7308595928,29350.3446522766,22341.5219714021,36434.5243409547,4299.34520226655,4046.07818050613,4550.70979759309,4729.05427377862,2609.63598188686,6911.16423160964,9031.09758156404,6874.4836707987,11210.8988347266
2013,06,Buenos Aires,Centro,Varón,80+,140751,9867,3490.36829263003,8880.3,3141.33146336317,0.0632842564351073,0.0234333713587831,0.370287535618153,973,324.333333333333,10.3976493069881,23.5385723736154,0.481838209781249,7634.95037525835,7143.44613866281,8118.7758836416,4308.73047301411,1346.76928376843,7287.080748703,11941.5584550745,8945.60509563219,14971.8400609977,5424.43774840559,5075.2365089149,5768.18344710986,3061.24324020015,956.84526843037,5177.28524039119,8484.17308230457,6355.62453952881,10637.110969725
2013,10,Catamarca,NOA2,Mujer,30 a 39,28335,1974,829.585278005674,1776.6,746.626750205298,0.0979490572279193,0.038561617007794,0.393690537705374,0,0,0,50.7150874845366,0.0643872796179425,3.36008367524092e-05,1.54469235753618e-06,0.00011244262090142,113.976830048446,27.4092845457865,207.284689431881,113.976876246102,27.4093513012129,207.28472945492,0.000118584212995974,5.45153470102764e-06,0.000396832965948191,402.247503259029,96.7329611638839,731.549989171981,402.247666299989,96.7331967574127,731.550130421457
2013,10,Catamarca,NOA2,Mujer,40 a 49,21393,3536,1046.65506866199,3182.4,941.989561796183,0.209313338595107,0.0543338898378512,0.259581592852781,4,1.33333333333333,0.666666666666667,46.1550939869203,0.0607444624951787,62.510032682816,10.1176303856915,121.847957259406,192.932769938055,81.8924904181179,304.453868263232,256.26400685262,131.408151022818,381.481212261917,292.198535421942,47.2941167002828,569.569285557923,901.84999737323,382.800403955116,1423.14714281883,1197.88719138326,614.257705898277,1783.20577881511
2013,10,Catamarca,NOA2,Mujer,50 a 59,17440,1122,554.044539051103,1009.8,498.640085145849,0.116042289128936,0.0539629524785919,0.465028334787787,13,4.33333333333333,1.20185042515466,41.9936509794637,0.095738854348258,182.316991104712,84.5090852371341,279.107634252639,98.16600259601,16.8284790989589,191.391862983303,281.046504793561,152.841193943521,416.148483695837,1045.39559119674,484.570442873475,1600.38781108164,562.878455252351,96.4935728151312,1097.43040701435,1611.50518803647,876.382992795416,2386.17249825595
2013,10,Catamarca,NOA2,Mujer,60 a 69,12992,2824,907.880869962022,2541.6,817.09278296568,0.180434473945762,0.0535900112351627,0.297005389620122,18,6,1.4142135623731,38.7722836625193,0.141268066304241,233.373774272015,127.454098915774,341.201022715952,357.667219600612,133.880759299141,586.014236082795,592.453653754237,343.606693906046,844.227270997402,1796.28828719223,981.019850029046,2626.23939898362,2752.98044643328,1030.48613992566,4510.57755605599,4560.14203936451,2644.75595678914,6498.05473366227
2013,10,Catamarca,NOA2,Mujer,70 a 79,7841,872,455.477277998903,784.8,409.929550198856,0.140695589817139,0.0689183620858374,0.489840244284915,23,7.66666666666667,1.59861050777091,37.9917924303777,0.184921326838426,290.837249330763,175.757272869014,408.327653894657,149.714393392498,24.1614900916909,293.313266253817,441.822180901267,264.890951034051,627.291304651425,3709.1856820656,2241.51604220142,5207.59665724598,1909.3788214832,308.142967627738,3740.76350279068,5634.76828084769,3378.28020704056,8000.14417359298
2013,10,Catamarca,NOA2,Mujer,80+,4901,293,293.000000000084,263.7,263.69999999994,0.14731843575419,0.131008320433177,0.889286665056456,30,10,1.82574185835055,27.6229305313704,0.199850784311032,275.808307794877,175.858151636515,376.551142682501,63.136910409754,4.61988083688477,160.265754189695,341.882533884053,221.456181860849,479.001040626664,5627.59248714297,3588.20958246306,7683.14920796777,1288.2454684708,94.2640448252351,3270.06231768404,6975.77094233939,4518.59175394509,9773.53684200498
2013,10,Catamarca,NOA2,Varón,30 a 39,28197,1782,803.472016624315,1603.8,723.124814960974,0.075926714955262,0.0330591317545533,0.435408430010868,0,0,0,45.3386501397284,0.016576188398,3.10160520397412e-05,1.44936687305676e-06,0.000101523972178215,26.8557934528879,5.18492625421158,49.9855243411237,26.8558409558332,5.18494880100675,49.9855500532498,0.00010999770202412,5.14014566463368e-06,0.00036005238918401,95.24344239773,18.3882195063715,177.272491190991,95.2436108658127,18.3882994680525,177.272582378444
2013,10,Catamarca,NOA2,Varón,40 a 49,21345,2965,1155.81759275707,2668.5,1040.23583348021,0.202958624885914,0.0675206588718906,0.332681889768641,8,2.66666666666667,0.942809041582063,41.0383393552881,0.0872595074687928,110.274520783051,36.3804142947927,184.294544666349,233.330790956533,63.6806237019915,412.042856159489,342.948435529241,161.390005907196,534.387433571132,516.629284530572,170.439982641334,863.408501599199,1093.14027152276,298.339769041891,1930.39520337076,1606.69213178375,756.102159321601,2503.57195395236
2013,10,Catamarca,NOA2,Varón,50 a 59,17425,2275,1076.83979548639,2047.5,969.155815938491,0.172653680748798,0.0723000297258839,0.41875753480794,13,4.33333333333333,1.20185042515466,37.2275117125716,0.149790434322404,161.211755706866,75.4369886229278,248.562681896496,307.525541130764,55.6387300465017,592.730878833924,469.755312721205,203.892869667999,770.341819629194,925.175068619031,432.923894536171,1426.47163211762,1764.85245986091,319.304046177915,3401.61193018034,2695.86980040863,1170.11689909899,4420.89996917759
2013,10,Catamarca,NOA2,Varón,60 a 69,12349,1015,617.603965767674,913.5,555.843569191332,0.129961587708067,0.071576387738119,0.550750333236167,32,10.6666666666667,1.88561808316413,35.0931757395918,0.20417545409127,374.263327849485,245.816247158479,502.130661760532,193.032360039353,22.6720219635706,413.612515045498,569.796274086182,344.739011739646,819.949998166112,3030.71769252154,1990.57613700283,4066.16456199314,1563.14163121996,183.59399112131,3349.36039392257,4614.10862487798,2791.63504526396,6639.80887655771
2013,10,Catamarca,NOA2,Varón,70 a 79,6234,1420,646.316557401461,1278,581.684901660391,0.293725580326362,0.113184753481869,0.385341832863545,33,11,1.91485421551268,37.5978720540069,0.2901401799049,415.309395386744,272.114733263518,553.075975772057,375.650256085685,77.7203011161763,709.535287668005,786.977479780765,459.241124920904,1152.97795472537,6662.0050591393,4365.01015822134,8871.92774738623,6025.83022274117,1246.71641187322,11381.7017591916,12623.9570064287,7366.71679372641,18494.9944614271
2013,10,Catamarca,NOA2,Varón,80+,2645,226,225.999999999902,203.4,203.399999999872,0.138934426229508,0.129138614683642,0.929493273829165,12,4,1.15470053837925,23.5385723736154,0.481838209781249,94.0841540815799,40.8119118260947,145.832293435225,118.284815984127,7.72927162300261,297.892809536871,213.33363927017,86.6325620529314,398.87779837648,3557.05686508809,1542.98343387882,5513.5082584206,4472.01572718815,292.221989527509,11262.4880732276,8065.54401777581,3275.333158901,15080.446063383
2013,14,Córdoba,Centro,Mujer,30 a 39,256118,17873,7021.3799853039,16085.7,6319.24198677611,0.0782781979035884,0.0291227296969613,0.372041391816792,5,1.66666666666667,0.74535599249993,50.7150874845366,0.0643872796179425,85.2699234709033,18.6751620116872,160.195352517674,1043.34795639321,264.555013545047,1821.96910504079,1128.53124757651,350.413664975373,1915.39583205487,33.2932177632588,7.29162417779586,62.5474790985695,407.37002334596,103.294190000331,711.378780499921,440.629415963154,136.817273668923,747.856781661136
2013,14,Córdoba,Centro,Mujer,40 a 49,202309,32448,10497.7247409466,29203.2,9447.9522668448,0.14967633476672,0.0432244838560249,0.288786359736781,15,5,1.29099444873581,46.1550939869203,0.0607444624951787,230.347020153027,110.997262332946,350.3076918842,1780.28924149203,661.23389532053,2912.20415114195,2005.27538805911,877.822437367635,3147.77589455613,113.859007831103,54.8652122905784,173.1547740754,879.985191707752,326.843539002482,1439.48324154731,991.194355198786,433.901822147129,1555.92479551386
2013,14,Córdoba,Centro,Mujer,50 a 59,179037,19232,4775.80244479408,17308.8,4298.22220031616,0.124129918746997,0.0306783263880485,0.247146914279203,78,26,2.94392028877595,41.9936509794637,0.095738854348258,1095.76299496032,849.368580166195,1334.52344627639,1653.71273387168,833.61161390032,2463.13406649816,2746.06108467227,1896.34836746927,3603.25341829633,612.031588420449,474.409524381102,745.389749759207,923.670936103531,465.608569122762,1375.76817445453,1533.79529631991,1059.1935563427,2012.57472941143
2013,14,Córdoba,Centro,Mujer,60 a 69,151861,45899,14046.4919134708,41309.1,12641.8427221335,0.261208630000127,0.0632226224144342,0.242038796399658,165,55,4.28174419288838,38.7722836625193,0.141268066304241,2128.53412966317,1799.21213780523,2455.28974777833,5801.53024826925,2255.70258566345,9271.4380551988,7928.6322815683,4351.04770009846,11388.4055266598,1401.63315773185,1184.77564207086,1616.80072420063,3820.28977042773,1485.37319368597,6105.21335642383,5220.97989712191,2865.15148728012,7499.22990541336
2013,14,Córdoba,Centro,Mujer,70 a 79,102568,18997,7285.76090020218,17097.3,6557.18481018154,0.219621318192912,0.0699093010919647,0.318317464202439,257,85.6666666666667,5.3437398472938,37.9917924303777,0.184921326838426,3250.36873695813,2856.19333732952,3663.97263898986,3161.53116073106,902.166807366163,5554.73401100841,6417.95227249236,4132.66857146442,8836.97147516604,3168.98909694849,2784.68268595422,3572.23757798715,3082.37575143423,879.579213171909,5415.6598656583,6257.26568958384,4029.1987476254,8615.71979093483
2013,14,Córdoba,Centro,Mujer,80+,64509,5634,3529.82763353906,5070.6,3176.84487018746,0.09012317153369,0.0533076438723833,0.591497646667436,317,105.666666666667,5.93483127158829,27.6229305313704,0.199850784311032,2917.35408499853,2603.71699220278,3235.03452210437,1060.92898857438,107.811883819836,2241.91483167324,3981.46913658302,2971.9026684845,5209.92231048316,4522.39855678824,4036.20733882525,5014.85765103222,1644.62166298405,167.126887441808,3475.35201549124,6171.95916319122,4606.95820503263,8076.27200930593
2013,14,Córdoba,Centro,Varón,30 a 39,253675,7688,2955.85706757687,6919.2,2660.2713608178,0.0344334740027072,0.0134692732983122,0.391168004054812,6,2,0.816496580927726,45.3386501397284,0.016576188398,91.2667204290944,21.0157057460221,164.143678064522,114.501621324583,31.5813932569213,200.496586175672,205.622080619042,95.6257106329487,319.61464419183,35.9778143014071,8.28450014625882,64.7062887807321,45.1371326794454,12.4495489334469,79.0367936042856,81.057290083391,37.6961508358919,125.993749558226
2013,14,Córdoba,Centro,Varón,40 a 49,193242,19011,6344.92691968516,17109.9,5710.43422771553,0.103856239301713,0.0344222047103134,0.331440893120667,33,11,1.91485421551268,41.0383393552881,0.0872595074687928,451.129767606299,298.523129979789,602.272161114739,1486.50299305891,525.299920021295,2449.72369890088,1938.79824751744,974.640522641458,2906.09037294862,233.453269789331,154.481494695661,311.667319275695,769.244260077475,271.835273916279,1267.69734265888,1003.30065281742,504.362676147762,1503.86063741248
2013,14,Córdoba,Centro,Varón,50 a 59,165564,28740,6905.32665119818,25866,6214.79398607807,0.195933764600724,0.0442343174227688,0.225761585875257,138,46,3.91578004149024,37.2275117125716,0.149790434322404,1712.19023853144,1433.29566855131,1989.36882038875,3896.17817502692,2075.03382833369,5691.49565060859,5606.59634349639,3774.90877809716,7444.72790218932,1034.15612000884,865.704904780817,1201.5708852098,2353.27618022451,1253.31221058545,3437.64082204379,3386.36197693725,2280.02994497425,4496.58615531717
2013,14,Córdoba,Centro,Varón,60 a 69,128943,22311,9005.18556840354,20079.9,8104.6670115616,0.172641217436162,0.0622029386517053,0.360301784101507,312,104,5.8878405775519,35.0931757395918,0.20417545409127,3648.59276669309,3238.78658593525,4054.52197895547,4140.45504954426,1055.35550701126,7376.61525777871,7770.88440744531,4675.93320573616,11019.9813158202,2829.61678159582,2511.79713977126,3144.42969293057,3211.07392378358,818.466692268099,5720.83421184455,6026.604319308,3626.35676673891,8546.39749022453
2013,14,Córdoba,Centro,Varón,70 a 79,73885,31177,14448.1946334243,28059.3,13003.3751700839,0.492787144362487,0.113189101707066,0.229691669115065,305,101.666666666667,5.82141639885766,37.5978720540069,0.2901401799049,3818.32338350932,3394.21492899019,4257.5648542599,8169.00142460238,1476.9606222661,15751.3798502922,11995.2185698722,5279.29019388511,19591.0086343316,5167.9277032,4593.91612504593,5762.42113319334,11056.3733161026,1998.99928573608,21318.7789812441,16234.9848682036,7145.28008917252,26515.54257878
2013,14,Córdoba,Centro,Varón,80+,31092,2353,1577.62899974154,2117.7,1419.86609976856,0.0725910945051932,0.0521115804849362,0.717878423519405,219,73,4.93288286231625,23.5385723736154,0.481838209781249,1718.15104025651,1490.10405183891,1942.71061950195,1069.48876637807,97.4720360683766,2360.27317823872,2789.70831073741,1789.28216618869,4104.40831832362,5526.0229006063,4792.56417032969,6248.26521131466,3439.75545599535,313.495548914115,7591.25555846752,8972.43120653999,5754.79919654151,13200.8501168263
2013,18,Corrientes,NEA,Mujer,30 a 39,71365,3140,1121.16578937739,2826,1009.04921044121,0.0465652754205869,0.0169390798974603,0.363770636906216,4,1.33333333333333,0.666666666666667,50.7150874845366,0.0643872796179425,69.0945235009345,11.8031267880556,135.758675879409,181.153665071383,56.8182278336515,311.185419980699,250.432758582642,114.395908548214,396.206730669643,96.8185013675254,16.5390972998748,190.231452223652,253.84104963411,79.6163775431254,436.047670399635,350.918179195183,160.296936240755,555.183536284794
2013,18,Corrientes,NEA,Mujer,40 a 49,57420,3986,1417.13953554129,3587.4,1275.42558198671,0.0771003030368158,0.026536281716203,0.344178695426551,10,3.33333333333333,1.05409255338946,46.1550939869203,0.0607444624951787,153.539564061935,58.8732257938978,249.650867204757,218.640207163475,72.3845563862628,370.788174072992,372.29195349861,197.908203548025,554.213633100909,267.397359912809,102.530870417795,434.780332993308,380.773610525035,126.06157503703,645.747429594205,648.366341864524,344.667717777822,965.192673460308
2013,18,Corrientes,NEA,Mujer,50 a 59,49565,7882,2203.47334027335,7093.8,1983.12600624728,0.166189527937214,0.0418571098962778,0.251863702940965,24,8,1.63299316185545,41.9936509794637,0.095738854348258,337.88963298147,203.986567166245,471.129162534206,676.72538360279,314.475351883291,1051.05851918321,1016.27109675278,626.752324006974,1413.2471810156,681.710144217634,411.553651097034,950.527917954617,1365.32913064217,634.470597968911,2120.5659622379,2050.3805038894,1264.50584889937,2851.30067792919
2013,18,Corrientes,NEA,Mujer,60 a 69,35313,4864,2285.58297563429,4377.6,2057.02467807398,0.172966138527796,0.0689727004446067,0.398764180270593,77,25.6666666666667,2.92498812913071,38.7722836625193,0.141268066304241,997.413135930473,778.64565678689,1216.06668971578,630.356496075888,106.523592135331,1194.095794275,1626.31385047415,1062.1673971186,2229.73390347153,2824.49278149824,2204.98302830938,3443.67991877151,1785.05506775377,301.655458713028,3381.46233476341,4605.42534045294,3007.86508401608,6314.20129547625
2013,18,Corrientes,NEA,Mujer,70 a 79,21816,4353,1232.51423765207,3917.7,1109.26281388807,0.191415449259784,0.0520337072672421,0.271836507807807,95,31.6666666666667,3.24893144826965,37.9917924303777,0.184921326838426,1200.15159518219,958.591820302515,1445.24263942043,731.278561471719,320.098189529632,1125.03629755916,1930.99342981197,1457.15478172195,2404.55251948337,5501.24493574527,4393.98524157735,6624.69123313362,3352.02860960634,1467.26342835365,5156.93205701854,8851.27168047292,6679.29401229349,11021.9679110899
2013,18,Corrientes,NEA,Mujer,80+,12227,1988,1012.21496642323,1789.2,910.993469781775,0.204995417048579,0.0946893952999477,0.461909815659481,92,30.6666666666667,3.19722101554181,27.6229305313704,0.199850784311032,848.245864433753,677.599063888509,1019.79022465608,361.030577868638,57.2451396488717,718.00591590478,1208.43791793455,853.223980857089,1601.74069440694,6937.48151168523,5541.82599074597,8340.47783312404,2952.7322963003,468.186306116559,5872.29832260391,9883.35583491085,6978.19563962615,13100.0302151545
2013,18,Corrientes,NEA,Varón,30 a 39,67171,1334,955.774470023382,1200.6,860.197023021592,0.0230366291229349,0.0163275082993208,0.708762910241299,3,1,0.577350269189626,45.3386501397284,0.016576188398,46.6445885906557,5.90737866865372,97.4398318808148,21.322714221984,1.83520319253945,47.6226495876404,68.5555506358805,21.5926648345132,125.526625048808,69.4415575034698,8.79453732809355,145.062351134887,31.7439285137694,2.73213617861793,70.8976337819005,102.061232728232,32.145814167592,186.876218976653
2013,18,Corrientes,NEA,Varón,40 a 49,53819,1307,732.302817487404,1176.3,659.07253573901,0.030243739394251,0.016923593443922,0.559573445046248,13,4.33333333333333,1.20185042515466,41.0383393552881,0.0872595074687928,177.765882878026,83.5346112208083,272.823746540058,104.388447562221,14.1346408625948,215.321975639978,283.387459745639,148.737554120666,429.263244824711,330.303206819201,155.213978745068,506.928308850142,193.962072060463,26.2632915189706,400.085426410706,526.556531607126,276.366253777785,797.605389963973
2013,18,Corrientes,NEA,Varón,50 a 59,47477,2412,1454.55137224856,2170.8,1309.09623502174,0.0651911468812877,0.0380363734756609,0.583459185722329,47,15.6666666666667,2.28521820013368,37.2275117125716,0.149790434322404,584.313405540257,419.408854642436,749.055407587544,335.677156984658,40.2702206556419,715.68435686552,922.976854498498,576.863186771629,1334.50767374108,1230.7294174869,883.393758330215,1577.72270275616,707.031103449372,84.8204828772708,1507.43382451612,1944.05049707964,1215.037148033,2810.85088304037
2013,18,Corrientes,NEA,Varón,60 a 69,33477,3222,1383.36047650814,2899.8,1245.02442885689,0.113229207340882,0.0474071965496184,0.418683462182125,88,29.3333333333333,3.12694383988229,35.0931757395918,0.20417545409127,1027.84448276072,817.499981937637,1244.55462727557,596.505637732703,139.261721725405,1092.67417938755,1627.14220624237,1131.6152997387,2152.37597223855,3070.30045332833,2441.97503341888,3717.64084976421,1781.83719488814,415.99223862773,3263.95489257565,4860.477958725,3380.27690575231,6429.41712889015
2013,18,Corrientes,NEA,Varón,70 a 79,16804,3166,1207.46686489101,2849.4,1086.72017840204,0.163947065592635,0.063757587815209,0.388891302108631,91,30.3333333333333,3.17979733805649,37.5978720540069,0.2901401799049,1142.15726775073,911.039072857806,1377.05208820381,830.396988275915,234.263490851298,1440.90085815278,1971.08079942844,1329.44775714905,2622.22702501759,6796.93684688602,5421.56077634971,8194.78748038447,4941.66262958769,1394.09361373065,8574.74921538194,11729.8309892195,7911.49581735926,15604.7787730159
2013,18,Corrientes,NEA,Varón,80+,6752,219,219.000000000082,197.1,197.099999999937,0.0534580960130187,0.0540500460786323,1.0110731602837,51,17,2.38047614284762,23.5385723736154,0.481838209781249,399.149395046101,289.332200802115,510.899503171965,112.663649153227,7.51782600385095,290.862763117794,515.085364310949,354.402646847537,721.080375186626,5911.57279392921,4285.13330571852,7566.63956119616,1668.59669954424,111.342209772674,4307.80158646021,7628.63395010292,5248.85436681778,10679.5079263422
2013,22,Chaco,NEA,Mujer,30 a 39,77820,10359,4910.37138331152,9323.1,4419.33424498398,0.128157862179884,0.0536662767677843,0.418751341938412,2,0.666666666666667,0.471404520791032,50.7150874845366,0.0643872796179425,36.0600804851508,3.445519459425,81.3604609974535,613.548309777112,112.252813403985,1157.00371325177,649.298928303801,144.341159812801,1194.85199091852,46.3378058148944,4.42755006351195,104.549551525898,788.419827521346,144.246740431746,1486.76909952682,834.359969549989,185.48080160987,1535.40476859229
2013,22,Chaco,NEA,Mujer,40 a 49,59051,3192,1496.27912582652,2872.8,1346.65121324264,0.0695374337375645,0.0316851278259284,0.455655696836738,13,4.33333333333333,1.20185042515466,46.1550939869203,0.0607444624951787,199.994543800835,93.2420808758366,307.944490794666,175.315171245165,34.5306385989327,338.384770975898,374.747598979681,200.276187110168,567.775683216665,338.681044860942,157.900934574921,521.489036247763,296.887726279258,58.4759590844061,573.038172047717,634.616854887607,339.157994124007,961.500538884463
2013,22,Chaco,NEA,Mujer,50 a 59,50000,2800,1390.27485232558,2520,1251.24736709371,0.0655379574003277,0.0313910315823341,0.478974823560448,41,13.6666666666667,2.13437474581095,41.9936509794637,0.095738854348258,573.346498875435,398.35513257787,744.585470873913,244.614574817207,41.219019786545,480.41573710876,818.123240065357,553.862416256341,1113.07665051271,1146.69299775087,796.710265155739,1489.17094174783,489.229149634414,82.4380395730901,960.83147421752,1636.24648013071,1107.72483251268,2226.15330102542
2013,22,Chaco,NEA,Mujer,60 a 69,33439,5490,1741.06902774612,4941,1566.96212497074,0.164360322001198,0.0481970818733325,0.293240371438195,69,23,2.76887462097269,38.7722836625193,0.141268066304241,893.146232833614,681.945997180434,1105.31977173203,699.114169988448,270.612088440618,1144.52257604966,1592.04646094867,1118.67581734323,2081.61621945193,2670.97171815429,2039.37317856525,3305.48094061434,2090.71494359415,809.270876642895,3422.71771299877,4761.04686428621,3345.42246282253,6225.11504366736
2013,22,Chaco,NEA,Mujer,70 a 79,20485,3583,1940.53411717331,3224.7,1746.48070545467,0.163923342822286,0.0779093663911909,0.475279268039665,88,29.3333333333333,3.12694383988229,37.9917924303777,0.184921326838426,1117.17320054811,881.169221382421,1348.36540124695,612.532039345929,82.8226074941352,1239.13687868729,1731.14733317695,1153.97416894353,2388.43575502977,5453.61581912672,4301.5339096042,6582.20845129093,2990.14908150319,404.308555011644,6048.99623474391,8450.80465304831,5633.26418815489,11659.437417768
2013,22,Chaco,NEA,Mujer,80+,10725,1691,1099.40983118091,1521.9,989.468848062412,0.298119490695397,0.153393529430276,0.514537070596989,82,27.3333333333333,3.01846171271247,27.6229305313704,0.199850784311032,756.249279461495,590.757732799375,915.392966595052,318.672755548629,33.2016478434525,697.783695733002,1076.64532112892,738.825481881496,1482.55914983155,7051.27533297431,5508.23060885198,8535.13255566483,2971.30774404316,309.572474064825,6506.1416851562,10038.6510128571,6888.81568187875,13823.3953364247
2013,22,Chaco,NEA,Varón,30 a 39,73770,4323,1805.36438684633,3890.7,1624.82794815913,0.0713274790547601,0.0289592794320636,0.406004527509387,0,0,0,45.3386501397284,0.016576188398,3.03798312958443e-05,1.55178718877519e-06,0.000101929303848192,65.0787131732292,14.8697870153909,117.40194746922,65.0787296949,14.8698177649325,117.401995592333,4.11818236354131e-05,2.10354776843594e-06,0.000138171755250361,88.2183993130394,20.1569567783528,159.145923097763,88.2184217092314,20.1569984613426,159.145988331751
2013,22,Chaco,NEA,Varón,40 a 49,55914,1717,1079.86510731976,1545.3,971.878596588048,0.0329460173972369,0.0206191968125954,0.625847930691758,21,7,1.52752523165195,41.0383393552881,0.0872595074687928,287.126839152413,164.883470671661,411.518096909195,139.893104589636,14.409590399045,303.508768114269,427.585839112395,247.540206390854,628.36049800663,513.515110978312,294.887632205997,735.984005632212,250.193340826332,25.770988301758,542.813549583771,764.72053352004,442.715968077501,1123.79815074334
2013,22,Chaco,NEA,Varón,50 a 59,48480,6583,2406.02339154986,5924.7,2165.4210523935,0.14905655630472,0.0503617652353461,0.337870178165061,50,16.6666666666667,2.35702260395516,37.2275117125716,0.149790434322404,620.17545743482,448.040192380055,792.45806822495,890.443679949256,270.195198836723,1533.65332737677,1514.03400922892,868.880117584441,2173.00244313398,1279.23980493981,924.175314315295,1634.60822653661,1836.72376227157,557.333330933834,3163.47633534812,3123.00744477913,1792.24446696461,4482.2657655404
2013,22,Chaco,NEA,Varón,60 a 69,31563,2220,954.637577035663,1998,859.17381933208,0.0817044246340067,0.0354738027175057,0.434172358185127,101,33.6666666666667,3.34995854037363,35.0931757395918,0.20417545409127,1182.59847500905,952.848692161044,1407.13744725248,409.999912723661,87.4629252456652,754.313229102064,1595.17516659952,1192.35513550723,2001.68246367587,3746.7872984477,3018.87872559973,4458.18663388297,1298.9890464267,277.105868408153,2389.86544087084,5053.94026740017,3777.69900043477,6341.86377618057
2013,22,Chaco,NEA,Varón,70 a 79,15671,3328,1273.17482475744,2995.2,1145.85734228025,0.328385045499397,0.110117672189891,0.33533095888221,96,32,3.2659863237109,37.5978720540069,0.2901401799049,1199.28951719238,959.677626652742,1442.47328913961,872.318504646955,242.464402046797,1514.50416711785,2071.0115368475,1406.0114326608,2760.51128511942,7652.92270558597,6123.90802535092,9204.73032441844,5566.45079858947,1547.21716576349,9664.37475028936,13215.5672059696,8972.05942607877,17615.41245051
2013,22,Chaco,NEA,Varón,80+,5918,235,234.999999999982,211.5,211.499999999899,0.0601193860147811,0.0630804550011147,1.04925314748899,59,19.6666666666667,2.5603819159562,23.5385723736154,0.481838209781249,463.367722885459,343.107501268223,582.817258092075,121.576023571097,8.12904071436812,305.058764448714,588.271367244637,414.922121985436,803.539061949943,7829.80268478302,5797.69349895612,9848.21321547946,2054.34308163395,137.361282770668,5154.76114310094,9940.37457324496,7011.18827281913,13577.8820876976
2013,26,Chubut,Patagonia,Mujer,30 a 39,43662,2999,955.802765655198,2699.1,860.222489089778,0.0726032924467398,0.022095608426113,0.304333421825489,1,0.333333333333333,0.333333333333333,50.7150874845366,0.0643872796179425,20.0753375232885,1.30044019140529,50.111401300375,174.417942244151,65.2755873745476,277.104049042989,195.666284259717,83.1694137002564,302.62992274634,45.9789691798097,2.97842561358914,114.771199900085,399.473093866866,149.502055275864,634.65725125507,448.138619989274,190.484663323385,693.119698470844
2013,26,Chubut,Patagonia,Mujer,40 a 49,32164,1813,607.465660298929,1631.7,546.719094268436,0.0532434901781635,0.0175374773436872,0.329382564610307,1,0.333333333333333,0.333333333333333,46.1550939869203,0.0607444624951787,18.0485739895583,1.2453181024902,47.0352117456075,99.2723411823827,34.7448565419899,164.129108784243,118.842126442445,51.0759431295238,188.366739174039,56.1142083993232,3.87177621716889,146.235579360799,308.644264340202,108.024053419941,510.28823773238,369.488019035087,158.798480069406,585.644631184054
2013,26,Chubut,Patagonia,Mujer,50 a 59,25845,4194,1165.92497063632,3774.6,1049.33247357315,0.159974570883662,0.0404557273269857,0.252888487861026,12,4,1.15470053837925,41.9936509794637,0.095738854348258,167.434647578868,75.2083435338802,263.546601014939,361.453308086234,164.490716552973,556.973803557579,527.599481992617,314.905831430201,746.942786429269,647.841546058687,290.997653448946,1019.71987237353,1398.54249598078,636.450828218119,2155.05437631101,2041.39865348275,1218.44005196441,2890.0862311057
2013,26,Chubut,Patagonia,Mujer,60 a 69,17917,3513,975.357658534016,3161.7,877.821892681348,0.193269759765267,0.048275425855917,0.249782614282489,23,7.66666666666667,1.59861050777091,38.7722836625193,0.141268066304241,297.486059970128,176.165694955276,419.80840200524,447.91572596198,206.660367874521,689.811787972138,744.554470367423,474.34997531449,1021.1573838319,1660.35642110916,983.23209775786,2343.07307029771,2499.94823889033,1153.43175684836,3850.04067629703,4155.5755448313,2647.48549039733,5699.37703762851
2013,26,Chubut,Patagonia,Mujer,70 a 79,10453,2631,866.024482727978,2367.9,779.422034456686,0.262254956252077,0.0720361341264904,0.274679781674936,44,14.6666666666667,2.21108319357027,37.9917924303777,0.184921326838426,556.080375127019,389.650502316859,716.953306642933,436.12645428692,154.786686685313,727.338461490425,992.22111825126,664.69861917881,1323.75638320673,5319.81608272284,3727.64280414101,6858.82815118084,4172.26111438745,1480.78720640307,6958.1791016017,9492.21389315278,6358.92680741232,12663.889631749
2013,26,Chubut,Patagonia,Mujer,80+,5789,579,291.4838562991,521.1,262.335470669272,0.0961084470675028,0.0481360011065407,0.50085088850444,58,19.3333333333333,2.53859103528797,27.6229305313704,0.199850784311032,535.197582189247,398.917137964901,675.646343317838,106.717276931196,17.2078645796967,207.186740378491,641.862615930972,477.545638123346,813.725777386919,9245.07828967434,6890.95073354467,11671.2099381212,1843.44924738636,297.251072373409,3578.97288613735,11087.6250808598,8249.19050135335,14056.4134977875
2013,26,Chubut,Patagonia,Varón,30 a 39,44829,3802,1160.84616470205,3421.8,1044.76154823083,0.0832493978541712,0.0240099680611795,0.28841011082432,3,1,0.577350269189626,45.3386501397284,0.016576188398,46.8781857933915,6.4413324357056,97.7051533182244,56.8292667536396,23.0378397077167,90.6517870986458,104.260791806562,49.7474026593948,165.984982713025,104.571116450047,14.3686730368859,217.950775877723,126.768981582546,51.3904831865907,202.216839765879,232.574431297959,110.97147529366,370.2625146959
2013,26,Chubut,Patagonia,Varón,40 a 49,32068,2416,858.743821563211,2174.4,772.869439408258,0.0783878294098562,0.0266088865086996,0.339451758123997,7,2.33333333333333,0.881917103688197,41.0383393552881,0.0872595074687928,96.6100199218743,25.9837451579996,166.209639406278,190.277871634494,60.1705916132615,318.924671188355,286.9236575393,138.053644388662,433.709834609433,301.266121747144,81.0270211987016,518.303727723207,593.357464246271,187.634375742988,994.526229226503,894.735117685232,430.502820221597,1352.46923602792
2013,26,Chubut,Patagonia,Varón,50 a 59,25531,2175,687.364615839843,1957.5,618.628154255224,0.0889934533551555,0.0271691622756517,0.305293942996288,27,9,1.73205080756888,37.2275117125716,0.149790434322404,335.544271534421,212.391380696185,459.598346691731,292.934921064309,115.155799785269,478.951088434052,627.277610273679,412.159017908253,853.739858634362,1314.26215790381,831.896050668538,1800.15803020536,1147.36955491093,451.043044868079,1875.95898489699,2456.92534673017,1614.34733425347,3343.93427062928
2013,26,Chubut,Patagonia,Varón,60 a 69,16698,1749,682.420478568889,1574.1,614.178430711732,0.108081570996979,0.0397527536923065,0.367803255685631,35,11.6666666666667,1.97202659436654,35.0931757395918,0.20417545409127,409.891858982561,277.534443475869,543.836683989712,322.382671491239,87.5130037655839,567.392461149723,732.490093544822,462.997840424962,1007.02173751561,2454.73624974585,1662.08194679524,3256.89713732011,1930.66637616025,524.092728264366,3397.96658970969,4386.69357734352,2772.77422700301,6030.79253512762
2013,26,Chubut,Patagonia,Varón,70 a 79,8181,1577,714.777428108019,1419.3,643.299685296671,0.202815090025722,0.0787383871864678,0.388227459684987,51,17,2.38047614284762,37.5978720540069,0.2901401799049,639.702174834231,463.631653367776,811.878011549741,421.006868982939,78.3445447661833,785.180171703708,1059.79628423395,684.287316871981,1461.61570544389,7819.36407327015,5667.1758142987,9923.94586908374,5146.15412520399,957.640200051135,9597.60630367569,12954.361132306,8364.34808546609,17865.9785532807
2013,26,Chubut,Patagonia,Varón,80+,3249,497,352.198818157614,447.3,316.978936341779,0.140175493575682,0.0917477600883034,0.654520685092279,33,11,1.91485421551268,23.5385723736154,0.481838209781249,259.240279407346,171.509842185337,347.97257166905,230.342627039788,20.5349251545115,515.882204211168,491.950962750884,260.883888300743,788.18910404228,7979.07908302082,5278.8501749873,10710.1437879055,7089.64687718645,632.038324238582,15878.1841862471,15141.6116574603,8029.66722993978,24259.4368741853
2013,30,Entre Ríos,Centro,Mujer,30 a 39,92169,2516,934.939824640519,2264.4,841.445842176706,0.0306546813234418,0.0114515549525976,0.373566269757322,1,0.333333333333333,0.333333333333333,50.7150874845366,0.0643872796179425,20.2554199893778,1.52794592465001,51.2166018482921,145.39737266483,42.0296554650149,253.211820661514,167.149279526265,60.3032648803661,277.150423319849,21.9763911829116,1.65776554443469,55.5681431373803,157.75084102554,45.6006417179474,274.725580901945,181.350865829363,65.4268407820049,300.698090811281
2013,30,Entre Ríos,Centro,Mujer,40 a 49,74200,6219,2848.95178261486,5597.1,2564.05660435066,0.0863630051381753,0.0370570674717534,0.429084970033922,6,2,0.816496580927726,46.1550939869203,0.0607444624951787,92.3355844987426,22.8119831208446,166.665495716989,340.651094859419,65.2100234407671,649.436768763404,433.099251004475,153.395552986545,748.962023778605,124.44148854278,30.7439125617852,224.616571047154,459.098510592209,87.8841286263708,875.251709923725,583.691712944036,206.732551194804,1009.38278137278
2013,30,Entre Ríos,Centro,Mujer,50 a 59,65666,4816,2101.4384606839,4334.4,1891.29461461599,0.0771314173858884,0.0319684637716871,0.414467474540873,33,11,1.91485421551268,41.9936509794637,0.095738854348258,461.57792600983,301.943751224285,624.978379031174,418.458622219046,88.0687661708143,777.052482472775,879.681404161286,522.958432278241,1270.36464161932,702.917683443228,459.817487321118,951.753386883888,637.253102395525,134.116233927473,1183.34066712267,1339.62995181873,796.391484601225,1934.58508454804
2013,30,Entre Ríos,Centro,Mujer,60 a 69,52422,7640,1884.00856009021,6876,1695.60770408197,0.146709908679696,0.0344755278529365,0.234991134294856,59,19.6666666666667,2.5603819159562,38.7722836625193,0.141268066304241,763.040187338055,570.13763064688,954.163016777686,972.650290134775,510.965979394257,1441.71120633275,1734.87848228098,1235.22155004002,2247.6392729027,1455.57244541997,1087.59229073076,1820.15759943857,1855.42384902288,974.716682679518,2750.20259878057,3309.44733562432,2356.30374659498,4287.58779310728
2013,30,Entre Ríos,Centro,Mujer,70 a 79,35680,3712,1171.71937963044,3340.8,1054.54744166561,0.101741990498234,0.031340324701465,0.308037267090908,85,28.3333333333333,3.0731814857643,37.9917924303777,0.184921326838426,1075.4223418497,846.547855200584,1302.40585945619,622.615647971328,233.352037276686,996.107401330362,1692.71405748349,1249.51398017376,2140.38219568513,3014.07607020656,2372.61170179536,3650.24063748932,1744.99901337256,654.013557389814,2791.78083332501,4744.15374855239,3502.00106550941,5998.82902378119
2013,30,Entre Ríos,Centro,Mujer,80+,22085,1877,792.180179556948,1689.3,712.962161601515,0.143258141112619,0.0579055294308625,0.404204110015232,120,40,3.65148371670111,27.6229305313704,0.199850784311032,1103.26273142709,901.057156085466,1305.93367103919,336.269836357799,78.5235751536054,615.142469822076,1442.9504490035,1120.24060352832,1781.63049813479,4995.5296872406,4079.95089918708,5913.21562616794,1522.61642000362,355.551619441274,2785.34059235715,6533.62213721306,5072.40481561388,8067.15190461758
2013,30,Entre Ríos,Centro,Varón,30 a 39,90355,4053,1815.43930499381,3647.7,1633.89537449415,0.0528774788356721,0.0230897871609438,0.436665810650696,2,0.666666666666667,0.471404520791032,45.3386501397284,0.016576188398,32.2109463588481,3.1172673196347,72.1230330842322,60.8398462827081,12.9583511669797,113.936599341184,94.035139530186,36.4415132162732,161.248770353991,35.6493236222103,3.45002193529379,79.8218505718911,67.3342330614887,14.3415983254714,126.098831654235,104.072978285857,40.3314849386013,178.461369436104
2013,30,Entre Ríos,Centro,Varón,40 a 49,72242,3329,1381.57031942846,2996.1,1243.4132874849,0.0526416586137222,0.021584440157332,0.41002583744019,7,2.33333333333333,0.881917103688197,41.0383393552881,0.0872595074687928,95.5843768959783,25.678198807509,166.95215156548,261.944103206159,63.0708820798696,473.93885934158,357.131689593644,145.257006596673,578.264673248062,132.311365820407,35.5446953399809,231.101231368844,362.592540635861,87.30500550908,656.043381054761,494.354654624241,201.070023804259,800.454961446336
2013,30,Entre Ríos,Centro,Varón,50 a 59,61378,6178,1983.85285486271,5560.2,1785.46756937461,0.106035814405858,0.0328848829024921,0.310129960209701,44,14.6666666666667,2.21108319357027,37.2275117125716,0.149790434322404,545.126024706707,384.867496706442,705.839842368117,836.831212463096,315.396479457035,1356.58674528571,1379.86738945003,831.879387800009,1933.68252666205,888.145629878306,627.044701206363,1149.98833844067,1363.40580087832,513.859166895361,2210.21660087607,2248.14654998538,1355.33804913814,3150.44890133606
2013,30,Entre Ríos,Centro,Varón,60 a 69,46318,5713,2392.64921872036,5141.7,2153.38429684816,0.158016534005347,0.0585648841174312,0.370625039247155,84,28,3.05505046330389,35.0931757395918,0.20417545409127,982.219415299506,769.38600386612,1193.06256735244,1062.93661437123,240.280669246046,1916.87848907085,2046.77212505603,1204.7643538498,2918.28313329329,2120.59979986076,1661.09504699279,2575.80760687516,2294.86725327351,518.763049453875,4138.51739943618,4418.95618346222,2601.0716219392,6300.53787575735
2013,30,Entre Ríos,Centro,Varón,70 a 79,25621,4478,2123.77140429509,4030.2,1911.39426386642,0.187494766224703,0.0778337529755906,0.415124936779892,107,35.6666666666667,3.44802681092953,37.5978720540069,0.2901401799049,1342.4979880435,1092.32220998147,1591.69092342479,1181.72263801777,214.078794730247,2263.15558103874,2523.75414819393,1532.29559214662,3652.7047281242,5239.8344640861,4263.38632364651,6212.44652209045,4612.32051058807,835.559871707766,8833.20549954622,9850.33428903607,5980.62367646312,14256.6829090364
2013,30,Entre Ríos,Centro,Varón,80+,9807,1380,1138.69457002658,1242,1024.82511302361,0.19098877441181,0.13229264160614,0.692672341678523,60,20,2.58198889747161,23.5385723736154,0.481838209781249,470.739853350789,353.417887254404,588.847438213307,673.343559776024,56.2341077474422,1625.88811454028,1141.60824941061,516.994849805546,2100.07998264086,4800.03929184041,3603.73087849907,6004.35850120635,6865.94840191725,573.407848959337,16578.8530084662,11640.7489488183,5271.69215667937,21414.0917981122
2013,34,Formosa,NEA,Mujer,30 a 39,37394,1312,456.053238399385,1180.8,410.447914559412,0.0413575706630241,0.0142014298353924,0.343381625364404,3,1,0.577350269189626,50.7150874845366,0.0643872796179425,52.8225081160943,7.01455565969896,108.031511209302,75.9624691433336,25.4453904043899,128.962830499007,128.896184662528,61.048490868738,205.478201542895,141.259314638964,18.758505802265,288.900655745045,203.140795698063,68.046719806359,344.875730060992,344.697504044842,163.257450042087,549.495110292815
2013,34,Formosa,NEA,Mujer,40 a 49,30478,684,447.623881973609,615.6,402.861493776036,0.0297822931785196,0.0191302213786293,0.642335405939357,21,7,1.52752523165195,46.1550939869203,0.0607444624951787,323.066949740412,184.545723098211,462.989803389092,39.4302306788077,3.5582391720189,84.9402417571154,363.463177162752,217.553890206299,508.656246976251,1060.00049130656,605.504702074321,1519.09509609913,129.37276290704,11.6747790931783,278.693620831798,1192.54274283993,713.80631998917,1668.92921771852
2013,34,Formosa,NEA,Mujer,50 a 59,25412,2321,1071.0419486937,2088.9,963.93775382362,0.118593164528216,0.0504489180479099,0.42539482143515,58,19.3333333333333,2.53859103528797,41.9936509794637,0.095738854348258,812.199915210844,601.606427119785,1019.02604107207,201.171084690038,37.1651067906109,382.32333316273,1013.19494933294,743.283145110222,1282.63582764825,3196.12747997341,2367.4107788438,4010.01905033871,791.638142177072,146.250223479502,1504.49918606458,3987.07283697835,2924.92973835283,5047.36277210867
2013,34,Formosa,NEA,Mujer,60 a 69,17097,2414,927.524841479034,2172.6,834.772357330512,0.181685900652283,0.0616336945156167,0.339232126952842,110,36.6666666666667,3.49602949390051,38.7722836625193,0.141268066304241,1422.95405991959,1158.0101345092,1697.00640293362,307.727271413446,84.2774345407859,536.268374825887,1730.17851541632,1386.5806181873,2082.30721178637,8322.82891688362,6773.1773674282,9925.75541284216,1799.89045688393,492.936974561537,3136.62265207865,10119.7784138523,8110.08140719014,12179.3718885557
2013,34,Formosa,NEA,Mujer,70 a 79,10055,1089,566.342540373157,980.1,509.70828633549,0.142601484068093,0.071849757147303,0.503849995789627,137,45.6666666666667,3.90156663690654,37.9917924303777,0.184921326838426,1736.06845183227,1441.7757096751,2029.87839528409,183.338573561829,26.1056276266351,365.54637291369,1924.65204830107,1586.74497810694,2262.13372965906,17265.7230415939,14338.8931842377,20187.7513205777,1823.35727062983,259.628320503581,3635.46865155335,19141.2436429744,15780.6561721227,22497.6004938743
2013,34,Formosa,NEA,Mujer,80+,5024,754,466.265744537134,678.6,419.639170083344,0.132746478873239,0.0798381057495585,0.601432945169088,98,32.6666666666667,3.29983164553722,27.6229305313704,0.199850784311032,901.201296610173,723.920069650044,1080.01312251838,142.316219075812,17.1000166873554,302.52738869762,1045.40779580828,823.057863249264,1281.23663009751,17937.9238974955,14409.2370551362,21497.076483248,2832.72729052174,340.366574190992,6021.64388331249,20808.2761904513,16382.521163401,25502.3214589472
2013,34,Formosa,NEA,Varón,30 a 39,34757,0,0,0,0,0,0,,5,1.66666666666667,0.74535599249993,45.3386501397284,0.016576188398,76.2227588984943,15.1312002422319,142.025039343975,1.11433010431403e-08,5.63660808106002e-10,3.71898436490379e-08,76.2227589125025,15.1312002485642,142.025039344998,219.301892851783,43.5342527900333,408.622836677431,3.20605951121797e-08,1.6217188137814e-09,1.06999578930972e-07,219.301892892086,43.5342528082521,408.622836680374
2013,34,Formosa,NEA,Varón,40 a 49,29269,1259,561.463661673367,1133.1,505.317295506073,0.0545257687310524,0.0236328298249932,0.433424972723664,16,5.33333333333333,1.33333333333333,41.0383393552881,0.0872595074687928,219.369766957269,111.205167889111,325.335109024698,99.6782366541668,20.7528104965542,184.070792032629,320.399081229851,184.050963010919,453.726321433268,749.495257635276,379.941808360762,1111.53476041101,340.559078390676,70.9037223566032,628.893341189069,1094.67040633384,628.825593668794,1550.1941352054
2013,34,Formosa,NEA,Varón,50 a 59,25121,1461,739.50154810402,1314.9,665.551393293833,0.0780356083086053,0.0376073414702194,0.48192539643562,61,20.3333333333333,2.60341655863555,37.2275117125716,0.149790434322404,756.032067769902,567.038569826661,946.764435000523,200.034470144161,31.6304604884679,391.954859936727,956.426374081858,699.727194943176,1228.58849113265,3009.56199104296,2257.22928954525,3768.8166673322,796.283866662001,125.912425812937,1560.2677438666,3807.27826950304,2785.42731158464,4890.68305852731
2013,34,Formosa,NEA,Varón,60 a 69,16607,1765,707.339262928221,1588.5,636.605336634915,0.166161087866109,0.0610716883330789,0.367545067966153,120,40,3.65148371670111,35.0931757395918,0.20417545409127,1403.18015062649,1157.37277301684,1652.27601179091,324.279568359815,81.9205094593121,578.727309772532,1726.74782744449,1379.59625626344,2083.71403800814,8449.32950338107,6969.18632514503,9949.27447336006,1952.66796146092,493.289031488602,3484.83958434716,10397.7107692207,8307.3177350722,12547.2032155606
2013,34,Formosa,NEA,Varón,70 a 79,8959,1587,880.290978016627,1428.3,792.261880214187,0.213020134228188,0.100195329562073,0.470356146967511,121,40.3333333333333,3.66666666666667,37.5978720540069,0.2901401799049,1514.62904324652,1239.53471514447,1788.20879417121,424.56240643564,51.5554462425313,859.480608704746,1941.74478625096,1467.18339097922,2457.31473628992,16906.2288564184,13835.6369588623,19959.915104043,4738.94861519857,575.459830812939,9593.48820967458,21673.677712367,16376.6423817303,27428.448892621
2013,34,Formosa,NEA,Varón,80+,3646,638,637.999999999782,574.2,574.199999999866,0.21562147953436,0.176760855960542,0.819773875693003,67,22.3333333333333,2.72845092395748,23.5385723736154,0.481838209781249,525.280639242719,400.911682542242,650.615117439527,335.533552132737,23.0790166241568,839.954922293831,863.686403708992,519.938855616829,1377.68742705035,14407.0389260208,10995.9320499792,17844.6274668,9202.78530259838,632.995519038859,23037.7104304397,23688.6013085297,14260.5281299185,37786.2706267238
2013,38,Jujuy,NOA1,Mujer,30 a 39,53290,3342,1088.28609126014,3007.8,979.457482133198,0.0673006354604851,0.0211801385069757,0.314709339102919,1,0.333333333333333,0.333333333333333,50.7150874845366,0.0643872796179425,20.4634729929126,1.55433993746139,51.4393455921936,194.117675478212,69.7845817329671,317.693521448253,215.7238012669,88.6171916737892,341.710985125449,38.4002120339887,2.9167572480041,96.5272013364489,364.266608140762,130.952489647152,596.159732498128,404.811036342466,166.292346920227,641.229095750515
2013,38,Jujuy,NOA1,Mujer,40 a 49,39613,3663,1438.06195911802,3296.7,1294.2557632071,0.0957869657436732,0.0355408569063523,0.371040638258236,5,1.66666666666667,0.74535599249993,46.1550939869203,0.0607444624951787,77.420271127848,15.0582022455309,143.057493409674,201.487440159632,53.7127342741787,359.398491898717,279.448797479147,118.167350069358,447.110843017155,195.441575058309,38.013284137861,361.137741170005,508.639689393967,135.593704779185,907.274106729401,705.447195312515,298.30447092964,1128.69725347021
2013,38,Jujuy,NOA1,Mujer,50 a 59,31923,2219,872.935290451465,1997.1,785.641761405918,0.071698858332735,0.0275723400372187,0.384557588201236,20,6.66666666666667,1.49071198499986,41.9936509794637,0.095738854348258,279.494858154154,156.2921322201,401.503124076972,191.364557206259,49.5964534546109,337.382515555905,470.444096961167,285.408515431851,664.753435172062,875.528171394148,489.590991511136,1257.72366029813,599.45668391523,155.362758683742,1056.86343876172,1473.68385477921,894.052925576704,2082.36517611773
2013,38,Jujuy,NOA1,Mujer,60 a 69,23210,4865,1614.52837799403,4378.5,1453.07554019502,0.218302836914793,0.0615703225073828,0.282040872109302,42,14,2.16024689946929,38.7722836625193,0.141268066304241,540.809364761188,380.032978769466,707.568637306491,617.726572676678,224.555452536613,1026.02212649516,1163.47812790852,726.301266583811,1589.03444467157,2330.07050737263,1637.36742253109,3048.55078546528,2661.46735319551,967.49440989493,4420.60373328375,5012.83122752484,3129.2600886851,6846.33539281159
2013,38,Jujuy,NOA1,Mujer,70 a 79,13364,186,131.519191212708,167.4,118.367272091339,0.0191620879120879,0.0140346517518508,0.732417668483681,40,13.3333333333333,2.10818510677892,37.9917924303777,0.184921326838426,504.607428741754,347.150562291635,662.249990186313,33.1000812438165,2.87761577570272,74.2543819831108,538.395343110116,375.654676162538,702.290837107714,3775.87121177607,2597.65461158063,4955.4773285417,247.680943159357,21.5325933530584,555.629916066378,4028.69906547528,2810.94489795374,5255.09456081797
2013,38,Jujuy,NOA1,Mujer,80+,6693,2178,1166.184641841,1960.2,1049.56617765485,0.291913626209978,0.120212961939996,0.411810039499577,32,10.6666666666667,1.88561808316413,27.6229305313704,0.199850784311032,294.175441584322,192.060138774378,399.162397149852,403.331497881222,52.1969781967324,810.125062611182,696.382991205194,337.367568918458,1124.29485652186,4395.27030605591,2869.56729081694,5963.87863663308,6026.16910027226,779.874169979567,12104.0648828803,10404.6465143462,5040.60315132912,16798.0704694734
2013,38,Jujuy,NOA1,Varón,30 a 39,51539,1298,686.251204783584,1168.2,617.626084305422,0.0317032132001737,0.0166030252122674,0.523701654700934,2,0.666666666666667,0.471404520791032,45.3386501397284,0.016576188398,32.4366225245769,3.1940636615728,72.978980655231,19.8114126219044,2.93980643590249,39.8227654212927,52.6970008067203,17.4960215737109,97.3606210384099,62.9360727305088,6.19737220662566,141.599527843441,38.4396527326963,5.70404244533749,77.2672450402466,102.246843762433,33.9471498742911,188.90669403444
2013,38,Jujuy,NOA1,Varón,40 a 49,36985,1821,1041.45302462272,1638.9,937.307722159719,0.0496696569281125,0.0275549364447571,0.554763977625972,5,1.66666666666667,0.74535599249993,41.0383393552881,0.0872595074687928,68.9034041198632,12.9920380603647,129.317196151466,147.553228637781,18.3556196811373,306.416131985953,217.650084206614,75.095645116946,386.491578565671,186.30094394988,35.1278574026354,349.64768460583,398.954248040506,49.6299031530007,828.487581413958,588.482044630563,203.043517958486,1044.9954807778
2013,38,Jujuy,NOA1,Varón,50 a 59,28689,1316,617.960508102146,1184.4,556.164457291378,0.0479281320815798,0.0224079272418248,0.467531828774042,29,9.66666666666667,1.7950549357115,37.2275117125716,0.149790434322404,360.69102204552,228.534854477136,492.309509376344,177.494870945579,31.8586100532634,340.109036915324,538.395479838156,340.916676557448,748.886433781692,1257.24501392701,796.594006333911,1716.02185289255,618.686154782595,111.048171958811,1185.50328319329,1876.66171647027,1188.31843758042,2610.36088320155
2013,38,Jujuy,NOA1,Varón,60 a 69,20581,3475,1141.77215237273,3127.5,1027.59493713605,0.174584124148711,0.0536564381724175,0.30733858782436,38,12.6666666666667,2.05480466765633,35.0931757395918,0.20417545409127,445.743951846164,301.524422422698,586.20802276588,639.013374751928,234.841519348011,1052.02167420617,1085.65860468138,658.867727183098,1521.42275238657,2165.80317694069,1465.06205929108,2848.29708355221,3104.87038896034,1141.05980928046,5111.61592831337,5275.0527412729,3201.33971713279,7392.36554291125
2013,38,Jujuy,NOA1,Varón,70 a 79,11011,346,277.099723805281,311.4,249.389751424681,0.0460242388412652,0.0366568336223812,0.79646800349721,40,13.3333333333333,2.10818510677892,37.5978720540069,0.2901401799049,500.960699891632,346.000758910876,657.831621574421,99.6958997590933,8.43207309294514,235.418061140543,604.235938980801,418.167935945833,806.009031987426,4549.63854229073,3142.31912551881,5974.31315570267,905.420940505797,76.5786313045603,2138.02616602073,5487.56642431024,3797.7289614552,7320.03480144788
2013,38,Jujuy,NOA1,Varón,80+,4229,326,326.000000000249,293.4,293.400000000145,0.0812067533905342,0.0786331780221945,0.968308357853403,32,10.6666666666667,1.88561808316413,23.5385723736154,0.481838209781249,250.739778053288,162.899572977312,338.487523704153,170.637713930306,11.3379615171124,431.489360771957,423.495106548151,234.335730129075,695.683914118312,5929.05599558497,3851.96436456164,8003.96130773595,4034.94239608195,268.100295982795,10203.1061899257,10014.0720394455,5541.1617434163,16450.3171936229
2013,42,La Pampa,Patagonia,Mujer,30 a 39,23819,1953,681.099826999314,1757.7,612.989844299476,0.095766590389016,0.0311187650376404,0.324943854753856,3,1,0.577350269189626,50.7150874845366,0.0643872796179425,52.4658713039202,6.59099637982792,108.504544940354,113.402461888839,37.192728513731,191.566162246494,167.041329284181,76.7894127063189,261.802006320267,220.268992417483,27.671171668953,455.537784711174,476.100851794111,156.147313127045,804.257786836113,701.294467795378,322.387223251685,1099.1309724181
2013,42,La Pampa,Patagonia,Mujer,40 a 49,20131,1183,568.117315112325,1064.7,511.305583601303,0.082759424795958,0.0374582019613499,0.452615542624933,1,0.333333333333333,0.333333333333333,46.1550939869203,0.0607444624951787,18.5910425977508,1.36051180767674,47.2558354612472,65.0125808529984,11.2784015896389,126.998389038025,85.0809524261424,26.5622853884436,152.264153400747,92.350318403213,6.75829222431446,234.741619697219,322.947597501358,56.0250439105804,630.859813412276,422.636493100901,131.947172959334,756.366565996457
2013,42,La Pampa,Patagonia,Mujer,50 a 59,17373,1836,947.809902967589,1652.4,853.028912671485,0.126002745157847,0.0582446518234597,0.462249070450769,4,1.33333333333333,0.666666666666667,41.9936509794637,0.095738854348258,56.7077512317261,9.01400024558526,111.027844755655,161.336331294395,24.0871006864224,322.924433106043,219.098741511252,71.4505436968063,387.152845013391,326.413119390584,51.8851104909069,639.082741930901,928.661320983107,138.646754656204,1858.77184772948,1261.14511892737,411.273491606552,2228.47432805728
2013,42,La Pampa,Patagonia,Mujer,60 a 69,14073,1252,518.296502599731,1126.8,466.46685233962,0.148870392390012,0.0561131847487262,0.376926424709894,8,2.66666666666667,0.942809041582063,38.7722836625193,0.141268066304241,104.633113269264,33.2581225160269,176.028617280367,160.299209888206,37.150527390347,292.103492571471,264.42201849101,123.632432150927,415.935818891418,743.502545791688,236.325747999907,1250.82510680286,1139.05499813975,263.984419742393,2075.63058744739,1878.93141825488,878.508009315189,2955.55900583684
2013,42,La Pampa,Patagonia,Mujer,70 a 79,9612,974,503.247220954841,876.6,452.922498859388,0.116662230503061,0.0552952819858301,0.473977582525128,21,7,1.52752523165195,37.9917924303777,0.184921326838426,266.723392469026,155.244071159804,381.642623059916,165.228804750907,24.9788304229656,325.050032872296,432.848164410828,254.670919221645,627.867769756199,2774.90004649424,1615.10685767586,3970.48088909609,1718.98465200694,259.87131110035,3381.7107040397,4503.20603839813,2649.5101874911,6532.1241131523
2013,42,La Pampa,Patagonia,Mujer,80+,6036,453,223.487575072467,407.7,201.138817565305,0.0871340029920923,0.0418365322995205,0.480140138899819,26,8.66666666666667,1.6996731711976,27.6229305313704,0.199850784311032,239.879965153113,146.844808020627,331.097603213119,82.4479823227276,13.715032416031,161.82854098281,322.485881389878,206.357708041282,443.847075402877,3974.15449226496,2432.81656760482,5485.38110028361,1365.93741422677,227.220550298724,2681.0560136317,5342.70843919612,3418.78243938506,7353.33126910001
2013,42,La Pampa,Patagonia,Varón,30 a 39,23764,803,408.484509898822,722.7,367.636058908765,0.0521052631578947,0.0256816348462888,0.492879860686352,0,0,0,45.3386501397284,0.016576188398,3.06380794834602e-05,1.33351205873264e-06,0.000100059776907324,12.160532994287,1.91680607538815,23.969110176747,12.1605478123969,1.91687970472337,23.9691889835614,0.00012892644118608,5.61147979604714e-06,0.000421056122316629,51.1720795921856,8.06600772339735,100.863113014421,51.1721419474707,8.06631755901098,100.863444637104
2013,42,La Pampa,Patagonia,Varón,40 a 49,19749,903,454.759596035594,812.7,409.283636431991,0.0541547277936963,0.0264279111164867,0.488007459240945,2,0.666666666666667,0.471404520791032,41.0383393552881,0.0872595074687928,29.507015544211,2.65827743890695,66.0073202743252,71.5493854846484,11.7688080148747,141.485793005911,102.059367745938,33.7351319875327,179.516409561448,149.410175422609,13.4603141369535,334.231202968885,362.293713528019,59.5919186534745,716.420036487472,516.78245858493,170.819443959354,908.989870684328
2013,42,La Pampa,Patagonia,Varón,50 a 59,17304,1138,573.107978946821,1024.2,515.797181052305,0.0918235610543303,0.0438688999832597,0.477752109366607,6,2,0.816496580927726,37.2275117125716,0.149790434322404,75.825576885476,18.0721690953978,134.028363467582,156.017606045349,24.1379838350979,307.153954264482,231.956814428232,86.98810631451,391.173221683383,438.196815103306,104.439257370537,774.551337653617,901.627404330495,139.493665251375,1775.04596777902,1340.4808970656,502.705191369105,2260.59420760161
2013,42,La Pampa,Patagonia,Varón,60 a 69,13471,904,429.241541496219,813.6,386.317387346439,0.100630797773655,0.0451938884394256,0.449105934160222,14,4.66666666666667,1.24721912892465,35.0931757395918,0.20417545409127,162.623913584695,76.6867338218421,248.562813404002,168.292811619112,29.9695949484417,323.463864053165,330.498772516939,169.973333116139,507.536688194606,1207.2148584715,569.272762392118,1845.16972313861,1249.29709464117,222.474908681179,2401.18672743794,2453.40934241659,1261.77220040189,3767.62443912557
2013,42,La Pampa,Patagonia,Varón,70 a 79,7774,767,445.355103002138,690.3,400.819592701638,0.122480482611781,0.0645383672489978,0.526927767369769,25,8.33333333333333,1.66666666666667,37.5978720540069,0.2901401799049,315.067197294951,191.566660559758,436.537733007831,207.234499949183,24.4157769204688,435.653423021367,522.324370578096,301.143293062592,780.23311164468,4052.83248385581,2464.19681707946,5615.35545417843,2665.73835797766,314.069679964868,5603.98022924321,6718.86249778874,3873.72386239506,10036.4434222367
2013,42,La Pampa,Patagonia,Varón,80+,3313,357,292.512050013506,321.3,263.260845011917,0.148543689320388,0.112047539595416,0.754306965903779,24,8,1.63299316185545,23.5385723736154,0.481838209781249,187.91356468057,114.097105140037,264.179160503865,170.236075681516,13.0421478576005,407.266284848642,360.291958439394,182.27356668628,604.81617126999,5672.00617810352,3443.92107274486,7974.01631463522,5138.42667315171,393.665797090265,12292.9756972123,10875.0968439298,5501.76778407124,18255.8457974642
2013,46,La Rioja,Cuyo,Mujer,30 a 39,27063,1378,616.611985362199,1240.2,554.950786826712,0.0585912032881372,0.0252034975140367,0.430158387259808,0,0,0,50.7150874845366,0.0643872796179425,3.44945690207424e-05,1.54030007732373e-06,0.000112319387670814,81.220680363858,16.4737055043163,151.407981322649,81.2207266989308,16.4737685940727,151.407989067645,0.000127460255776309,5.69153485320818e-06,0.000415029330343326,300.117061537368,60.8716901463855,559.464883134351,300.117232749255,60.871923268199,559.464911752744
2013,46,La Rioja,Cuyo,Mujer,40 a 49,19653,1116,767.608856364309,1004.4,690.847970727402,0.0670583522499666,0.0437218891698144,0.651997666253963,1,0.333333333333333,0.333333333333333,46.1550939869203,0.0607444624951787,18.5044521227091,1.23565272128836,47.1753459859741,63.5936735484934,5.90554552729867,144.327617858545,83.6335292346913,21.2861646626946,168.328635233031,94.1558648690229,6.28734911356209,240.041449071257,323.582524543293,30.0490791599179,734.379574917542,425.550955246992,108.310001845492,856.503512100091
2013,46,La Rioja,Cuyo,Mujer,50 a 59,15865,2293,731.212168090431,2063.7,658.090951281301,0.16524141244295,0.0476033068737581,0.288083393684336,12,4,1.15470053837925,41.9936509794637,0.095738854348258,168.159919809376,74.0419974364056,261.003423300737,198.429436097455,76.8641390608979,320.17891109352,365.372773377025,214.223589307436,523.941654755329,1059.94276589585,466.700267484435,1645.15236874086,1250.73706963413,484.488742898821,2018.14630377258,2303.01149307926,1350.29050934407,3302.50018755329
2013,46,La Rioja,Cuyo,Mujer,60 a 69,11200,492,220.440796929783,442.8,198.396717237048,0.048595258999122,0.0219641455706501,0.451981243088898,24,8,1.63299316185545,38.7722836625193,0.141268066304241,309.997574417691,188.695455811023,433.629529824915,63.3437606529231,12.057583005975,118.471188652257,373.467655273082,241.539126529995,509.361317918665,2767.83548587224,1684.78085545557,3871.6922305796,565.569291543956,107.656991124777,1057.77847010944,3334.53263636681,2156.59934401781,4547.86890998808
2013,46,La Rioja,Cuyo,Mujer,70 a 79,6565,1257,556.297953666024,1131.3,500.668158299336,0.253087248322148,0.0960610505369201,0.379557054627449,32,10.6666666666667,1.88561808316413,37.9917924303777,0.184921326838426,405.347385372855,265.117530099769,543.056879225534,209.710972111696,41.9931968669263,388.84559908745,616.438934561704,389.584176474504,844.136811377363,6174.36992190182,4038.34775475657,8272.0012067865,3194.37885927945,639.652656008017,5923.00988708987,9389.77813498407,5934.26011385383,12858.1387871647
2013,46,La Rioja,Cuyo,Mujer,80+,3825,555,268.218968000839,499.5,241.397071201051,0.179740913997841,0.0830690411535431,0.462159890622015,21,7,1.52752523165195,27.6229305313704,0.199850784311032,193.797295428568,110.166638023179,275.452125413343,100.491776227686,16.9499812140925,193.954866442426,294.908942902954,175.839945589956,418.988221566473,5066.59595891681,2880.17354308964,7201.36275590439,2627.2359798088,443.136763767124,5070.71546254709,7710.03772295304,4597.12276052173,10953.9404331104
2013,46,La Rioja,Cuyo,Varón,30 a 39,26646,1042,506.492184081009,937.8,455.842965672626,0.041486396814864,0.0197731850662241,0.476618520390271,0,0,0,45.3386501397284,0.016576188398,3.12798621512379e-05,1.4643367792971e-06,0.000102474934770377,15.7956603505946,2.5861925927827,30.4362529514808,15.7957519144807,2.58621273068851,30.4362855793693,0.000117390460674165,5.49552195187683e-06,0.000384579054155884,59.2796680574743,9.70574417467049,114.224472534267,59.2800116883609,9.70581975038847,114.224594983747
2013,46,La Rioja,Cuyo,Varón,40 a 49,19463,1855,620.977413069263,1669.5,558.879671761734,0.10998023715415,0.0350804673817347,0.318970646813257,10,3.33333333333333,1.05409255338946,41.0383393552881,0.0872595074687928,136.553757120744,53.8724148043743,223.168594489746,145.518185099643,51.0905859675617,241.913735359423,281.598881900679,158.331062883692,411.438755306113,701.606931720413,276.79399272658,1146.62998761623,747.665750910154,262.501083941641,1242.94166037827,1446.84212043713,813.497728426719,2113.95342601918
2013,46,La Rioja,Cuyo,Varón,50 a 59,15908,1581,574.980815650084,1422.9,517.482734085352,0.121252662974009,0.0420829816639884,0.347068514882918,13,4.33333333333333,1.20185042515466,37.2275117125716,0.149790434322404,161.413358163513,74.2419158076511,247.467295614792,213.158110829239,63.618209498302,367.892200319279,373.636292948436,203.621141018901,555.571261038466,1014.66782853604,466.695472766225,1555.61538606231,1339.94286415162,399.913310902074,2312.62383907015,2348.73204015864,1279.99208586184,3492.4016912149
2013,46,La Rioja,Cuyo,Varón,60 a 69,10813,2204,797.882587637955,1983.6,718.09432887408,0.251247625079164,0.0778162563990229,0.309719370977155,29,9.66666666666667,1.7950549357115,35.0931757395918,0.20417545409127,340.179631086303,215.80794530315,463.345596719516,408.622057591009,123.628908173111,696.887430632731,747.527132452443,440.848387946489,1061.02987538669,3146.02451758349,1995.81934063766,4285.07904114969,3778.98878748737,1143.33587508657,6444.90364036559,6913.2260469106,4077.02199155174,9812.539308117
2013,46,La Rioja,Cuyo,Varón,70 a 79,5270,1166,536.522588566401,1049.4,482.870329710473,0.266277594519158,0.105209569207969,0.395112361586247,28,9.33333333333333,1.76383420737639,37.5978720540069,0.2901401799049,351.874278307159,219.809378462063,481.009114564376,307.070263884533,60.0964165759412,580.904550398723,660.601482765289,379.836664292745,961.694605155454,6676.9312771757,4170.95594804673,9127.30767674338,5826.76022551295,1140.34946064405,11022.8567438088,12535.1325002901,7207.52683667448,18248.4744811282
2013,46,La Rioja,Cuyo,Varón,80+,2150,121,87.0902606980546,108.9,78.3812346283334,0.0796052631578947,0.0620494343731904,0.779463968985532,7,2.33333333333333,0.881917103688197,23.5385723736154,0.481838209781249,55.0239699737103,15.65360714145,94.894372247845,55.7929407783613,5.39543018145668,126.922560515658,111.255099978778,44.4942093229769,192.461334399164,2559.25441738187,728.074750765118,4413.6917324579,2595.02050131913,250.950240997985,5903.37490770502,5174.65581296642,2069.49810804544,8951.68997205413
2013,50,Mendoza,Cuyo,Mujer,30 a 39,131942,7145,2776.4490381851,6430.5,2498.80413436654,0.0656039583758417,0.024329428626471,0.370853058699431,6,2,0.816496580927726,50.7150874845366,0.0643872796179425,102.093524133891,25.520362962561,185.244181918845,413.71069512977,102.872805124526,733.706917793569,516.921801077071,200.457327115081,847.573770632237,77.3775781281858,19.3421071096095,140.398191568147,313.554967432486,77.968202031594,556.082913548051,391.779570627299,151.928367854876,642.383600849037
2013,50,Mendoza,Cuyo,Mujer,40 a 49,103781,7065,2374.81902834715,6358.5,2137.33712551062,0.0785562501544316,0.0254348746277363,0.323779133776556,14,4.66666666666667,1.24721912892465,46.1550939869203,0.0607444624951787,215.596951065321,103.031564823141,328.591431092448,387.386688033941,134.324376454813,641.731970477902,603.835307825039,326.792423395547,880.229074888252,207.742217809928,99.2778686109608,316.620027839824,373.273227309373,129.43060526957,618.352078393831,581.836085434751,314.886562468609,848.160139995039
2013,50,Mendoza,Cuyo,Mujer,50 a 59,90875,7604,2676.02749822051,6843.6,2408.4247483967,0.0982231535436461,0.0324035882434661,0.329897657267411,63,21,2.64575131106459,41.9936509794637,0.095738854348258,883.622240373367,661.383859135846,1099.45582595959,656.132640038044,205.377451914371,1116.74739266457,1538.2735921212,1035.75541656204,2042.40302434693,972.349095321449,727.79516823752,1209.85510421963,722.016660289457,225.999947085965,1228.88296304217,1692.73572723103,1139.75836760609,2247.48613408191
2013,50,Mendoza,Cuyo,Mujer,60 a 69,77034,10451,2668.75693959266,9405.9,2401.88124563525,0.124438064746583,0.0299728057379965,0.240865251312256,214,71.3333333333333,4.8762462794426,38.7722836625193,0.141268066304241,2762.2965763214,2396.17001616406,3133.10263325723,1334.15808542599,658.248712704177,1992.75324261893,4095.69753862392,3332.40632151652,4835.90218215725,3585.81480427007,3110.53562863678,4067.168566162,1731.9080995742,854.491150276731,2586.84897917663,5316.74006104307,4325.89028418169,6277.62050803184
2013,50,Mendoza,Cuyo,Mujer,70 a 79,48940,5240,1706.62223395615,4716,1535.96001055777,0.118471625593489,0.037023152841941,0.31250649812959,256,85.3333333333333,5.33333333333333,37.9917924303777,0.184921326838426,3237.31554650852,2850.47650154519,3641.63986277033,876.537451075551,324.141279897775,1425.65253796744,4117.45068195863,3437.37806980003,4795.01489775718,6614.86625767986,5824.43093899712,7441.029552044,1791.04505736729,662.323824883071,2913.06199012553,8413.26252954358,7023.65768246838,9797.74192430973
2013,50,Mendoza,Cuyo,Mujer,80+,29364,4869,2491.42940634071,4382.1,2242.28646570745,0.236729512181946,0.096569972500758,0.407933812775047,309,103,5.85946527708232,27.6229305313704,0.199850784311032,2845.07306748504,2532.57252362337,3163.33727159848,894.777629795596,133.725797795608,1766.90131873422,3740.29822486213,2922.82487042454,4659.04023592277,9688.98333839069,8624.75317948294,10772.8418185482,3047.19258205829,455.407293950444,6017.23647573293,12737.6999893139,9953.76948108071,15866.504004641
2013,50,Mendoza,Cuyo,Varón,30 a 39,129472,0,0,0,0,0,0,,6,2,0.816496580927726,45.3386501397284,0.016576188398,90.8534266474559,22.1818534066673,163.712863393809,1.10033808425087e-08,5.20054262636649e-10,3.67890607211082e-08,90.8534266665684,22.1818534248712,163.712863398396,70.1722585944883,17.1325486643192,126.446539324186,8.49865673080563e-09,4.01673151443284e-10,2.84146848130161e-08,70.1722586092502,17.1325486783793,126.446539327728
2013,50,Mendoza,Cuyo,Varón,40 a 49,97622,9156,3706.02616970012,8240.4,3335.42355273354,0.102995987851063,0.0385915297181467,0.374689641056231,15,5,1.29099444873581,41.0383393552881,0.0872595074687928,204.506686359239,99.639951618481,308.27883558024,719.350201318973,177.914575436044,1275.78012377128,920.834020773839,381.273860619623,1497.16312895597,209.488318574951,102.067107433244,315.788280900043,736.873042264011,182.248443420586,1306.85718769466,943.264859123803,390.561410972551,1533.63291978854
2013,50,Mendoza,Cuyo,Varón,50 a 59,82472,10341,3290.81190232921,9306.9,2961.73071210192,0.138156312625251,0.0399681789301991,0.289296798464888,101,33.6666666666667,3.34995854037363,37.2275117125716,0.149790434322404,1254.78345579187,1008.68759083426,1500.43060665872,1400.517575412,522.687388526324,2287.06821129191,2660.13277589757,1753.53413830489,3564.3140078855,1521.46601973018,1223.06672668816,1819.32123224697,1698.17341086914,633.775570528572,2773.14508110864,3225.49807922394,2126.21755056854,4321.84742444162
2013,50,Mendoza,Cuyo,Varón,60 a 69,66004,7502,2611.89547278737,6751.8,2350.70592550854,0.13309546807546,0.0427283258055503,0.321035166887313,271,90.3333333333333,5.48735921105144,35.0931757395918,0.20417545409127,3175.91907484459,2792.73970885139,3544.10403263049,1385.32246741696,446.866680601904,2333.02142869791,4553.8020915326,3549.09070074498,5562.50439500591,4811.70697964455,4231.1673669041,5369.52916888445,2098.84623267827,677.02969608191,3534.66673034651,6899.2820003827,5377.08426874884,8427.52620296635
2013,50,Mendoza,Cuyo,Varón,70 a 79,36907,8025,2562.00405461807,7222.5,2305.80364915567,0.23483986343684,0.0664865435639624,0.28311438522806,301,100.333333333333,5.78311719096582,37.5978720540069,0.2901401799049,3774.20556776235,3337.71268457348,4196.13971107765,2094.329451228,791.758994023384,3397.22154952546,5860.14729299241,4508.35078449679,7242.36368659557,10226.2594298164,9043.57624454298,11369.4955186757,5674.61308485653,2145.28136674177,9204.81629372602,15878.1458611982,12215.4355122248,19623.279287386
2013,50,Mendoza,Cuyo,Varón,80+,16331,5623,2321.1704001483,5060.7,2089.05336012935,0.5623,0.125752825686842,0.223640095477221,227,75.6666666666667,5.02217305777312,23.5385723736154,0.481838209781249,1780.71769084303,1548.33812840707,2012.90435109068,2424.49342087181,557.679563512062,4341.16851272835,4209.32979855182,2339.52648284707,6146.30535483311,10903.9109108017,9480.97561941752,12325.6649996368,14845.958121804,3414.85251063659,26582.3802138776,25775.0890854928,14325.6780530713,37635.817493314
2013,54,Misiones,NEA,Mujer,30 a 39,77669,4324,1674.001392225,3891.6,1506.60125300386,0.068780487804878,0.0256087621396058,0.372325974370155,4,1.33333333333333,0.666666666666667,50.7150874845366,0.0643872796179425,68.9498106604037,11.0662964675382,134.346416507296,251.697137242078,67.7746813503614,438.934108832264,320.611266878137,127.86373195334,518.671534257499,88.773913222011,14.2480223352151,172.973022064525,324.063831441217,87.2609166467463,565.134234807019,412.791804810333,164.626468672624,667.797363500881
2013,54,Misiones,NEA,Mujer,40 a 49,60388,4820,1638.71833252657,4338,1474.84649927333,0.0861449252338305,0.0283842891531469,0.32949461707815,16,5.33333333333333,1.33333333333333,46.1550939869203,0.0607444624951787,247.945315253157,122.776073990157,365.711325370979,262.531052655267,87.3194409291773,440.846611218494,509.60369723528,300.205106888911,725.116305028504,410.58706241829,203.312038799359,605.602645179472,434.740432958977,144.597338757994,730.023533182907,843.882389274824,497.127089635211,1200.76224585763
2013,54,Misiones,NEA,Mujer,50 a 59,49119,3869,1561.31681983806,3482.1,1405.18513785258,0.0928015564202335,0.0363457578575031,0.391650304795736,42,14,2.16024689946929,41.9936509794637,0.095738854348258,586.503715126223,409.298031790478,764.665007501923,334.38748264387,77.9308711736517,595.095576801275,920.876456230406,616.673018469697,1238.8490713333,1194.04653011304,833.278429508903,1556.76012846744,680.770135067632,158.657283685848,1211.53846129049,1874.78665329181,1255.46737203465,2522.13821806898
2013,54,Misiones,NEA,Mujer,60 a 69,31919,6521,1973.07895717371,5868.9,1775.77106145492,0.226484775981168,0.0598463215277338,0.264239930778879,88,29.3333333333333,3.12694383988229,38.7722836625193,0.141268066304241,1137.09473496011,896.616484463728,1373.65859726715,832.184468243742,350.093394900543,1324.56474036929,1968.52115026266,1431.20115615506,2516.17102586767,3562.43846912531,2809.03688857335,4303.57654458833,2607.17587720086,1096.81818008253,4149.76891622323,6167.23941935105,4483.85336681933,7882.98826989463
2013,54,Misiones,NEA,Mujer,70 a 79,18574,2646,1239.35309864996,2381.4,1115.41778878401,0.156382978723404,0.0667992402928439,0.427151604593696,143,47.6666666666667,3.98608691436713,37.9917924303777,0.184921326838426,1814.59994518897,1521.04534470682,2111.03420517362,447.527299690655,83.8282537093619,848.308303108328,2262.20370978364,1782.09510242073,2769.08774487196,9769.57007208446,8189.11028699701,11365.5335693638,2409.42876973541,451.320414070001,4567.18156082873,12179.410518917,9594.56822666485,14908.4082312478
2013,54,Misiones,NEA,Mujer,80+,9390,0,0,0,0,0,0,,132,44,3.82970843102535,27.6229305313704,0.199850784311032,1215.75587480384,1014.02575253799,1422.4753230619,1.36306035704649e-07,5.75847028878541e-09,4.48910631029099e-07,1215.7558749514,1014.02575256693,1422.47532342582,12947.346909519,10798.9962996591,15148.8319814899,1.45160847395792e-06,6.13255621808883e-08,4.78073089487859e-06,12947.3469110905,10798.9962999674,15148.8319853655
2013,54,Misiones,NEA,Varón,30 a 39,74918,1408,998.620047419506,1267.2,898.758042676807,0.0302290076335878,0.0211270759530098,0.698900744910172,3,1,0.577350269189626,45.3386501397284,0.016576188398,46.456471850434,5.92488444061584,96.198194772386,22.6100721631832,2.08069481076408,50.5509871688696,69.8570111432276,23.0065036711613,127.011248920431,62.0097598046317,7.90849253933079,128.40464877918,30.1797594212115,2.77729625826115,67.475088989121,93.2446289853274,30.7089133067637,169.533688726916
2013,54,Misiones,NEA,Varón,40 a 49,58660,3645,2047.43980982649,3280.5,1842.69582884266,0.0663867246787413,0.0360194064330088,0.542569415908285,15,5,1.29099444873581,41.0383393552881,0.0872595074687928,205.113674827896,100.510935441053,305.927213817351,293.526853939627,39.9921777601748,605.866415040906,498.533210510275,224.103516701335,821.929796287675,349.665316788095,171.344929152834,521.526106064355,500.386726797863,68.1762321175841,1032.84421248024,849.869093948644,382.03804415502,1401.1759227543
2013,54,Misiones,NEA,Varón,50 a 59,49552,4870,2791.58834251009,4383,2512.42950825712,0.123464788732394,0.0636648061537989,0.51565152143734,52,17.3333333333333,2.40370085030933,37.2275117125716,0.149790434322404,646.758350845131,475.017521723362,821.63946937458,673.14204067562,88.8774970598501,1406.82840029786,1321.99622394823,706.057692647034,2063.79300516874,1305.2113957966,958.62431733,1658.13583583827,1358.45584572897,179.362078341641,2839.09509262564,2667.8968032536,1424.88233097964,4164.90354611062
2013,54,Misiones,NEA,Varón,60 a 69,31404,6049,2000.27744217503,5444.1,1800.24969795508,0.23103462909523,0.0654540944530906,0.283308587588881,109,36.3333333333333,3.48010216963685,35.0931757395918,0.20417545409127,1276.91736657853,1034.41952531444,1519.13694456292,1108.3035525828,410.670922774479,1824.87563675114,2380.68985401373,1654.54809005468,3148.17028328825,4066.09784288157,3293.91009207248,4837.39951777775,3529.17957133741,1307.70259449267,5810.96559913114,7580.84910843755,5268.5902752983,10024.7429731507
2013,54,Misiones,NEA,Varón,70 a 79,15985,3575,1662.48016818007,3217.5,1496.23215136368,0.323464361113904,0.112998225523325,0.349337482293865,128,42.6666666666667,3.77123616632825,37.5978720540069,0.2901401799049,1603.22437080077,1325.09768112574,1878.05214913,931.410520316739,180.846795840477,1804.84495330591,2543.02012431421,1727.34937064981,3435.64247224856,10029.555025341,8289.6320370706,11748.8404700031,5826.77835668902,1131.35311755069,11290.866145173,15908.7902678399,10806.0642517974,21492.9150594217
2013,54,Misiones,NEA,Varón,80+,6096,772,772.000000000097,694.8,694.799999999613,0.204593639575972,0.168323953555442,0.822723296307254,91,30.3333333333333,3.17979733805649,23.5385723736154,0.481838209781249,713.173245857045,569.577820469951,859.184880626044,397.748811565145,28.2125238173213,1021.64656502242,1113.68988721148,707.036386806019,1753.95699935757,11699.036185319,9343.46818356219,14094.2401677501,6524.75084588492,462.803868394378,16759.2940456433,18269.1910631804,11598.3659252956,28772.2604881491
2013,58,Neuquén,Patagonia,Mujer,30 a 39,47340,4307,1350.79455342963,3876.3,1215.71509808563,0.0856678748231966,0.0256243393397906,0.299112583248677,0,0,0,50.7150874845366,0.0643872796179425,3.37345640882233e-05,1.71806830135136e-06,0.000113154050479572,249.708964269628,97.1817968586535,406.177435444305,249.709011274678,97.1818174078855,406.177437308042,7.12601691766439e-05,3.62921060699484e-06,0.000239024187747301,527.479856927815,205.284741991241,858.000497347496,527.479956220274,205.284785398998,858.000501284414
2013,58,Neuquén,Patagonia,Mujer,40 a 49,37299,3292,1357.59155384546,2962.8,1221.83239846063,0.0909503929273084,0.0353546286681663,0.388724309266297,7,2.33333333333333,0.881917103688197,46.1550939869203,0.0607444624951787,108.705446562252,32.0498726776846,188.187687702588,179.718922800701,43.5027767827429,324.954242313592,288.169879099152,134.704136364668,456.304959771957,291.443327065744,85.9268952992966,504.538158402605,481.833086143599,116.632555250122,871.214355112983,772.594115389559,361.146777030665,1223.37049189511
2013,58,Neuquén,Patagonia,Mujer,50 a 59,29166,3606,1173.73420794648,3245.4,1056.36078715135,0.116222604211431,0.0355729810395424,0.306076268733648,20,6.66666666666667,1.49071198499986,41.9936509794637,0.095738854348258,280.200103624526,157.985991026322,403.16031167537,311.185695477601,117.023839103094,508.969765424119,590.975171802972,359.266878939839,822.730824326561,960.708028610456,541.678636173361,1382.29552107032,1066.94677184942,401.233762268032,1745.07908326174,2026.24690325369,1231.80031180086,2820.85587439677
2013,58,Neuquén,Patagonia,Mujer,60 a 69,19280,2851,979.821395288708,2565.9,881.839255759983,0.16803536345776,0.0522092368638813,0.310703864886187,48,16,2.3094010767585,38.7722836625193,0.141268066304241,622.831591622482,447.800907254207,794.601419355809,359.595590221582,117.435651266247,604.574510995552,981.590727505954,684.094822712286,1276.77133400042,3230.45431339462,2322.61881355916,4121.3766564098,1865.12235592107,609.106075032404,3135.75991180266,5091.23821320516,3548.20966137078,6622.25795643372
2013,58,Neuquén,Patagonia,Mujer,70 a 79,10220,2266,772.58640848526,2039.4,695.327767637248,0.251964418087472,0.0738205286210076,0.292979973844481,67,22.3333333333333,2.72845092395748,37.9917924303777,0.184921326838426,846.744495824024,646.797041086358,1048.98729810354,374.281914650524,124.767071397459,623.168957960038,1220.19837345295,903.735498624842,1542.2130091089,8285.17119201589,6328.7381710994,10264.0635822264,3662.24965411471,1220.81283167768,6097.54361996123,11939.3187226316,8842.81309809042,15090.1468601653
2013,58,Neuquén,Patagonia,Mujer,80+,5424,1457,666.101212037448,1311.3,599.491090833978,0.326112907237006,0.13571480916344,0.416158962591467,105,35,3.41565025531987,27.6229305313704,0.199850784311032,967.830673154884,781.807898475515,1153.45443526307,263.790768775216,49.9792348346375,494.064565872689,1232.71402788201,948.969454411492,1525.3578931698,17843.4858620001,14413.8624350206,21265.7528625197,4863.39912933658,921.44606996013,9108.85999027819,22727.0285376477,17495.7495282355,28122.3800363164
2013,58,Neuquén,Patagonia,Varón,30 a 39,46210,2492,1067.38377483675,2242.8,960.645397352068,0.053766121685765,0.0223931830659341,0.416492437316022,1,0.333333333333333,0.333333333333333,45.3386501397284,0.016576188398,17.945531962296,1.19724976047898,45.7042372404403,37.5804165781395,8.61663187169658,68.823306380548,56.4767537952581,21.1563460200622,96.7890987259056,38.8347369883055,2.59088889954334,98.905512314305,81.3252901496203,18.6466822585946,148.935958408457,122.217601807527,45.7830470029478,209.454877138943
2013,58,Neuquén,Patagonia,Varón,40 a 49,35632,2814,1190.04117442664,2532.6,1071.0370569848,0.0856157668773875,0.0346689853500178,0.404936924756723,11,3.66666666666667,1.10554159678513,41.0383393552881,0.0872595074687928,151.181801259748,62.331919957541,240.680323944855,224.977348694571,50.3748874738492,409.164241585988,374.719554897467,180.609554531531,580.764483540588,424.286599853355,174.932420177203,675.461169580308,631.391301904385,141.375413880358,1148.30557247976,1051.637727036,506.874591747673,1629.89583391499
2013,58,Neuquén,Patagonia,Varón,50 a 59,27872,2058,990.234241080173,1852.2,891.210816971787,0.0766100012408487,0.0353191376203447,0.461025154004468,36,12,2,37.2275117125716,0.149790434322404,444.837991003737,302.468755908796,595.221598949377,279.378865105383,49.0671930556814,541.815673917903,725.803259343477,458.855643707837,1029.38547564641,1596.00312501341,1085.20650082088,2135.55395719495,1002.363896044,176.044751204368,1943.94257289718,2604.05876630123,1646.29608104132,3693.26017381749
2013,58,Neuquén,Patagonia,Varón,60 a 69,18188,5749,1769.20721919683,5174.1,1592.28649727801,0.383579212691823,0.0828475342135418,0.21598546394667,80,26.6666666666667,2.98142396999972,35.0931757395918,0.20417545409127,935.060152126493,732.811733346162,1140.36556818736,1051.68098793467,418.110685056756,1705.97685293721,1985.8882597138,1328.40197633048,2669.69442059997,5141.08286852042,4029.09464122588,6269.87886621595,5782.27945862473,2298.82716657552,9379.68359873107,10918.6730795789,7303.72760243284,14678.3286815481
2013,58,Neuquén,Patagonia,Varón,70 a 79,8416,3652,1058.89944100022,3286.8,953.00949689906,0.401661982158133,0.0863469235666558,0.214974101115354,93,31,3.21455025366432,37.5978720540069,0.2901401799049,1167.65886690492,929.629616751404,1406.29121026984,948.716593511629,408.063306316215,1488.36395935673,2116.7991147453,1528.21401478766,2704.0431780888,13874.2736086611,11045.9792864948,16709.7339623318,11272.7732118777,4848.6609590805,17684.9329771474,25152.0807360421,18158.436487496,32129.790614173
2013,58,Neuquén,Patagonia,Varón,80+,3096,483,342.058881972845,434.7,307.852993775584,0.23599348534202,0.149411508731493,0.633117090138969,74,24.6666666666667,2.86744175568088,23.5385723736154,0.481838209781249,579.920355888796,448.840787831914,714.341544437181,221.721191133477,20.3334206713725,503.942601756361,804.137700716714,559.883783991089,1120.35145400516,18731.277644987,14497.4414674391,23073.0473009425,7161.53718131387,656.764233571463,16277.2158190039,25973.4399456303,18084.1015500998,36187.0624678669
2013,62,Río Negro,Patagonia,Mujer,30 a 39,51577,2408,735.719072565637,2167.2,662.147165309419,0.0499596578989834,0.015031407988224,0.300870915061447,0,0,0,50.7150874845366,0.0643872796179425,3.39730266826984e-05,1.4922195675728e-06,0.000113691871504171,138.68693648649,57.4198098052675,223.657598968505,138.68698183946,57.4198770226815,223.657712873963,6.58685590140923e-05,2.89318798606511e-06,0.000220431338589238,268.89298812744,111.328324263271,433.638247607471,268.893076059988,111.328454587668,433.638468452921
2013,62,Río Negro,Patagonia,Mujer,40 a 49,40844,7310,2010.0961404781,6579,1809.08652643134,0.182284162695334,0.0432331880809182,0.237174680683463,4,1.33333333333333,0.666666666666667,46.1550939869203,0.0607444624951787,62.3259120161729,10.0354547091317,122.697985006893,398.303305265637,183.531776049069,615.429632395337,460.845495831986,243.247523788322,682.445904390385,152.595025012665,24.5702054380857,300.406387736003,975.181924555963,449.348193245198,1506.78100184932,1128.30647299967,595.552648585649,1670.8596229321
2013,62,Río Negro,Patagonia,Mujer,50 a 59,33839,3832,1043.74519791393,3448.8,939.370678121752,0.118858560794045,0.0305813314320267,0.257291786369661,8,2.66666666666667,0.942809041582063,41.9936509794637,0.095738854348258,112.033107959973,35.7181508627563,189.510554335439,329.071895484234,155.775801503016,503.369504099941,440.562968494927,254.103091460038,631.467723479732,331.076887496595,105.553210386703,560.03591812831,972.463416425525,460.343986237821,1487.54249268578,1301.9384984631,750.917850586712,1866.09451662204
2013,62,Río Negro,Patagonia,Mujer,60 a 69,24811,2887,851.543329314423,2598.3,766.388996381902,0.125929336499782,0.034853445189602,0.276769862832259,22,7.33333333333333,1.56347191994114,38.7722836625193,0.141268066304241,284.721228719432,166.855932024556,400.686951123139,363.262664088357,154.749315925797,579.236243522159,648.976349237197,410.875492576035,894.290060633602,1147.5604720464,672.50788772946,1614.95687849397,1464.11939900994,623.712530433265,2334.59450857345,2615.67993727458,1656.02149278963,3604.40957895128
2013,62,Río Negro,Patagonia,Mujer,70 a 79,14447,2823,952.396065458718,2540.7,857.156458912446,0.196557326319047,0.055509888021008,0.282410679166981,34,11.3333333333333,1.9436506316151,37.9917924303777,0.184921326838426,430.60199930474,288.438430286117,573.432912645633,468.740248805364,162.79396699977,783.268085271212,900.949224479667,559.007479893815,1239.84331085272,2980.56343396373,1996.52820852853,3969.2179182227,3244.55076351744,1126.83579289659,5421.66598789515,6236.23745054106,3869.36720352886,8582.01225758097
2013,62,Río Negro,Patagonia,Mujer,80+,8250,579,270.429950550833,521.1,243.386955495838,0.0798009188361409,0.0370326175862255,0.464062546225393,46,15.3333333333333,2.26077666104176,27.6229305313704,0.199850784311032,424.095632101931,299.885681069186,545.224131186762,104.713435117064,19.2247340895217,201.249679340844,529.795414448755,377.512528930856,678.860934884318,5140.55311638704,3634.97795235377,6608.77734771833,1269.25375899471,233.02707987299,2439.39005261629,6421.76259937885,4575.90944158613,8228.61739253719
2013,62,Río Negro,Patagonia,Varón,30 a 39,50384,277,160.670261228895,249.3,144.60323510595,0.00607485744919343,0.00355732877958287,0.585582264165752,0,0,0,45.3386501397284,0.016576188398,3.08357976619687e-05,1.47171058151274e-06,0.000101112126856839,4.25070964955762,0.485443233223793,8.96858712546652,4.25071704005452,0.485455971346808,8.96861874004017,6.1201567287172e-05,2.9209879753746e-06,0.000200683008210621,8.43662601134808,0.963486887154241,17.800466666931,8.43664067968903,0.9635121692339,17.8005294141795
2013,62,Río Negro,Patagonia,Varón,40 a 49,39743,2527,1079.03429321255,2274.3,971.130863891411,0.0682624485998139,0.0281158846079914,0.411879227667612,6,2,0.816496580927726,41.0383393552881,0.0872595074687928,83.2015235282208,20.1401587469185,148.024258218623,199.553561994708,43.9244350014503,361.259811558266,283.355012469545,115.698963417723,455.672140207655,209.348875344641,50.6759901037126,372.453660314075,502.109961489339,110.521186124476,908.9897882854,712.968352840866,291.117840670616,1146.54691444444
2013,62,Río Negro,Patagonia,Varón,50 a 59,32649,3169,1025.87035820187,2852.1,923.283322383076,0.115910753474762,0.0355153826198421,0.306402827651147,24,8,1.63299316185545,37.2275117125716,0.149790434322404,297.877104616641,179.862408522335,416.819805377997,426.400495729047,156.910857703169,700.299531707826,725.702740340079,431.751378862016,1023.22762564454,912.362107925636,550.897143931926,1276.66943973168,1306.01395365569,480.59927625094,2144.93409203291,2222.74109571527,1322.40307164696,3134.02439782088
2013,62,Río Negro,Patagonia,Varón,60 a 69,23591,3245,1194.0215055685,2920.5,1074.61935501263,0.145334660363274,0.0482100836739162,0.331717730329514,40,13.3333333333333,2.10818510677892,35.0931757395918,0.20417545409127,467.735853951699,326.303263595972,615.459583661534,600.090879557004,180.152276004263,1032.01184351687,1068.78426169164,621.361072826523,1522.91302680914,1982.68769425501,1383.1684269254,2608.8745015537,2543.72802999875,763.648323531273,4374.59981991808,4530.47459493722,2633.89035151763,6455.48313682819
2013,62,Río Negro,Patagonia,Varón,70 a 79,12251,1254,424.675731347408,1128.6,382.208158212414,0.13276085166451,0.043685141870805,0.329051383168274,58,19.3333333333333,2.53859103528797,37.5978720540069,0.2901401799049,726.068770022181,544.026179795148,913.051484891275,327.434147627694,113.983948495205,545.134238920891,1055.22289862287,778.416744432652,1340.07890648822,5926.60819543043,4440.66753567177,7452.87311151151,2672.7136366639,930.405260755898,4449.71217795193,8613.36134701547,6353.9037175141,10938.5267038464
2013,62,Río Negro,Patagonia,Varón,80+,5005,668,376.719583894866,601.2,339.047625505443,0.130497069676579,0.072026296167077,0.551938034666873,48,16,2.3094010767585,23.5385723736154,0.481838209781249,375.885384058944,271.747980166753,484.239168475981,298.109386588005,38.6303667203967,612.796647302798,674.959113176648,397.162470308384,1007.14839214957,7510.19748369518,5429.53007326179,9675.10826125835,5956.23150025984,771.835498909026,12243.6892567992,13485.696566966,7935.31409207561,20122.8449979933
2013,66,Salta,NOA1,Mujer,30 a 39,91800,8073,2006.07883616998,7265.7,1805.47095255257,0.0933750578316969,0.0222768479880433,0.238573860143638,5,1.66666666666667,0.74535599249993,50.7150874845366,0.0643872796179425,84.6030318585954,16.5636033923775,159.754918471351,466.627863706601,239.414802410425,694.463415557156,551.481719760782,313.496147677751,794.49461729954,92.1601654233066,18.0431409503023,174.024965655066,508.309219723966,260.800438355582,756.496095378165,600.742614118499,341.499071544391,865.46254607793
2013,66,Salta,NOA1,Mujer,40 a 49,68616,10272,3291.18942389388,9244.8,2962.07048150526,0.151202119655883,0.0426974563155349,0.282386625350947,13,4.33333333333333,1.20185042515466,46.1550939869203,0.0607444624951787,200.746741678537,89.6623878565551,309.576250986089,561.049644523388,218.043006601502,916.575919997767,764.107490401329,404.479996576988,1132.91329771291,292.565497374573,130.672711694875,451.17210415368,817.665915418252,317.772832286205,1335.80494345017,1113.59958377249,589.483497401463,1651.09201602091
2013,66,Salta,NOA1,Mujer,50 a 59,54109,8413,2563.29555346126,7571.7,2306.96599811747,0.14966791856098,0.0414264001120537,0.276788776849161,34,11.3333333333333,1.9436506316151,41.9936509794637,0.095738854348258,475.976359002958,318.526136641801,635.563551196169,717.329529231603,280.37686788778,1158.17779374539,1197.47388360701,725.701221502847,1661.86055042844,879.662087643383,588.67496468573,1174.59859024593,1325.71204278697,518.170485294092,2140.45314780422,2213.07709180915,1341.18394629885,3071.32002149078
2013,66,Salta,NOA1,Mujer,60 a 69,39277,9138,2375.40497480741,8224.2,2137.86447732811,0.267036820572764,0.0579260422035475,0.216921554410746,85,28.3333333333333,3.0731814857643,38.7722836625193,0.141268066304241,1097.73462343337,864.512009469231,1334.4855606921,1163.34918394138,580.993671245073,1752.06496576383,2260.81270839824,1637.15680396699,2902.92828456557,2794.85353625116,2201.06426017575,3397.6259915271,2961.90947358856,1479.22109948589,4460.79121563212,5756.07278661363,4168.23281810471,7390.91143561261
2013,66,Salta,NOA1,Mujer,70 a 79,23019,3201,1673.1905605386,2880.9,1505.87150448447,0.13844490364746,0.0653461988936655,0.472001476197815,102,34,3.36650164612069,37.9917924303777,0.184921326838426,1290.64960980886,1040.49153367504,1543.45085294761,543.761381714055,79.498331462012,1083.53608662279,1834.32480789404,1309.43610568365,2430.5766278147,5606.8882653845,4520.14220285435,6705.11687279037,2362.22851433188,345.359622320744,4707.13795830744,7968.74237757521,5688.50126279879,10559.0018150862
2013,66,Salta,NOA1,Mujer,80+,12357,2635,1692.25274957069,2371.5,1523.02747461328,0.242162769325028,0.123666328751201,0.510674407531312,85,28.3333333333333,3.0731814857643,27.6229305313704,0.199850784311032,780.583629622816,612.453964994978,948.259735942299,500.430001077146,54.1210676712419,1093.18871117476,1283.00629248409,800.953236712749,1900.91141218693,6316.93477076003,4956.33215986872,7673.86692516225,4049.76937021239,437.979021374459,8846.71612183184,10382.8299140899,6481.77742747228,15383.2759746454
2013,66,Salta,NOA1,Varón,30 a 39,86879,4262,1626.11680342453,3835.8,1463.50512308278,0.0555060342083177,0.020695122426547,0.372844551438802,5,1.66666666666667,0.74535599249993,45.3386501397284,0.016576188398,76.0355992290944,16.8468014443255,142.696310083527,63.4998924134145,16.8777106898723,111.304729378848,140.208401029137,64.3788948554011,219.984063223842,87.5189622683207,19.3911088345003,164.247182959664,73.0900360425586,19.4266861840862,128.114652998824,161.383534604608,74.1017908302364,253.207407110858
2013,66,Salta,NOA1,Varón,40 a 49,65223,6668,1879.87879271116,6001.2,1691.89091344075,0.0999367194004996,0.0270739540835393,0.270910974924438,20,6.66666666666667,1.49071198499986,41.0383393552881,0.0872595074687928,273.036988659258,156.261784209493,390.345278390231,526.02792007859,239.033071153839,813.307867536133,796.516685322919,488.569386818584,1111.68985245871,418.620714562743,239.580798505885,598.477957760653,806.506784537035,366.485857985433,1246.96482458049,1221.22055919372,749.075305978848,1704.44452487422
2013,66,Salta,NOA1,Varón,50 a 59,50921,7460,2516.97193230049,6714,2265.27473907205,0.147862664346907,0.0455677223493001,0.308175985807964,64,21.3333333333333,2.66666666666667,37.2275117125716,0.149790434322404,794.396888840835,603.184685282801,987.157608078501,1002.16382269868,334.927726979308,1667.50485717541,1797.82341291401,1107.45163686667,2489.72490127295,1560.05751819649,1184.54996029693,1938.6060919434,1968.07569116609,657.739885271907,3274.68992591546,3530.6129355551,2174.84267172025,4889.38728868827
2013,66,Salta,NOA1,Varón,60 a 69,35492,5431,1984.06584363485,4887.9,1785.65925927137,0.177612645348837,0.0572612939084937,0.322394240545376,88,29.3333333333333,3.12694383988229,35.0931757395918,0.20417545409127,1029.67574559598,813.256117326117,1248.61976184057,997.475914838816,288.384421855086,1710.25338387352,2023.66419790958,1296.23832511627,2762.88861904385,2901.14883803669,2291.37866935117,3518.03156159295,2810.42464453628,812.533590260019,4818.70107030746,5701.74743015208,3652.19859437694,7784.5391047105
2013,66,Salta,NOA1,Varón,70 a 79,19212,1700,1208.46843434071,1530,1087.62159090648,0.086260359700062,0.0578611692978527,0.67077356852027,118,39.3333333333333,3.62092683040007,37.5978720540069,0.2901401799049,1480.22576642245,1208.27172447325,1746.5902765698,475.838060096309,48.6330990805027,1055.71379965382,1955.16648007346,1439.35996860048,2616.91349179361,7704.69376651285,6289.1511788114,9091.14239313865,2476.77524514006,253.139179057374,5495.07495135238,10176.7982514754,7491.98401311932,13621.2444919509
2013,66,Salta,NOA1,Varón,80+,7703,503,502.999999999749,452.7,452.699999999949,0.132020997375328,0.122363419919901,0.926848170765056,83,27.6666666666667,3.0368111930481,23.5385723736154,0.481838209781249,651.588606910351,512.941605175902,789.854322974291,262.191963989073,18.8992849532737,659.487947094925,918.894328435655,625.990321815293,1336.36360526256,8458.89402713685,6658.98487830587,10253.8533425197,3403.76429948168,245.349668353547,8561.44290659386,11929.0448972563,8126.57823984543,17348.61229732
2013,70,San Juan,Cuyo,Mujer,30 a 39,50791,1458,912.876512226991,1312.2,821.588861003473,0.0368844164605352,0.0227050598769877,0.615573243548022,2,0.666666666666667,0.471404520791032,50.7150874845366,0.0643872796179425,35.7938432584901,3.31001469453543,81.1347730167513,87.0899828015641,8.92895933871909,185.940695983352,125.246922857304,36.6444085334309,232.28087778707,70.4728067147527,6.51693153223097,159.742420934322,171.467352093017,17.5798061442364,366.089850531299,246.592748434376,72.1474444949517,457.326844888011
2013,70,San Juan,Cuyo,Mujer,40 a 49,40179,4142,1513.07051897382,3727.8,1361.76346707618,0.0983796051937084,0.035237217812061,0.358176044137189,6,2,0.816496580927726,46.1550939869203,0.0607444624951787,92.7799471342909,22.7729192085402,165.751115262121,227.294496947253,70.0109186382137,389.205492913624,319.887104843045,150.813851910893,500.486633576386,230.916516424727,56.678661013316,412.531708758608,565.704713773994,174.24753885914,968.678894232371,796.154968623025,375.35491652578,1245.6423344941
2013,70,San Juan,Cuyo,Mujer,50 a 59,34391,3295,1465.78969423057,2965.5,1319.21072480651,0.113442484985272,0.0471125725922095,0.415299194109913,27,9,1.73205080756888,41.9936509794637,0.095738854348258,377.32726050427,238.903451619297,519.85996124013,286.749409157452,58.5360527405943,531.801468105063,664.711477227095,400.199314752045,952.744080032374,1097.1686211633,694.668522634692,1511.61629856686,833.792007087471,170.207475038802,1546.33906575867,1932.8064820072,1163.6745507605,2770.32967937069
2013,70,San Juan,Cuyo,Mujer,60 a 69,28127,6477,1893.74162326826,5829.3,1704.36746094066,0.230316080600553,0.0582332898217003,0.252840746811321,81,27,3,38.7722836625193,0.141268066304241,1046.25904164704,820.681151557744,1277.97654190494,820.767187433887,347.039251706847,1283.97395765075,1867.49379875744,1334.93454674089,2392.25803822513,3719.76763126904,2917.76994189833,4543.59349345802,2918.07582548401,1233.82960040832,4564.91612205622,6639.5058085023,4746.09644377603,8505.20154380178
2013,70,San Juan,Cuyo,Mujer,70 a 79,16734,5397,1545.7585204635,4857.3,1391.18266841735,0.299205371442651,0.0708244727296127,0.236708560371509,114,38,3.55902608401044,37.9917924303777,0.184921326838426,1444.10852269522,1175.88275883156,1708.75460926953,891.851473267554,400.174738341662,1396.97599693556,2335.79059560372,1757.78670498994,2904.91333175111,8629.7867975094,7026.90784529437,10211.27410822,5329.57734712295,2391.38722565831,8348.1295382787,13958.3518322201,10504.2829269149,17359.348223683
2013,70,San Juan,Cuyo,Mujer,80+,8674,2249,1243.38345240725,2024.1,1119.0451071676,0.291195511437203,0.127888751863653,0.439185175734524,106,35.3333333333333,3.43187671366233,27.6229305313704,0.199850784311032,974.126339589575,786.213996433453,1164.13433356039,412.916013952775,56.9490166961969,848.674194109147,1387.72371912486,980.618108920199,1860.27544403072,11230.4166427205,9064.03039466744,13420.9630338989,4760.38752539514,656.548497765701,9784.11568029913,15998.6594319214,11305.2583458635,21446.5695645691
2013,70,San Juan,Cuyo,Varón,30 a 39,50686,2031,1193.67976189065,1827.9,1074.31178570265,0.0613739381526374,0.0345479008995428,0.562908327857696,1,0.333333333333333,0.333333333333333,45.3386501397284,0.016576188398,18.1383528721571,1.16894032088035,45.4219722503192,31.3058292618732,4.00811853808433,64.9119011820713,50.2456738093435,14.9775188826665,93.6375925410414,35.7857255892301,2.30623904210304,89.6144344598493,61.7642529729575,7.90774284434425,128.066726871466,99.131266640381,29.5496170198212,184.740544807326
2013,70,San Juan,Cuyo,Varón,40 a 49,38213,2033,996.161373815593,1829.7,896.545236434401,0.0561567736787183,0.0269678329955008,0.480224044739251,13,4.33333333333333,1.20185042515466,41.0383393552881,0.0872595074687928,176.669729754159,80.7045160169772,274.124033675718,161.142136666907,24.6183509463452,311.530505887991,338.816199728996,172.997464312747,516.463982186286,462.32886649611,211.196493384391,717.358055310282,421.694545486894,64.4240204808448,815.247444293802,886.651662337414,452.71887659369,1351.54000519793
2013,70,San Juan,Cuyo,Varón,50 a 59,30850,5180,1931.39743034479,4662,1738.25768730943,0.188859631355074,0.0620635020930043,0.328622382918449,52,17.3333333333333,2.40370085030933,37.2275117125716,0.149790434322404,644.599900939502,473.619691349965,819.034933810371,694.979768609663,197.978735588206,1205.57530302419,1339.45803025815,812.509442071101,1883.04634238508,2089.46483286711,1535.23400761739,2654.89443698662,2252.77072482873,641.746306606828,3907.8615981335,4341.84126501832,2633.74211368266,6103.87793317691
2013,70,San Juan,Cuyo,Varón,60 a 69,24067,5264,1848.68053486884,4737.6,1663.81248138178,0.240597227159616,0.0714199114270449,0.296844283162348,112,37.3333333333333,3.52766841475279,35.0931757395918,0.20417545409127,1308.62892812191,1068.10751909472,1551.71716646943,962.259099271997,314.103804768447,1650.88646531316,2275.6520171506,1581.41262186668,2995.72469191565,5437.44101101888,4438.05841648199,6447.48895362708,3998.25112923089,1305.12238653944,6859.54404501253,9455.48683737317,6570.87556349642,12447.437121019
2013,70,San Juan,Cuyo,Varón,70 a 79,12517,1936,995.615422536699,1742.4,896.053880283621,0.16416054267948,0.0808452926908162,0.492477006783932,126,42,3.74165738677394,37.5978720540069,0.2901401799049,1575.55938191698,1305.93895522146,1852.32956196399,515.349757377328,76.4511875089277,1018.00559465781,2095.03016696051,1578.39085241048,2663.7515507639,12587.3562508347,10433.3223234119,14798.5105214028,4117.19866882902,610.778840847869,8132.98389915965,16737.4783651076,12609.9772502235,21281.0701507062
2013,70,San Juan,Cuyo,Varón,80+,4971,24,23.9999999999853,21.6,21.6000000000036,0.00584257506086016,0.00624229331996021,1.06841474092097,80,26.6666666666667,2.98142396999972,23.5385723736154,0.481838209781249,628.542005529967,491.0221173229,766.152212586468,12.5909461453443,0.913944190126253,31.3177849016237,642.285677557146,505.625912870039,780.93435464838,12644.1763333327,9877.73319901227,15412.4363827493,253.28799326784,18.3855198174664,630.009754609208,12920.6533405179,10171.5130329921,15709.8039559119
2013,74,San Luis,Cuyo,Mujer,30 a 39,34082,2970,1053.87046484593,2673,948.483418361997,0.0856703310791321,0.0287943553401288,0.336106502419513,3,1,0.577350269189626,50.7150874845366,0.0643872796179425,52.5529641456754,6.74130681330932,107.310503350496,172.350837263189,56.2095607304229,291.335204178387,225.108313100678,100.42531128754,355.977830553506,154.195657959261,19.7796690725583,314.859759845362,505.694610830318,164.924478406264,854.806655062459,660.490326567331,294.657917045773,1044.47459231708
2013,74,San Luis,Cuyo,Mujer,40 a 49,26298,2224,887.237928348622,2001.6,798.514135514153,0.087170107133525,0.0333851224427492,0.38298820020504,4,1.33333333333333,0.666666666666667,46.1550939869203,0.0607444624951787,62.6789066916756,10.9880826517,121.777961207841,121.096228706738,32.5735443403457,215.463214081939,184.060226712997,81.4432105759083,295.062070675704,238.340963919977,41.7829593569852,463.069287428099,460.476951504823,123.863200016525,819.314069822569,699.901995258183,309.6935530303,1121.99433673931
2013,74,San Luis,Cuyo,Mujer,50 a 59,22202,2157,820.323972532497,1941.3,738.29157527948,0.114951444812885,0.0414811654113084,0.360858147358047,11,3.66666666666667,1.10554159678513,41.9936509794637,0.095738854348258,154.156113231868,64.9270300298515,246.31439166553,186.243442152329,50.6894891560577,320.32540567851,340.178777275418,180.761100698033,503.341006425076,694.334353805369,292.437753490008,1109.42433864305,838.858851240111,228.310463724249,1442.77725285339,1532.19879864615,814.165844059241,2267.09758771766
2013,74,San Luis,Cuyo,Mujer,60 a 69,17368,3317,949.763609110412,2985.3,854.787248200827,0.194862924281984,0.0516260919879846,0.264935426676021,38,12.6666666666667,2.05480466765633,38.7722836625193,0.141268066304241,492.121638471881,330.066079422618,647.042371883573,419.546167655936,186.839763348638,655.825325030811,911.655642225558,626.250189058578,1194.94987942271,2833.49630626371,1900.42652822788,3725.48578928819,2415.62740474399,1075.77017128419,3776.05553334184,5249.05367472108,3605.7703193147,6880.18124955501
2013,74,San Luis,Cuyo,Mujer,70 a 79,10528,2159,849.53343064144,1943.1,764.580087578026,0.18830313014827,0.0671585271896394,0.356651146142704,47,15.6666666666667,2.28521820013368,37.9917924303777,0.184921326838426,593.921676267399,430.860952596531,764.045527958277,363.43676672246,90.1331237468583,636.553137823382,956.214579721107,640.730715301534,1272.80546395728,5641.35330801101,4092.52424578772,7257.27135218728,3452.09694835163,856.127695163928,6046.28740333759,9082.58529370352,6085.9680404781,12089.7175527857
2013,74,San Luis,Cuyo,Mujer,80+,6056,965,775.411892656168,868.5,697.870703390879,0.170561665357423,0.118079609995599,0.692298646053645,56,18.6666666666667,2.49443825784929,27.6229305313704,0.199850784311032,516.201195318286,379.468874486031,649.186730875361,192.405564352845,17.2119209295745,449.415077192118,710.174065277791,481.208672903402,997.04112200119,8523.79780908662,6265.99858794635,10719.7280527636,3177.10641269559,284.21269698769,7420.98872510103,11726.7844332528,7945.98204926357,16463.6909181174
2013,74,San Luis,Cuyo,Varón,30 a 39,33568,649,525.542683929606,584.1,472.988415536403,0.0238602941176471,0.0190447120736459,0.798175914334621,0,0,0,45.3386501397284,0.016576188398,3.11844720263935e-05,1.54416723797183e-06,0.00010244254184095,10.8268900637766,0.814542362766334,25.3315445339505,10.8269045718957,0.814562620793036,25.331595428535,9.2899404273098e-05,4.60011689100283e-06,0.000305179164206834,32.2536048134432,2.42654421701124,75.4633714667258,32.2536480335309,2.42660456623283,75.4635230831
2013,74,San Luis,Cuyo,Varón,40 a 49,26494,2430,911.922156529324,2187,820.729940877592,0.100644270593649,0.0354257283254071,0.351989518294968,5,1.66666666666667,0.74535599249993,41.0383393552881,0.0872595074687928,68.7329460257779,14.4478537366863,129.442435288786,190.361668142579,53.7918973482264,332.318048583089,259.566580584716,114.220001319173,413.064129172562,259.42834613791,54.5325497723495,488.572640178101,718.508598711329,203.034261901662,1254.31436771755,979.718353531803,431.116484181977,1559.08556342025
2013,74,San Luis,Cuyo,Varón,50 a 59,21659,2666,1002.19968398831,2399.4,901.979715588447,0.121995118974985,0.0435250484255704,0.356776966089072,22,7.33333333333333,1.56347191994114,37.2275117125716,0.149790434322404,272.492347282945,159.11127431736,387.399605287211,358.821904827354,105.408801220277,631.016573350166,631.434199286038,353.064448043069,929.477753342891,1258.10216207094,734.619669963342,1788.63107847643,1656.68731163652,486.674367331256,2913.4150854156,2915.34327201643,1630.10502813181,4291.41582410495
2013,74,San Luis,Cuyo,Varón,60 a 69,16056,2696,1013.60278649666,2426.4,912.242507847572,0.255195624737064,0.0799942057349886,0.313462293161998,42,14,2.16024689946929,35.0931757395918,0.20417545409127,491.12692483466,345.186172963995,637.894919108608,495.813695114322,142.329034159215,856.882300032533,988.346390847207,606.248805181505,1374.00334579756,3058.8373494934,2149.88896963126,3972.93796156333,3088.02749822074,886.453874932831,5336.8354511244,6155.62027184359,3775.83959380609,8557.5694182708
2013,74,San Luis,Cuyo,Varón,70 a 79,8385,382,233.444400132595,343.8,210.099960119272,0.0418604651162791,0.0265036633449545,0.633143068796135,54,18,2.44948974278318,37.5978720540069,0.2901401799049,676.9336203217,499.994013753538,852.769046257142,103.984797319498,12.298118362907,223.718519647558,782.817366522762,580.826465941071,996.261896418598,8073.14991439118,5962.95782651805,10170.1734795127,1240.1287694633,146.668078269612,2668.08013890945,9335.92565918619,6926.97037496805,11881.4775959284
2013,74,San Luis,Cuyo,Varón,80+,3253,63,63.0000000000128,56.7,56.699999999975,0.0290620194771912,0.0304280086965275,1.04700255673589,40,13.3333333333333,2.10818510677892,23.5385723736154,0.481838209781249,313.276373839139,216.735191792124,410.347009341454,32.7044533926354,2.36572667651806,82.8563712712508,347.738500879476,245.295369938297,455.062371557903,9630.38345647523,6662.62501666536,12614.4177479697,1005.36284637674,72.724459776147,2547.07566158164,10689.7786928828,7540.5893002858,13989.0061960622
2013,78,Santa Cruz,Patagonia,Mujer,30 a 39,24972,2321,978.048628285372,2088.9,880.243765456054,0.10719453994971,0.0420229664044328,0.392025250765083,1,0.333333333333333,0.333333333333333,50.7150874845366,0.0643872796179425,20.2156817594888,1.35488565359155,50.9123530183071,135.318595857164,31.8445552227423,244.953917240022,156.774422766241,49.859278072656,270.075233928824,80.9533948401761,5.42561930799115,203.877755159006,541.881290473985,127.521044460765,980.91429296821,627.800827992314,199.660732310812,1081.51222941224
2013,78,Santa Cruz,Patagonia,Mujer,40 a 49,16957,1078,378.291724106575,970.2,340.462551695456,0.0534368803701256,0.0189334249501858,0.35431381508511,3,1,0.577350269189626,46.1550939869203,0.0607444624951787,47.7440290166286,5.85618316994669,98.1034613726396,58.9508683566085,19.7378395660839,98.3705976836397,106.801733076437,48.054696371607,172.176612302706,281.559409191653,34.5354907704587,578.542556894731,347.649161742103,116.399360535967,580.117931731083,629.838609874609,283.391498328755,1015.3718953984
2013,78,Santa Cruz,Patagonia,Mujer,50 a 59,12367,2413,751.222677388811,2171.7,676.100409650078,0.175618631732169,0.0495145218176349,0.281943443752301,3,1,0.577350269189626,41.9936509794637,0.095738854348258,43.3972978779193,5.76759829974089,90.4909301953556,209.039892990564,81.1848557712324,335.642758206782,252.359771904138,118.220235280021,386.313465892694,350.9120876358,46.6370041217829,731.712866462001,1690.30397825312,656.463619076837,2714.01923026426,2040.5900534013,955.933009460832,3123.74436720865
2013,78,Santa Cruz,Patagonia,Mujer,60 a 69,7572,1792,694.833232976924,1612.8,625.349909679873,0.253027925949169,0.0793104780988695,0.313445552704734,20,6.66666666666667,1.49071198499986,38.7722836625193,0.141268066304241,258.825208534811,145.989211728546,370.560287378769,228.720123893427,62.3065543245787,402.829560402209,487.011994649619,289.754672561785,692.614004388699,3418.18817399381,1928.01388970611,4893.82312967207,3020.60385490526,822.854652992323,5319.98891180941,6431.74847661937,3826.65970102727,9147.04179065899
2013,78,Santa Cruz,Patagonia,Mujer,70 a 79,4008,604,262.87638507168,543.6,236.588746564792,0.152354260089686,0.0638245334281192,0.418921882397957,25,8.33333333333333,1.66666666666667,37.9917924303777,0.184921326838426,316.387590861192,193.517366195049,438.618565061949,100.22233378849,20.9099247123002,185.569500772542,416.695521114003,273.030808654412,568.58463383308,7893.90196759461,4828.27759967686,10943.5769726035,2500.55723025176,521.704708390723,4629.97756418518,10396.5948381737,6812.14592451127,14186.2433591088
2013,78,Santa Cruz,Patagonia,Mujer,80+,1822,830,422.728382528786,747,380.455544275333,0.386046511627907,0.147512820923066,0.382111524077821,22,7.33333333333333,1.56347191994114,27.6229305313704,0.199850784311032,202.993093687574,118.889184285331,287.398602845865,152.333876745297,22.1246650944041,298.508684790137,354.843157340327,199.595370628197,525.184983159666,11141.2235832917,6525.20221104998,15773.7981803439,8360.80552937964,1214.30653646565,16383.5721619175,19475.4751558906,10954.7404296486,28824.6423248993
2013,78,Santa Cruz,Patagonia,Varón,30 a 39,27352,1192,563.912424605407,1072.8,507.521182144064,0.0467349161402745,0.0215428998582486,0.460959420438195,2,0.666666666666667,0.471404520791032,45.3386501397284,0.016576188398,32.2433573529824,3.06258005220775,72.5487272922897,17.9065233928526,3.10079637355422,34.4292388585339,50.6551169918776,16.080171421836,93.6502308623719,117.882997049512,11.1969144933012,265.241032803048,65.4669618048136,11.3366348843018,125.874666783174,185.197122666999,58.7897463506726,342.388969224817
2013,78,Santa Cruz,Patagonia,Varón,40 a 49,18403,2377,1205.03218063935,2139.3,1084.52896257612,0.128633275208947,0.0580118788750946,0.450986564563969,2,0.666666666666667,0.471404520791032,41.0383393552881,0.0872595074687928,29.2154162248888,2.81576085751355,65.686192449548,190.140249640469,32.0609303118901,370.522468499922,221.010025947392,60.4230361030546,402.729725383145,158.753552273482,15.3005534832014,356.931980924567,1033.20246503542,174.215781730642,2013.38079932577,1200.94563901208,328.332533299215,2188.39170452179
2013,78,Santa Cruz,Patagonia,Varón,50 a 59,13654,2358,669.549440752291,2122.2,602.594496677382,0.18466759484859,0.049107218458853,0.265922229068485,11,3.66666666666667,1.10554159678513,37.2275117125716,0.149790434322404,136.30777733744,55.7635906343454,216.624269410056,319.476624221206,141.701656473314,497.345298765665,456.354537930009,265.180449793932,654.682068488405,998.299233465946,408.404794451043,1586.52606862499,2339.80243314198,1037.80325526083,3642.48790658902,3342.27726622242,1942.14479122552,4794.80056019046
2013,78,Santa Cruz,Patagonia,Varón,60 a 69,7544,1033,488.517517199567,929.7,439.665765479236,0.111274685816876,0.0493307667916475,0.443324251418968,17,5.66666666666667,1.37436854187255,35.0931757395918,0.20417545409127,199.174783664665,104.008797669134,292.358473559914,191.750134928454,34.0454988430723,367.206465053422,392.324378345353,206.942904251409,591.086761454619,2640.17475695474,1378.69562127697,3875.3774331908,2541.7568256688,451.29240247975,4867.53002456816,5200.48221560648,2743.14560248421,7835.19036922878
2013,78,Santa Cruz,Patagonia,Varón,70 a 79,3341,204,164.558226173713,183.6,148.102403556369,0.161477572559367,0.118113450985436,0.731454214435951,27,9,1.73205080756888,37.5978720540069,0.2901401799049,338.294512222193,211.712705128301,462.240016321436,59.2024861471085,4.66128476096946,140.062992575621,400.074464557829,257.49725219305,547.320619109438,10125.546609464,6336.80649890154,13835.3791176724,1771.99898674374,139.517652228957,4192.24760777076,11974.6921448018,7707.19102643072,16381.9401110278
2013,78,Santa Cruz,Patagonia,Varón,80+,1164,259,193.193664054533,233.1,173.874297648868,0.101879370629371,0.0766912925098507,0.752765668221958,23,7.66666666666667,1.59861050777091,23.5385723736154,0.481838209781249,180.286936500034,107.265822043867,254.517774875305,122.290161284168,11.4529995370939,277.253324787924,303.537356250479,167.265975273404,473.492438226234,15488.568427838,9215.27680789233,21865.788219528,10506.0276017326,983.934668135216,23819.0141570381,26077.0924613814,14369.9291471996,40678.0445211541
2013,82,Santa Fe,Centro,Mujer,30 a 39,250125,12325,3213.28876842267,11092.5,2891.95989158284,0.0556293881644935,0.0143229448480946,0.257470831887318,7,2.33333333333333,0.881917103688197,50.7150874845366,0.0643872796179425,119.233813651294,34.8254103453778,206.483601341511,716.107910138411,344.933034595368,1080.2729744542,834.851634553903,447.928012303633,1211.88771272617,47.6696906152098,13.9232025368827,82.552164454377,286.30001404834,137.904261707294,431.893243160099,333.773766938092,179.081664089409,484.512828676132
2013,82,Santa Fe,Centro,Mujer,40 a 49,192383,16719,4298.89431847308,15047.1,3869.00488662754,0.0845927241858138,0.0213306794724891,0.252157377337024,14,4.66666666666667,1.24721912892465,46.1550939869203,0.0607444624951787,215.432163883791,102.991501278524,329.313301100981,914.884566252142,466.831324783901,1373.63576448218,1128.80625688881,668.445730942856,1607.03799562932,111.980873509505,53.5346165090077,171.175884096298,475.553747603552,242.657264302927,714.010990826723,586.749482484843,347.45571643173,835.332641464849
2013,82,Santa Fe,Centro,Mujer,50 a 59,175103,20746,4944.62963050937,18671.4,4450.16666746079,0.137923545706371,0.0312837489904496,0.226819495034229,62,20.6666666666667,2.62466929133727,41.9936509794637,0.095738854348258,869.139039655239,645.387563398048,1085.57165286973,1784.13773611854,951.474355679276,2608.17410570832,2650.52306265442,1788.71364299557,3522.022844723,496.358737231937,368.575960090945,619.96176699984,1018.90757789332,543.379813983356,1489.50852110376,1513.69369037334,1021.52084372944,2011.40062975677
2013,82,Santa Fe,Centro,Mujer,60 a 69,145007,30401,6108.4087729214,27360.9,5497.56789563273,0.184005622209071,0.0332032293770418,0.180446819930945,202,67.3333333333333,4.73755680118397,38.7722836625193,0.141268066304241,2612.28514886186,2248.14492706297,2974.12666589371,3854.91533483435,2350.45795095337,5368.30539771161,6475.78504422304,4916.73575920958,8024.62413534395,1801.48899629801,1550.36993183982,2051.02282365245,2658.4339616945,1620.92723175665,3702.10086251809,4465.84305876478,3390.68855931754,5533.95638510138
2013,82,Santa Fe,Centro,Mujer,70 a 79,102824,26121,5576.24239112362,23508.9,5018.61815200907,0.260428713858425,0.0458683326582484,0.176126249593136,296,98.6666666666667,5.73488351136175,37.9917924303777,0.184921326838426,3747.46366420012,3320.83030216991,4176.00987388162,4346.65510186989,2542.16315788432,6162.22987990121,8091.66673784948,6222.89511655627,9967.30580568732,3644.54180366463,3229.62567315987,4061.3182465977,4227.27680489953,2472.34415883871,5992.98790156112,7869.43392384023,6051.9870035753,9693.55968031521
2013,82,Santa Fe,Centro,Mujer,80+,70990,8233,2625.19423766041,7409.7,2362.67481389781,0.159898575744497,0.0468563153359153,0.293037727933157,430,143.333333333333,6.91214711777591,27.6229305313704,0.199850784311032,3959.03937647699,3588.28232043172,4333.3795120534,1477.2320174271,554.55497823419,2389.77452408791,5434.31012073412,4457.24005504277,6414.82306611375,5576.89727634454,5054.63068098566,6104.21117347992,2080.90155997619,781.173374044499,3366.35374572181,7655.03609062421,6278.68721656961,9036.23477407205
2013,82,Santa Fe,Centro,Varón,30 a 39,247140,653,652.999999999501,587.7,587.699999999418,0.00291084695393759,0.00291278040040634,1.00066422127282,7,2.33333333333333,0.881917103688197,45.3386501397284,0.016576188398,105.980042768991,30.0743981302001,185.492558912277,11.6778024014508,0.794749893079057,29.548338090802,118.419666580738,42.3869080495342,199.060850758521,42.8825939827593,12.1689722951364,75.0556603189597,4.72517698529206,0.321578818920068,11.956113170997,47.9160259693851,17.1509703202776,80.545784073206
2013,82,Santa Fe,Centro,Varón,40 a 49,185145,12766,7061.08784536984,11489.4,6354.97906083588,0.0754670134783637,0.0389761596596439,0.516466173274743,29,9.66666666666667,1.7950549357115,41.0383393552881,0.0872595074687928,397.075127182023,251.663457428522,543.099213258819,1023.77639225066,133.858941277518,2103.11982395893,1428.76397083786,518.20782465863,2502.89631952704,214.467108040737,135.927763336046,293.337229338529,552.959243971297,72.2995172851108,1135.93120200866,771.700003153129,279.892962088433,1351.85736559293
2013,82,Santa Fe,Centro,Varón,50 a 59,162581,7253,2849.05400280878,6527.7,2564.14860252696,0.0548744504316686,0.0212331316951623,0.386940215858791,117,39,3.60555127546399,37.2275117125716,0.149790434322404,1452.10939702909,1185.87208947016,1712.22085453181,983.087125010976,248.273216341665,1703.33780574665,2432.57244921696,1649.13476461171,3206.24771775971,893.160576592033,729.40385990378,1053.14941754068,604.675284941645,152.707398983685,1047.68564945883,1496.22185201036,1014.34655009608,1972.09250635666
2013,82,Santa Fe,Centro,Varón,60 a 69,123644,19393,6146.73714024175,17453.7,5532.06342622054,0.133075879105798,0.0385155730455743,0.289425651773856,289,96.3333333333333,5.66666666666667,35.0931757395918,0.20417545409127,3378.56587988098,2993.81042992851,3753.5345627009,3575.35667855999,1348.70796787201,5759.78795973984,6951.87660378281,4719.80959811144,9203.29258865018,2732.49480757738,2421.31476653013,3035.75956997582,2891.65400549965,1090.799365818,4658.36430375905,5622.49409901233,3817.2572855225,7443.37985559363
2013,82,Santa Fe,Centro,Varón,70 a 79,71894,13314,4044.85120174032,11982.6,3640.36608156849,0.225122588160144,0.0591795091354022,0.262876815778717,380,126.666666666667,6.49786289653931,37.5978720540069,0.2901401799049,4763.60649135262,4287.69027197065,5256.61987991756,3492.21081761479,1434.48820443438,5574.51894819382,8261.21600754527,6135.61306120126,10403.6737640246,6625.87488712914,5963.90557205142,7311.62528155001,4857.44403930063,1995.28222721559,7753.80274876043,11490.8281741804,8534.24911842609,14470.8512031944
2013,82,Santa Fe,Centro,Varón,80+,32409,2298,1362.23306994864,2068.2,1226.0097629552,0.103669172932331,0.0585580129781981,0.564854636357728,297,99,5.74456264653803,23.5385723736154,0.481838209781249,2331.21212142236,2067.40116786044,2594.85068547615,1021.84283734237,123.235889463347,2161.8004786882,3354.39108269777,2417.72889885729,4522.93934110633,7193.10105656565,6379.09583097422,8006.5743635291,3152.96009547462,380.252057957193,6670.37081887191,10350.183846147,7460.0539938205,13955.8127097607
2013,86,Santiago del Estero,NOA2,Mujer,30 a 39,64115,4321,1196.86218880465,3888.9,1077.1759699236,0.0975125999849553,0.0257975105081171,0.264555662674334,1,0.333333333333333,0.333333333333333,50.7150874845366,0.0643872796179425,20.6817843353931,1.48913398506642,51.7806044499285,250.902294370496,113.557691038269,385.36556373297,272.875757846072,132.018382784131,408.398858478647,32.2573256420386,2.32259843260768,80.7620750993192,391.331660875765,177.115637586008,601.053675010482,425.603615138536,205.90873084946,636.978645369488
2013,86,Santiago del Estero,NOA2,Mujer,40 a 49,45743,7060,1877.72294487522,6354,1689.95065038817,0.183482529598614,0.0429159434155977,0.233896619528194,6,2,0.816496580927726,46.1550939869203,0.0607444624951787,93.1256230885459,22.5314278899823,165.288233617645,387.595431971661,190.136259366285,587.233883052106,481.311964819935,268.95572545994,693.273824567791,203.584424039844,49.256559233068,361.341043695528,847.332776537746,415.661979682761,1283.76775255691,1052.20900426281,587.971329951993,1515.58451471873
2013,86,Santiago del Estero,NOA2,Mujer,50 a 59,37700,5373,1422.89602202207,4835.7,1280.60641982105,0.177724282406557,0.0437244719910921,0.2460241864478,14,4.66666666666667,1.24721912892465,41.9936509794637,0.095738854348258,197.159252017692,93.8364405940245,299.488789652209,460.725247785763,217.973946163503,705.053404748264,657.029733637939,394.734708130824,924.209923670455,522.968838243214,248.903025448341,794.399972552278,1222.08288537338,578.180228550407,1870.16818235614,1742.78443935793,1047.04166612951,2451.48520867495
2013,86,Santiago del Estero,NOA2,Mujer,60 a 69,28116,5064,1390.31554238599,4557.6,1251.28398814778,0.230928252938792,0.0567713659520173,0.24583984518804,39,13,2.08166599946613,38.7722836625193,0.141268066304241,502.63356608745,345.270075863422,662.401893322167,643.796894467615,301.158497593332,992.059013212531,1146.94615554402,768.11202052163,1531.50000216101,1787.71363667467,1228.01990277216,2355.9606392167,2289.788357048,1071.12853035045,3528.45003987954,4079.33616283974,2731.93918239305,5447.07640546667
2013,86,Santiago del Estero,NOA2,Mujer,70 a 79,17772,2569,1126.49481399499,2312.1,1013.84533259561,0.168299606929684,0.0668878634052904,0.397433271684564,52,17.3333333333333,2.40370085030933,37.9917924303777,0.184921326838426,659.464815509067,481.093832899749,840.702685130647,432.801432008015,91.5974885050184,800.306321499376,1089.73487265211,706.473888537774,1502.60092528987,3710.69556329658,2707.03259565468,4730.49001311415,2435.29952739148,515.403378938884,4503.18659407706,6131.75147789842,3975.20756548376,8454.87804011853
2013,86,Santiago del Estero,NOA2,Mujer,80+,10276,1852,1065.0590586858,1666.8,958.55315281746,0.361640269038837,0.148237456963329,0.409903071240691,37,12.3333333333333,2.02758751009941,27.6229305313704,0.199850784311032,340.692049488349,232.035382342393,450.568837210907,343.110133456494,43.4004781730583,717.325454426194,687.171093826042,360.469728839787,1074.80752937486,3315.41503978541,2258.0321364577,4384.67144035527,3338.94641355093,422.347977550198,6980.59025327164,6687.14571648542,3507.87980575893,10459.3959651116
2013,86,Santiago del Estero,NOA2,Varón,30 a 39,61286,5535,1996.64293270893,4981.5,1796.97863943593,0.118643865958511,0.0388509360336321,0.327458446500876,2,0.666666666666667,0.471404520791032,45.3386501397284,0.016576188398,32.0426559709101,2.88643621330398,72.2614349672543,82.5730465151279,26.6284520690739,142.452144469119,116.078605742188,52.6447198390637,186.337120430968,52.2838102844208,4.70978072203109,117.908551654953,134.733946603022,43.4494861290896,232.438312941159,189.40476738927,85.9000747953263,304.045165993813
2013,86,Santiago del Estero,NOA2,Varón,40 a 49,45999,3970,1223.00156233306,3573,1100.70140609996,0.103391399965276,0.0301781325871224,0.291882425397642,9,3,1,41.0383393552881,0.0872595074687928,124.0008755174,43.1275684408075,204.542405059311,310.861288743948,127.403785386303,498.860508440383,434.369324947354,233.547213102726,640.93303270955,269.572980972195,93.757621776142,444.667068978263,675.800101619488,276.970771943527,1084.50294232567,944.301669487063,507.722370274844,1393.36297030272
2013,86,Santiago del Estero,NOA2,Varón,50 a 59,37800,4558,1410.46562298355,4102.2,1269.41906068616,0.148986707343648,0.0428979477591119,0.287931376724535,30,10,1.82574185835055,37.2275117125716,0.149790434322404,373.529161694375,240.600023086866,506.490847847893,609.065677574798,247.829024306966,982.035242379005,982.57540922515,591.306560190337,1388.74831748175,988.172385434854,636.5079975843,1339.92287790448,1611.28486130899,655.632339436419,2597.97683169049,2599.40584451098,1564.30306928661,3673.93734783532
2013,86,Santiago del Estero,NOA2,Varón,60 a 69,27428,2494,1001.54290335466,2244.6,901.388613018939,0.209618976466194,0.0740137260020045,0.353086954481629,43,14.3333333333333,2.185812841434,35.0931757395918,0.20417545409127,503.651780559653,353.402037806038,654.280382525336,458.638077169264,110.160704104079,822.173691976718,959.567218813859,580.036376957256,1347.86873443085,1836.2687055551,1288.47177266311,2385.44692476789,1672.15282619682,401.635934461424,2997.57070138806,3498.4950372388,2114.76001515698,4914.20714026123
2013,86,Santiago del Estero,NOA2,Varón,70 a 79,14470,1939,1222.90435864894,1745.1,1100.61392278433,0.151708250021733,0.0875679624615019,0.577212923153204,44,14.6666666666667,2.21108319357027,37.5978720540069,0.2901401799049,549.870267748348,387.693169278682,715.734166544717,531.480199319675,59.7539384063057,1135.61584734341,1080.55547868561,578.32803566727,1699.32593630787,3800.07095886903,2679.28935230602,4946.33148959721,3672.97995383328,412.95050729997,7848.07081785353,7467.55686721226,3996.73832527485,11743.7867056522
2013,86,Santiago del Estero,NOA2,Varón,80+,5840,795,636.100438065004,715.5,572.490394258216,0.217015468607825,0.147336432653655,0.678921339565478,23,7.66666666666667,1.59861050777091,23.5385723736154,0.481838209781249,180.307641950961,108.523246017018,254.529936998746,380.639972505111,32.3328341543246,907.153313679042,560.346788489544,204.786421069629,1094.17352844497,3087.45962244796,1858.27476056538,4358.38933217032,6517.80774837518,553.644420450764,15533.4471520384,9594.97925495795,3506.61679913749,18735.8480898111
2013,90,Tucumán,NOA2,Mujer,30 a 39,114025,7362,2172.60376392872,6625.8,1955.34338753276,0.0739701252595619,0.0208831606193099,0.282318848941119,8,2.66666666666667,0.942809041582063,50.7150874845366,0.0643872796179425,135.194647166556,42.7102482539458,227.160592475147,425.587734487539,180.624267829571,674.01960941262,560.332471218876,297.156521619778,825.6803118553,118.565794489416,37.4569158113973,199.219989015696,373.240723076114,158.407601692235,591.115640791599,491.411945817913,260.606464915394,724.12217658873
2013,90,Tucumán,NOA2,Mujer,40 a 49,81699,8945,2611.75790412107,8050.5,2350.58211370993,0.119358617008659,0.0324659112256269,0.272003078112674,13,4.33333333333333,1.20185042515466,46.1550939869203,0.0607444624951787,200.947792852729,92.8871465156516,308.975451807946,488.82799605015,212.746721219214,770.768925514108,690.814907225158,397.501186969988,984.446010562621,245.961141326979,113.694349399199,378.187556528166,598.328004076121,260.403090881423,943.425164951968,845.561031622368,486.543515795772,1204.96702598884
2013,90,Tucumán,NOA2,Mujer,50 a 59,73608,10507,3245.47722767998,9456.3,2920.92950490916,0.165769129634499,0.0458047368697258,0.276316446679304,59,19.6666666666667,2.5603819159562,41.9936509794637,0.095738854348258,826.825017852921,613.7821708336,1034.89150714778,910.70546835806,359.888913425249,1459.12266255419,1735.9253692225,1152.71953644501,2329.55464169623,1123.2814610544,833.852530748832,1405.94977060616,1237.23707797802,488.926357767158,1982.28815149738,2358.33791058377,1566.02480225657,3164.81176189575
2013,90,Tucumán,NOA2,Mujer,60 a 69,55046,7311,1983.59738950268,6579.9,1785.23765055216,0.13584449903999,0.0345870423408373,0.254607603438219,143,47.6666666666667,3.98608691436713,38.7722836625193,0.141268066304241,1846.65044539543,1547.58579177385,2149.15712980856,932.236471495551,428.585500012306,1437.52116892257,2776.07278468842,2200.53468422108,3360.01128910383,3354.74048140725,2811.44096169358,3904.2930091352,1693.55897157932,778.595174966947,2611.49069673105,5043.18712474735,3997.62868186803,6104.00626585734
2013,90,Tucumán,NOA2,Mujer,70 a 79,32002,4325,1292.38359196283,3892.5,1163.14523276593,0.167505809450039,0.0467236298702869,0.278937369537759,173,57.6666666666667,4.38431547932197,37.9917924303777,0.184921326838426,2192.53694348966,1868.25264238135,2513.750635965,719.596538725732,300.942434756492,1146.26955181064,2915.30307560657,2375.15165259266,3449.27849651425,6851.2497452961,5837.9246371519,7854.97980115304,2248.59864610253,940.386334468133,3581.86848262808,9109.75275172355,7421.88504653665,10778.3216565035
2013,90,Tucumán,NOA2,Mujer,80+,18943,2697,1242.49118945724,2427.3,1118.24207051164,0.151186546247275,0.0640401058419532,0.423583363940411,223,74.3333333333333,4.97772817435603,27.6229305313704,0.199850784311032,2051.66662004605,1779.57476232761,2318.75840265009,488.718138391392,93.6665154218621,925.912350978508,2545.03468281997,2058.35809954393,3056.22875819067,10830.7375814077,9394.36605779236,12240.7137340975,2579.94055002582,494.465055280907,4887.88655956558,13435.2250584383,10866.0618674124,16133.815964687
2013,90,Tucumán,NOA2,Varón,30 a 39,110977,4668,1811.86053095308,4201.2,1630.67447785739,0.0493945023161756,0.0186882085724483,0.378345923050799,6,2,0.816496580927726,45.3386501397284,0.016576188398,90.9256423138329,23.1702098717911,162.0538807002,69.6521622245915,18.6249929691233,123.27268085177,160.773900826251,78.4116847090545,250.249570206221,81.9319699702037,20.878389100256,146.024744496788,62.7627005817345,16.7827504520065,111.07948570584,144.871370487805,70.6557977860768,225.496787808483
2013,90,Tucumán,NOA2,Varón,40 a 49,77742,5530,2070.01457998778,4977,1863.01312198999,0.0790941597139452,0.0282431161925194,0.357082195381612,20,6.66666666666667,1.49071198499986,41.0383393552881,0.0872595074687928,272.978240782572,156.48484868121,394.127402233099,436.045924686346,118.183487486388,751.983416432886,708.846594209784,379.05104195454,1056.8949429295,351.133545294142,201.287397650189,506.968436923541,560.888483299048,152.020127455414,967.280770282326,911.793617619541,487.575624443081,1359.49029215803
2013,90,Tucumán,NOA2,Varón,50 a 59,68065,8663,2979.03613953417,7796.7,2681.13252557768,0.149122102364012,0.0460410479066637,0.30874730959919,85,28.3333333333333,3.0731814857643,37.2275117125716,0.149790434322404,1057.03308221848,826.859370794736,1280.81395786388,1167.95505821488,380.722574000716,1962.68371013449,2225.42909139464,1418.15860533448,3051.9237906745,1552.97595271943,1214.80844897486,1881.75120526538,1715.94073050008,559.351464042777,2883.54324562475,3269.56452125856,2083.53574573492,4483.83720072651
2013,90,Tucumán,NOA2,Varón,60 a 69,50045,5936,1944.71307187265,5342.4,1750.24176468319,0.145935314685315,0.0445000136787233,0.304929713378014,169,56.3333333333333,4.33333333333333,35.0931757395918,0.20417545409127,1975.95754975807,1684.12814640042,2274.23753128703,1094.08369754222,391.776709774395,1796.26246368724,3070.05026921149,2305.88430899544,3838.01818560985,3948.36157409945,3365.22758797167,4544.38511596969,2186.19981525071,782.84885557877,3589.29456226844,6134.57941694772,4607.62175840831,7669.13415048427
2013,90,Tucumán,NOA2,Varón,70 a 79,24042,4630,1793.83675129745,4167,1614.45307616987,0.213265776140028,0.0712682570963954,0.33417578003515,182,60.6666666666667,4.49691252107735,37.5978720540069,0.2901401799049,2281.9831176513,1951.56593523282,2613.60730758197,1222.0370445127,327.434903676334,2134.80168325029,3500.4755533238,2553.13914941795,4461.39353476862,9491.65259816694,8117.31942114976,10871.0061874302,5082.92589848056,1361.92872338547,8879.46794463977,14559.8350941012,10619.4956718158,18556.6655634665
2013,90,Tucumán,NOA2,Varón,80+,10336,464,463.999999999829,417.6,417.600000000378,0.0552746525479815,0.0544826354378203,0.985671242176083,129,43,3.78593889720018,23.5385723736154,0.481838209781249,1010.87659349982,841.897039978162,1183.17832726629,242.301120097035,16.9617104370364,604.935876278789,1256.09008947951,962.864617430659,1654.64099369597,9780.15280088838,8145.28869947912,11447.1587390314,2344.24458298215,164.103235652442,5852.70778133503,12152.5743951191,9315.64064851643,16008.5235458201
2013,94,Tierra del Fuego,Patagonia,Mujer,30 a 39,11976,958,278.589104370544,862.2,250.730193933305,0.0885761249229505,0.0246646940687748,0.278457587642605,0,0,0,50.7150874845366,0.0643872796179425,3.40772140253922e-05,1.48128842481219e-06,0.000115898816401863,55.1983367062723,23.4653018297898,86.9892822173823,55.1983688453553,23.465305390413,86.9893570510318,0.000284545875295526,1.23688078224131e-05,0.000967758987991505,460.907955129194,195.936054022961,726.36341196879,460.908223491611,195.936083754283,726.364036832263
2013,94,Tierra del Fuego,Patagonia,Mujer,40 a 49,9209,1360,388.573075337925,1224,349.715767803908,0.127579737335835,0.0338097524673174,0.265008795074709,0,0,0,46.1550939869203,0.0607444624951787,3.10598171386509e-05,1.57988808450127e-06,0.000105172413622043,73.9753864084412,32.9818474249688,116.660039816263,73.9754165358705,32.9818846511047,116.660050891564,0.000337276763368996,1.7155913611698e-05,0.00114206117517692,803.294455515704,358.147979421966,1266.80464563213,803.294782667722,358.148383658429,1266.80476589818
2013,94,Tierra del Fuego,Patagonia,Mujer,50 a 59,7039,1204,362.792624130647,1083.6,326.513361717757,0.1517222066648,0.0414594274959165,0.273258795843333,2,0.666666666666667,0.471404520791032,41.9936509794637,0.095738854348258,29.5848624607522,2.95832339753055,68.2317387141123,104.097765397616,42.052808800973,164.689977526505,134.831256897638,66.677624816797,206.093303457883,420.299225184717,42.027609000292,969.338524138546,1478.87150728251,597.425895737648,2339.6786123953,1915.48880377381,947.259906475308,2927.87758854785
2013,94,Tierra del Fuego,Patagonia,Mujer,60 a 69,3368,703,236.1126810242,632.7,212.501412921927,0.178678339452132,0.0544965872336568,0.304998285750559,2,0.666666666666667,0.471404520791032,38.7722836625193,0.141268066304241,27.4568166304129,2.53961501263585,61.4674247480767,89.7898957472143,30.8246124498548,147.694937882517,118.406019457764,52.8540110471758,184.645264790637,815.226146983757,75.4042462184042,1825.04230249634,2665.97077634247,915.220084615642,4385.24162359019,3515.61815492175,1569.29961541496,5482.34159117094
2013,94,Tierra del Fuego,Patagonia,Mujer,70 a 79,1378,291,137.311060655499,261.9,123.579954589851,0.217344398340249,0.0923782251234538,0.425031543618793,5,1.66666666666667,0.74535599249993,37.9917924303777,0.184921326838426,64.2598196309316,13.3374137474707,117.9130476032,48.9191655474429,9.1690320121139,92.3655362970454,114.012430572984,48.9383790458981,181.780817694913,4663.26702691811,967.881984576972,8556.82493492015,3550.01201360253,665.386938469804,6702.86910718762,8273.76128976664,3551.4063168286,13191.6413421562
2013,94,Tierra del Fuego,Patagonia,Mujer,80+,642,86,50.5351699561481,77.4,45.4816529604889,0.304724409448819,0.163771984721389,0.537442947276911,6,2,0.816496580927726,27.6229305313704,0.199850784311032,55.2757561581687,13.475996070378,99.8241455263695,15.9332078117707,1.98898249955831,33.4400820322371,71.2778820169291,27.0161348466261,118.561789679352,8609.93086575837,2099.0648084701,15548.9323249797,2481.80807036926,309.810358186653,5208.73551904004,11102.4738344126,4208.12069262088,18467.5684858803
2013,94,Tierra del Fuego,Patagonia,Varón,30 a 39,12647,1073,310.837864295497,965.7,279.754077865832,0.0811308073594892,0.0226744944774697,0.279480695625269,0,0,0,45.3386501397284,0.016576188398,3.03989168018817e-05,1.32378612552468e-06,0.000100325491975927,16.1112945111143,6.81622268089078,25.017689319644,16.1113402132783,6.81624137086515,25.0177189311492,0.000240364646176023,1.04671947934268e-05,0.000793275021553945,127.392223540083,53.8959648999034,197.81520771443,127.392584907712,53.8961126817834,197.815441853002
2013,94,Tierra del Fuego,Patagonia,Varón,40 a 49,9295,545,262.92536440809,490.5,236.632827967538,0.0545424218836873,0.0254813308863333,0.467183707769206,0,0,0,41.0383393552881,0.0872595074687928,2.75407099168946e-05,1.38921372664598e-06,9.23489183974003e-05,43.5567474396467,7.24470163939429,83.3497442746959,43.5567598238622,7.24474320133958,83.34975598572,0.000296295964678801,1.4945817392641e-05,0.000993533280230234,468.604060673983,77.9419218869746,896.715914735835,468.604193909222,77.9423690300116,896.716040728563
2013,94,Tierra del Fuego,Patagonia,Varón,50 a 59,7676,626,238.441602544084,563.4,214.597442289601,0.0853895119733253,0.031588721869026,0.369936788945392,2,0.666666666666667,0.471404520791032,37.2275117125716,0.149790434322404,26.44030556172,2.55044182000205,59.486310484392,84.0887352611923,21.570427139021,148.672136570088,111.3180984255,43.8884841959875,181.935282676706,344.454215238666,33.2261831683435,774.964962016571,1095.47596744649,281.011296756397,1936.84388444617,1450.2097241467,571.762430901349,2370.18346374031
2013,94,Tierra del Fuego,Patagonia,Varón,60 a 69,3545,1340,352.735238793252,1206,317.461714913662,0.280660926227601,0.0637063329773565,0.226986826537065,9,3,1,35.0931757395918,0.20417545409127,104.47441355409,38.1834422990723,173.159303156077,245.051122229926,117.549657130915,374.132485362189,350.200753713082,207.267522366073,496.369572400369,2947.09206076419,1077.1069759964,4884.60657704024,6912.58454809382,3315.92826885514,10553.8077676217,9878.72365904321,5846.75662527708,14001.9625500809
2013,94,Tierra del Fuego,Patagonia,Varón,70 a 79,1181,330,152.533678918228,297,137.280311026604,0.297595190380762,0.114521151833081,0.384821917607456,3,1,0.577350269189626,37.5978720540069,0.2901401799049,38.7790477231412,4.88315896132548,79.817683859618,87.3989310351753,15.9016482386,163.830254781396,126.919560755333,46.557146747137,211.461407298859,3283.5772839239,413.476626699872,6758.48296863827,7400.41753049748,1346.45624374259,13872.1638256897,10746.7875322043,3942.18008019788,17905.2842759406
2013,94,Tierra del Fuego,Patagonia,Varón,80+,333,23,23.0000000000252,20.7,20.7000000000038,0.0627272727272727,0.0679872222528155,1.08385426779851,2,0.666666666666667,0.471404520791032,23.5385723736154,0.481838209781249,16.7936205597768,1.7330373499915,38.076401977496,11.9493646251869,0.928241558140426,30.2366304819468,29.4146685172092,8.03054104067615,56.5447564610599,5043.12929723027,520.431636634083,11434.354948197,3588.39778534142,278.751218660789,9080.06921379785,8833.23378895172,2411.57388608893,16980.4073456636
2018,02,CABA,Centro,Mujer,30 a 39,240524,6852,3181.02611692649,6166.8,2862.92350523384,0.0270837176210177,0.0124650820850906,0.46024265425871,3,1,0.577350269189626,50.7150874845366,0.0643872796179425,52.5515833943384,7.07736832321503,108.453388481439,400.804305305664,73.1690153551813,747.397409670585,453.483637022227,124.778309844099,807.301591752772,21.8487898897151,2.94247905540197,45.0904643534278,166.637967647995,30.4206712657287,310.73714459704,188.539870043001,51.8776961318201,335.642843023055
2018,02,CABA,Centro,Mujer,40 a 49,214839,7408,3580.99399735579,6667.2,3222.89459762021,0.027601624501658,0.0128224480288459,0.464554107243784,8,2.66666666666667,0.942809041582063,46.1550939869203,0.0607444624951787,122.94120675757,38.4899726282773,209.383733174306,406.229022148657,73.8807480546145,787.009383915677,528.55336748221,193.813197264774,914.154680147626,57.2248086974758,17.9157288147298,97.4607651191384,189.085325359295,34.3888903107045,366.325194175954,246.023006754924,90.2132281684304,425.50685869308
2018,02,CABA,Centro,Mujer,50 a 59,175535,21691,7113.65152518784,19521.9,6402.28637266905,0.109010955874962,0.036130605405063,0.331440130169168,18,6,1.4142135623731,41.9936509794637,0.095738854348258,251.98451913918,135.552339072334,369.984275034337,1858.51531205328,688.382385835371,3067.95875482831,2112.40904638239,931.220742841399,3331.87477710372,143.552293923821,77.2223995626708,210.775215788496,1058.77193269335,392.162466650737,1747.77608729217,1203.41188160902,530.504311300538,1898.12560293031
2018,02,CABA,Centro,Mujer,60 a 69,166249,20837,6557.04636831016,18753.3,5901.34173147914,0.124723495101723,0.0346863077101063,0.278105642259436,39,13,2.08166599946613,38.7722836625193,0.141268066304241,504.967702373865,347.111378766114,662.659679364831,2665.37368584846,1016.90672345804,4295.77213039062,3167.7818197322,1518.20340417893,4809.96574584379,303.741798371037,208.790055137844,398.594685901769,1603.24193580019,611.676896377144,2583.93862843723,1905.44413484123,913.210548141001,2893.22988158954
2018,02,CABA,Centro,Mujer,70 a 79,131497,10558,3930.50465681796,9502.2,3537.45419113616,0.076190094373662,0.0260699715436115,0.342170091242512,81,27,3,37.9917924303777,0.184921326838426,1023.7839474572,802.262444295991,1245.81595938863,1763.96889785004,520.377551173013,3070.85283383557,2781.94832204532,1524.92447710459,4106.77135057775,778.560687663746,610.099427588455,947.410176193095,1341.45181855863,395.73340165404,2335.30258016196,2115.59831938776,1159.664841863,3123.09128769307
2018,02,CABA,Centro,Mujer,80+,100797,19045,5655.58571132408,17140.5,5090.02714019167,0.237725721893984,0.0638459565184793,0.268569829170409,236,78.6666666666667,5.12076383191241,27.6229305313704,0.199850784311032,2171.23837535886,1893.75568302793,2449.20232955575,3445.05854515638,1378.22264080029,5462.70476456974,5618.84920934132,3542.88771644572,7641.27830521816,2154.07043399988,1878.78179214454,2429.83653239258,3417.81853146064,1367.32506007152,5419.5112598289,5574.42107338643,3514.87416931627,7580.85886010314
2018,02,CABA,Centro,Varón,30 a 39,228605,5392,2957.02929842819,4852.8,2661.32636858537,0.0210323755038357,0.0117907218717737,0.560598676531971,3,1,0.577350269189626,45.3386501397284,0.016576188398,46.7791825666418,5.66664429656808,97.8359994800394,83.7589891651084,11.0937571474057,168.184221449225,130.795590169219,44.5904904897562,230.129751311279,20.4628868863943,2.478792807055,42.7969639684344,36.639176380704,4.8528059961093,73.5697913209356,57.2146672947742,19.5054747226684,100.666980735889
2018,02,CABA,Centro,Varón,40 a 49,197434,7793,4113.07066935953,7013.7,3701.76360242358,0.0401094564919023,0.0209058432777217,0.521219809646197,9,3,1,41.0383393552881,0.0872595074687928,122.517496051773,44.8456579219195,202.121822285816,618.509733559439,86.3766961273677,1255.64882972515,742.724960724257,205.038871722619,1383.5741377165,62.0549125539536,22.7142528247007,102.374374366024,313.274174437756,43.7496561521155,635.984090746856,376.188985040194,103.851855163051,700.778051255862
2018,02,CABA,Centro,Varón,50 a 59,147816,22794,6608.80704184243,20514.6,5947.92633765818,0.127648215441286,0.0359742880687497,0.281823666272065,48,16,2.3094010767585,37.2275117125716,0.149790434322404,594.974154091152,426.038938289744,762.921730655931,3085.06592917428,1323.98510620154,4821.33850414662,3677.23615670334,1910.19069223192,5423.10136487913,402.509981389804,288.222478141571,516.129330150952,2087.09877765213,895.69810183034,3261.71625814974,2487.71185575536,1292.27600004865,3668.81891329703
2018,02,CABA,Centro,Varón,60 a 69,123952,33061,7242.35674475803,29754.9,6518.12107028223,0.227889895609151,0.0450519180762913,0.19769159995386,102,34,3.36650164612069,35.0931757395918,0.20417545409127,1192.39718113455,962.61655860805,1427.1161099727,6111.82139484862,3508.09719824683,8662.62707776225,7297.13424766452,4702.42418467363,9845.36748493009,961.983010467397,776.60429731513,1151.34577092157,4930.79691723298,2830.20620744064,6988.69488008443,5887.06454729615,3793.74611516848,7942.88715384189
2018,02,CABA,Centro,Varón,70 a 79,82529,19643,5838.8182169539,17678.7,5254.93639525851,0.186368188574621,0.045586524293964,0.24460464332791,129,43,3.78593889720018,37.5978720540069,0.2901401799049,1619.45834408987,1343.77336863273,1897.46154217103,5128.55353663413,2175.25013363495,8120.66250117575,6751.72500193458,3756.11118561955,9760.16334138919,1962.29003633859,1628.24385201896,2299.14520007638,6214.24412828719,2635.74032598838,9839.76844645609,8181.03333608135,4551.26220555144,11826.3438808046
2018,02,CABA,Centro,Varón,80+,44205,9425,3353.21636508368,8482.5,3017.89472857532,0.221065387923171,0.0774389050508581,0.350298641403652,159,53,4.20317340430616,23.5385723736154,0.481838209781249,1248.05415170089,1053.66251747716,1446.23968195396,4090.88683359571,1317.35452845684,6882.77750828007,5353.26564429412,2566.58355853071,8146.01806737754,2823.33254541543,2383.58221349883,3271.66538163999,9254.35320347406,2980.10299390756,15570.1334877957,12110.0908139218,5806.0933345339,18427.8205347303
2018,06,Buenos Aires,Centro,Mujer,30 a 39,1237236,157882,28892.7433147118,142093.8,26003.4689832406,0.114512631189573,0.0197718712146931,0.172661050657034,38,12.6666666666667,2.05480466765633,50.7150874845366,0.0643872796179425,643.315602713776,439.000392545315,850.297848143357,9173.21627813574,5840.35108688044,12420.5794347953,9806.61844044875,6486.76499920367,13070.384001812,51.9961917300964,35.4823487633172,68.7255986847584,741.4281736173,472.048266206321,1003.89735141843,792.623108319573,524.29487981304,1056.41801578777
2018,06,Buenos Aires,Centro,Mujer,40 a 49,1095319,173534,27875.4820575169,156180.6,25087.9338517652,0.134064973793137,0.0199212400741608,0.148593920623141,113,37.6666666666667,3.54338193757822,46.1550939869203,0.0607444624951787,1737.76638414916,1418.1701354113,2056.64261501971,9483.342740098,6490.1276681015,12489.0514649637,11216.8633317143,8244.32404458887,14258.6475313613,158.65390668373,129.475535018684,187.76654244286,865.806467348599,592.53310388129,1140.22047138447,1024.07274334822,752.6870294945,1301.78035178439
2018,06,Buenos Aires,Centro,Mujer,50 a 59,882368,122898,21669.4146876607,110608.2,19502.4732188946,0.134814558405357,0.0216851195329735,0.160851467300521,294,98,5.71547606649408,41.9936509794637,0.095738854348258,4116.78890482683,3659.5318125723,4590.58217778541,10604.8873894399,6924.4829221131,14220.3532884595,14713.2586690561,10985.7282236498,18378.0194951033,466.561446565019,414.739860531241,520.257101094488,1201.86672561107,784.761337912651,1611.61253450482,1667.4741909335,1245.02795020329,2082.80666287799
2018,06,Buenos Aires,Centro,Mujer,60 a 69,739724,152421,22552.3559019355,137178.9,20297.1203117419,0.194024896148183,0.0246882405051777,0.127242642543782,630,210,8.36660026534076,38.7722836625193,0.141268066304241,8142.69060216991,7500.53823383757,8799.29149198034,19409.6792475061,13965.0279870857,25012.5379805113,27532.2925133787,22126.7794070394,33207.3561881474,1100.77415389658,1013.96442914351,1189.53711005461,2623.90827491146,1887.87006871289,3381.33384620632,3721.96826294384,2991.22096985354,4489.15489941483
2018,06,Buenos Aires,Centro,Mujer,70 a 79,510071,81106,14906.9995474183,72995.4,13416.2995926765,0.170458000471708,0.026492018009502,0.155416688780759,1017,339,10.6301458127347,37.9917924303777,0.184921326838426,12883.1627081299,12090.9121268537,13677.0456657916,13526.3200118718,8688.03928153425,18328.7292472581,26413.162242232,21482.1996023407,31302.9463384475,2525.7587096953,2370.43708167171,2681.40036696687,2651.8504309933,1703.29998794957,3593.36822663082,5178.33051520907,4211.60967832727,6136.9782517429
2018,06,Buenos Aires,Centro,Mujer,80+,320908,32404,7151.27564225033,29163.6,6436.14807802529,0.143083671046305,0.0310250524156288,0.216831537720251,1477,492.333333333333,12.8105859003838,27.6229305313704,0.199850784311032,13602.6829018452,12902.0184544906,14297.0261616279,5826.01009501503,3330.21474190405,8331.99776805459,19419.6200197159,16784.8086703932,22009.6448571116,4238.81078123489,4020.4726758107,4455.17910479885,1815.47673944402,1037.74749831854,2596.38206839798,6051.46023773663,5230.41141710184,6858.55287406722
2018,06,Buenos Aires,Centro,Varón,30 a 39,1231019,35871,11908.0610108604,32283.9,10717.2549097744,0.0282052021303363,0.00942077852681058,0.334008545064741,46,15.3333333333333,2.26077666104176,45.3386501397284,0.016576188398,695.892162071425,493.133063719971,896.902726470178,536.250432081976,183.606383537661,886.539101817751,1233.36483466845,837.104862846755,1639.41369133138,56.5297661588835,40.0589319677414,72.8585607915213,43.561507343264,14.9149918512761,72.0166871362466,100.190560394961,68.0009701594171,133.175336150895
2018,06,Buenos Aires,Centro,Varón,40 a 49,1060397,155490,29579.184119282,139941,26621.2657073538,0.138793731019394,0.0254508206006296,0.183371542891036,138,46,3.91578004149024,41.0383393552881,0.0872595074687928,1887.07076785,1571.53771162222,2198.24511320172,12243.6932289161,7676.71864970364,16888.1936564547,14125.4108662409,9565.8941352521,18774.3006223793,177.958893494606,148.202768550102,207.303973247918,1154.63295623395,723.94760167217,1592.62933188747,1332.08702648545,902.104979102365,1770.49733471325
2018,06,Buenos Aires,Centro,Varón,50 a 59,820489,171160,28493.5706131036,154044,25644.2135517932,0.194695432915616,0.0290024661900066,0.148963258951106,482,160.666666666667,7.31816613336672,37.2275117125716,0.149790434322404,5982.79343404669,5441.92364592188,6526.43667926916,23090.605489059,15660.201310955,30499.3895128091,29069.1420512081,21595.6614193046,36492.3681203574,729.174118610572,663.253699430691,795.432562687515,2814.24924515247,1908.64244504862,3717.22101244613,3542.90454243849,2632.04764711101,4447.63648511526
2018,06,Buenos Aires,Centro,Varón,60 a 69,635652,131020,19350.1706313365,117918,17415.1535682028,0.168955116953827,0.0270953998672251,0.160370401061188,1130,376.666666666667,11.2051575426477,35.0931757395918,0.20417545409127,13215.6867586078,12441.7755707063,13975.2189650299,24083.2925638149,17082.0853819417,31068.1992985817,37311.2410353559,30308.7941688571,44293.1743910145,2079.07577709309,1957.32500970756,2198.56446059006,3788.75431270804,2687.33290887809,4887.61135001254,5869.75908757558,4768.14265806717,6968.14835649295
2018,06,Buenos Aires,Centro,Varón,70 a 79,372278,122049,23457.2884085426,109844.1,21111.5595676883,0.233597034636316,0.0399169265447126,0.170879423220671,1382,460.666666666667,12.3917535302941,37.5978720540069,0.2901401799049,17317.6745523161,16404.3634887341,18255.8055017996,31824.4238160715,19793.9619308485,43803.8572909888,49183.5426109106,37134.5579057422,61195.8640505202,4651.81250364407,4406.48211517579,4903.80992210111,8548.56419559349,5316.98406321312,11766.4372568319,13211.5093051189,9974.95363834076,16438.2166151425
2018,06,Buenos Aires,Centro,Varón,80+,156238,29978,10450.964591343,26980.2,9405.86813220869,0.208028065846794,0.0674828451951086,0.324392984765851,1068,356,10.8934230922455,23.5385723736154,0.481838209781249,8377.13130691213,7877.75567485903,8890.75358610164,12909.5222423189,4182.91379174793,21698.3861452797,21304.0520204549,12519.2216646085,30096.2303909688,5361.7758208068,5042.15086909653,5690.51932698936,8262.72881265693,2677.27044108855,13888.0337339698,13635.6405102823,8012.91725739478,19263.0668537544
2018,10,Catamarca,NOA2,Mujer,30 a 39,28089,1207,570.610710888379,1086.3,513.549639799541,0.0546071482431006,0.0277326094890173,0.50785676200407,2,0.666666666666667,0.471404520791032,50.7150874845366,0.0643872796179425,36.3797517618597,3.72260128129033,81.1107199936372,70.784939798919,13.5590775198576,135.655235758229,107.744582150036,40.2100099308429,185.592431944193,129.516008978104,13.2528793523811,288.763288097252,252.002348958379,48.27184136088,482.947900452951,383.582833671673,143.152158962024,660.72993678733
2018,10,Catamarca,NOA2,Mujer,40 a 49,25373,3285,1195.56533524996,2956.5,1076.00880172497,0.152743335399876,0.0533719780481228,0.349422630508867,5,1.66666666666667,0.74535599249993,46.1550939869203,0.0607444624951787,77.2805935847287,15.8993018459197,143.787532314552,180.405861260358,58.0659986187874,310.058297274587,257.847167053516,117.699298769295,403.103854601727,304.578069541358,62.6622860754333,566.695039272264,711.015099753117,228.849559054063,1222.00093514597,1016.22656782216,463.876162729259,1588.71183778712
2018,10,Catamarca,NOA2,Mujer,50 a 59,18763,1912,632.130514432036,1720.8,568.917462988832,0.141641287348753,0.0448054016585849,0.316330093415939,12,4,1.15470053837925,41.9936509794637,0.095738854348258,167.974690374377,74.5657663065621,264.703809768096,164.284346866715,58.7936202185194,272.77832758436,332.053053276029,189.099531938991,479.76716254148,895.244312606606,397.408550373405,1410.77551440653,875.576117181234,313.348719386662,1453.8097723411,1769.72260979603,1007.83207343704,2556.98535704035
2018,10,Catamarca,NOA2,Mujer,60 a 69,14986,1214,632.56941872141,1092.6,569.312476849269,0.0827413858386975,0.0399482565902668,0.48280864751462,25,8.33333333333333,1.66666666666667,38.7722836625193,0.141268066304241,323.197655055839,196.060197525836,448.498883732882,156.690877575636,22.2626758528214,314.978505049497,481.123964664717,293.983648686975,680.722560247461,2156.66392003096,1308.28905328864,2992.7858249892,1045.58172678257,148.556491744437,2101.81839750098,3210.48955468249,1961.7219317161,4542.38996561765
2018,10,Catamarca,NOA2,Mujer,70 a 79,9226,1533,823.823820563034,1379.7,741.441438506731,0.236655231560892,0.117620224772997,0.497010879485812,46,15.3333333333333,2.26077666104176,37.9917924303777,0.184921326838426,582.391436449143,417.296397990812,750.681128007688,262.462598333137,36.0928134468343,522.287708458904,846.570553920187,558.702401915523,1159.20499573647,6312.50202090986,4523.04788630839,8136.58278785701,2844.81463617101,391.207602935554,5661.04171318994,9175.92189378048,6055.7381521301,12564.5458024764
2018,10,Catamarca,NOA2,Mujer,80+,5643,653,382.799303367646,587.7,344.519373030881,0.217425083240844,0.110127679423547,0.506508622565674,35,11.6666666666667,1.97202659436654,27.6229305313704,0.199850784311032,321.712914492089,215.371489678507,430.642492703168,119.882942837417,14.6400709928874,256.708562508749,443.478625739556,287.655626713494,616.172783970449,5701.09719107015,3816.61332054771,7631.4459100331,2124.45406410451,259.437728032738,4549.15049634501,7858.91592662689,5097.56559832526,10919.2412541281
2018,10,Catamarca,NOA2,Varón,30 a 39,28145,2489,1343.49065206377,2240.1,1209.14158685739,0.0952302002295625,0.0506134254184391,0.531485025721148,1,0.333333333333333,0.333333333333333,45.3386501397284,0.016576188398,18.5131829266558,1.38588271152198,45.3353562655071,37.9820214068235,4.92280459480395,76.2653753258589,57.5744334235568,17.4746308750512,103.617363664076,65.7778750280896,4.92408140530106,161.07783359569,134.951221910902,17.4908672759067,270.973086963435,204.563629147475,62.0878695151935,368.155493565736
2018,10,Catamarca,NOA2,Varón,40 a 49,25006,2239,826.968609221152,2015.1,744.271748299037,0.151397445529677,0.0575267263080403,0.379971578164864,11,3.66666666666667,1.10554159678513,41.0383393552881,0.0872595074687928,149.996457142083,63.2616430260026,240.009199725603,177.931789554531,51.8971164670444,302.669107578424,328.599927248574,175.363568580532,483.310663668777,599.841866520369,252.985855498691,959.806445355528,711.556384685799,207.538656590596,1210.38593768865,1314.08432875539,701.285965690364,1932.77878776604
2018,10,Catamarca,NOA2,Varón,50 a 59,18532,1513,643.516142030341,1361.7,579.164527827307,0.120259648503047,0.0525433764395034,0.436916098571269,30,10,1.82574185835055,37.2275117125716,0.149790434322404,370.927068672838,237.368082921614,503.130604169239,204.970013943198,43.8702121100918,374.500975103191,573.606517599323,366.645561432539,791.159794756683,2001.54904312993,1280.85518520189,2714.9287943516,1106.03288335419,236.726808278069,2020.83409833364,3095.22187351243,1978.44572324919,4269.15494688476
2018,10,Catamarca,NOA2,Varón,60 a 69,14316,1237,758.927660713731,1113.3,683.034894642358,0.0950888281516911,0.0576892009645584,0.606687474079808,59,19.6666666666667,2.5603819159562,35.0931757395918,0.20417545409127,690.065170387256,512.208168616312,869.086942237427,237.777449417465,26.5553232178484,503.816654844063,929.306574459182,650.541591518048,1256.39209558967,4820.23728965672,3577.87209148024,6070.73862976689,1660.92099341621,185.494015212688,3519.25576169365,6491.38428652684,4544.15752666979,8776.1392539094
2018,10,Catamarca,NOA2,Varón,70 a 79,7622,655,316.805688109649,589.5,285.125119298684,0.123326359832636,0.0666496053196836,0.540432762388613,48,16,2.3094010767585,37.5978720540069,0.2901401799049,601.757040765544,435.945469976397,772.351640034984,173.203813874312,27.4135235933291,332.295089983123,775.475671958632,556.0679684659,1007.72340975972,7895.00184683212,5719.56796085538,10133.1886648515,2272.41949454621,359.663127700461,4359.68367860303,10174.1757013728,7295.56505465626,13221.2465200698
2018,10,Catamarca,NOA2,Varón,80+,3096,97,99.755450061824,87.3,89.7799050556416,0.0958287596048299,0.128720275286869,1.34323219686527,27,9,1.73205080756888,23.5385723736154,0.481838209781249,210.409269513516,131.487858841457,291.917712039571,50.6036514218933,3.62416680428473,130.776842791724,264.341203669014,166.999170391935,373.388513609576,6796.16503596628,4247.02386438815,9428.8666679448,1634.48486504823,117.059651301186,4224.05822970684,8538.15257328857,5394.03005141909,12060.3525067692
2018,14,Córdoba,Centro,Mujer,30 a 39,268490,26821,7501.0678265661,24138.9,6750.96104390949,0.0993260008147243,0.0269718825417893,0.271549063896177,6,2,0.816496580927726,50.7150874845366,0.0643872796179425,101.241554788787,25.2241503492409,181.477471025747,1553.85048468223,705.739810690368,2401.22988730416,1652.68462436562,809.62486252799,2510.48116368861,37.7077562623515,9.39481930397442,67.5918920726088,578.736818757581,262.855156873764,894.346116169748,615.547925198564,301.547492468245,935.037120074717
2018,14,Córdoba,Centro,Mujer,40 a 49,228781,22827,6535.26716487717,20544.3,5881.74044838945,0.10011207866948,0.0273824736972621,0.273518181434084,42,14,2.16024689946929,46.1550939869203,0.0607444624951787,646.063311749076,447.312102104308,844.166741870805,1248.2557072675,552.710579383117,1941.08920841633,1895.58046399806,1176.21703554245,2618.58833412837,282.393779094014,195.519777474663,368.98463677963,545.611614280686,241.589371225372,848.448607365265,828.556770010647,514.123566005243,1144.58295668275
2018,14,Córdoba,Centro,Mujer,50 a 59,187619,25700,7894.21131936305,23130,7104.79018742674,0.197609548137959,0.0552041477958191,0.279359718778765,85,28.3333333333333,3.0731814857643,41.9936509794637,0.095738854348258,1187.2016193574,936.050644443356,1444.53336829218,2208.56912562943,883.856706546071,3549.93409947577,3396.31005092068,2070.67437070524,4763.86208856315,632.77259731552,498.910368589192,769.929148056528,1177.15643172036,471.091257573098,1892.09733527829,1810.21647643399,1103.65920866503,2539.11495560852
2018,14,Córdoba,Centro,Mujer,60 a 69,161600,53719,10372.081797684,48347.1,9334.87361791563,0.263578227732164,0.0432715732811102,0.16416975580047,202,67.3333333333333,4.73755680118397,38.7722836625193,0.141268066304241,2611.42090944961,2249.96079791762,2970.58890713985,6825.51133171809,4239.57236997594,9434.91465599208,9435.85292617511,6845.40669861381,12073.7778982292,1615.9782855505,1392.30247395892,1838.23570986377,4223.7075072513,2623.49775369798,5838.43728712381,5839.01789986084,4236.01899666696,7471.39721425074
2018,14,Córdoba,Centro,Mujer,70 a 79,116245,18258,5805.09468342176,16432.2,5224.58521507959,0.175698476343224,0.0553698024050721,0.315141050494417,337,112.333333333333,6.11918658356194,37.9917924303777,0.184921326838426,4267.50949198812,3813.62713949788,4727.36892173233,3032.250619695,1147.51342568291,4971.21674065739,7303.71734134143,5391.51751687774,9290.77185923571,3671.13380531474,3280.68057937793,4066.7288242353,2608.49982338596,987.150781266215,4276.49941129286,6283.03784364182,4638.06401727192,7992.40557377582
2018,14,Córdoba,Centro,Mujer,80+,71435,4221,3220.56428171396,3798.9,2898.50785354256,0.0738295598095423,0.0514135289742228,0.696381356015856,564,188,7.91622805802528,27.6229305313704,0.199850784311032,5193.08242217647,4769.16224548869,5634.14629863736,820.279811360989,74.5288951225765,1900.36615639137,6020.86429491599,5142.31630361513,7193.84478658829,7269.66112154612,6676.22628331866,7887.09497954414,1148.28838995029,104.331063375903,2660.27319436043,8428.45145225168,7198.59495151554,10070.4763583514
2018,14,Córdoba,Centro,Varón,30 a 39,267085,12230,5290.06120021309,11007,4761.05508019178,0.0520100929916081,0.0220348233670256,0.423664371655342,18,6,1.4142135623731,45.3386501397284,0.016576188398,272.470277039125,147.998645499771,396.118238317399,182.715159482204,38.0775286065781,336.006830256231,456.25801885636,268.508375756317,651.339351185498,102.01631579427,55.4125636032616,148.311675428197,68.4108652609484,14.2567080167655,125.805204431635,170.828769439077,100.532929874878,243.869686124454
2018,14,Córdoba,Centro,Varón,40 a 49,221757,34020,12837.0255495395,30618,11553.3229945856,0.164947231754686,0.0552973085642971,0.335242416474966,53,17.6666666666667,2.42670329642684,41.0383393552881,0.0872595074687928,725.124179340602,527.040770334083,913.62863367675,2677.48289879572,734.714103561773,4633.66313874578,3395.83350664743,1463.21092611702,5366.59315559394,326.990435179319,237.665900212432,411.995397519244,1207.39498586098,331.31495445996,2089.52282847702,1531.33091927084,659.82626303432,2420.03325964634
2018,14,Córdoba,Centro,Varón,50 a 59,174531,30911,8235.03631355709,27819.9,7411.53268220138,0.171407182861685,0.0433012449679526,0.252622114458845,156,52,4.16333199893227,37.2275117125716,0.149790434322404,1937.99873667182,1633.82817909334,2243.04590257726,4173.64652640794,2015.48679091705,6401.42618586514,6112.64568073947,3935.46593442282,8332.32908102142,1110.40373152724,936.124917116922,1285.18481105206,2391.3496894007,1154.80160597089,3667.78749097017,3502.32662434723,2254.88075724245,4774.12555994146
2018,14,Córdoba,Centro,Varón,60 a 69,137755,28304,7047.4927001335,25473.6,6342.74343012015,0.18992998859239,0.0440962289163591,0.232170965960484,371,123.666666666667,6.42045342808607,35.0931757395918,0.20417545409127,4341.50346129733,3893.46529989263,4770.64885430779,5197.31735062582,2679.10383646613,7661.49880577409,9534.1685298347,6964.22702895674,12073.831692931,3151.61225458047,2826.36949649205,3463.14025211992,3772.8702048026,1944.83237375495,5561.68473432841,6921.10524469871,5055.51669918097,8764.71394354542
2018,14,Córdoba,Centro,Varón,70 a 79,84584,14073,5558.17239622696,12665.7,5002.35515660427,0.177001551210923,0.0630649759630127,0.356296176680744,523,174.333333333333,7.62306441735285,37.5978720540069,0.2901401799049,6554.10516497932,5986.13033698629,7113.51972351216,3685.56546939259,975.012100989544,6497.88835583553,10236.6599398538,7503.92624833712,13133.5478613525,7748.63468856914,7077.14264752942,8410.00629375787,4357.28443841931,1152.71458075942,7682.17198978001,12102.3597132481,8871.56702016589,15527.2248431766
2018,14,Córdoba,Centro,Varón,80+,34923,4831,2648.45559671419,4347.9,2383.61003704277,0.195701489850115,0.0898968264562739,0.459356883410161,361,120.333333333333,6.33333333333333,23.5385723736154,0.481838209781249,2830.87365574845,2540.05081052983,3121.07334350141,2143.69184855668,295.018692840161,4360.66310361169,4974.43134008547,3109.27159952176,7186.98967504555,8106.04374122628,7273.28926647146,8937.01384045303,6138.33819705261,844.769042866195,12486.5077559536,14243.9977667596,8903.22022598791,20579.5311830185
2018,18,Corrientes,NEA,Mujer,30 a 39,74564,11841,3751.73807366339,10656.9,3376.56426629705,0.137359507114869,0.0378422926870981,0.27549816887048,3,1,0.577350269189626,50.7150874845366,0.0643872796179425,51.6216162894835,6.67502056542313,108.063059057082,687.283249548442,258.738063528266,1100.16035691306,740.456065822415,309.557776632684,1159.56625475115,69.2312862634562,8.95206878040761,144.92658529194,921.736024822222,347.001319039035,1475.45780391752,993.047671560559,415.157149070173,1555.12882188609
2018,18,Corrientes,NEA,Mujer,40 a 49,63019,4960,2105.5375313471,4464,1894.98377821239,0.0926237161531279,0.0392588213218012,0.423852798746463,17,5.66666666666667,1.37436854187255,46.1550939869203,0.0607444624951787,260.379280343605,136.994963676406,390.491149214626,273.580914128618,56.3824560037458,495.922414831281,535.596128502598,291.338105595506,795.627022825875,413.175836404267,217.386762208867,619.640345315898,434.124492817432,89.4689792026942,786.941104795825,849.896267002964,462.302013036555,1262.51927644976
2018,18,Corrientes,NEA,Mujer,50 a 59,52513,9070,2607.78516224587,8163,2347.00664602128,0.174998928096729,0.0437372326450415,0.249928574538847,44,14.6666666666667,2.21108319357027,41.9936509794637,0.095738854348258,615.374233895219,433.518536304485,799.875953038591,777.823183199891,341.345210972846,1224.84615209107,1395.02842568437,922.633225739018,1880.01568441509,1171.85122521132,825.545172251603,1523.19607152246,1481.20119437071,650.020396802403,2332.46272749809,2656.53919159898,1756.96156330626,3580.09575612723
2018,18,Corrientes,NEA,Mujer,60 a 69,40963,10122,3215.20253962479,9109.8,2893.68228566231,0.265964031297443,0.0689553447294246,0.25926567736638,99,33,3.3166247903554,38.7722836625193,0.141268066304241,1280.90539636591,1029.59291401278,1527.80426627696,1294.53058225864,498.72635156971,2087.23991945426,2573.50782990615,1743.95976666757,3402.42940113665,3126.98141338748,2513.47048315012,3729.71771178127,3160.24359118874,1217.50445907211,5095.42738435725,6282.51795499877,4257.40245262204,8306.1040478887
2018,18,Corrientes,NEA,Mujer,70 a 79,24843,4965,2309.13047775489,4468.5,2078.2174299794,0.225431338916356,0.0851196010899414,0.377585483451901,140,46.6666666666667,3.94405318873308,37.9917924303777,0.184921326838426,1770.717142469,1481.62456268017,2068.55106315926,833.999703788251,149.08064261634,1581.9214711268,2604.79123454313,1867.70406502861,3408.81151046763,7127.63008682122,5963.95186845457,8326.49463896978,3357.08128562674,600.091142842411,6367.67488277099,10485.0108060344,7518.02948528203,13721.4165377275
2018,18,Corrientes,NEA,Mujer,80+,14557,3722,1318.57830597496,3349.8,1186.72047537746,0.288229220443986,0.0850761630383853,0.295168418064396,151,50.3333333333333,4.09606857581484,27.6229305313704,0.199850784311032,1390.79991625296,1173.96852387079,1610.0835881392,670.949653543195,213.821121750713,1130.79669205482,2063.6684207221,1569.83546286433,2559.42273797535,9554.16580513124,8064.63229972378,11060.545360577,4609.12037880879,1468.85430892844,7768.06135917302,14176.4678211314,10784.0589603924,17582.0755511118
2018,18,Corrientes,NEA,Varón,30 a 39,70590,5529,2530.10588415149,4976.1,2277.09529573634,0.0898050893340552,0.0403411729847778,0.449208093705218,3,1,0.577350269189626,45.3386501397284,0.016576188398,47.3415716448424,5.40039121564141,97.0860043331353,83.1539743971474,15.6285412801629,157.85123542776,130.95721806679,51.5793368592559,218.623026015274,67.0655498581136,7.65036296308458,137.535067761914,117.798518766323,22.1398799832311,223.616993097833,185.518087642428,73.0689004947669,309.708210816368
2018,18,Corrientes,NEA,Varón,40 a 49,58348,3230,1692.84117915115,2907,1523.55706123603,0.0596148719315875,0.0305387227160917,0.512266850982037,14,4.66666666666667,1.24721912892465,41.0383393552881,0.0872595074687928,191.490092073715,94.4555803248249,290.833472623121,259.007661140731,37.2589681267855,520.048344942051,452.793308360617,210.504977600031,730.038033003496,328.186213878307,161.883149936287,498.44634370179,443.901523858112,63.8564614498963,891.287353366098,776.021985947448,360.77496675127,1251.17918866713
2018,18,Corrientes,NEA,Varón,50 a 59,49258,3836,2232.13047812529,3452.4,2008.91743031276,0.0914761135105058,0.0488775899219146,0.534320797486669,58,19.3333333333333,2.53859103528797,37.2275117125716,0.149790434322404,719.918319081589,535.810312214081,907.981161540728,532.45242001663,65.1792938847741,1099.69589868205,1250.73167420544,745.615493975427,1846.05419442581,1461.52567924315,1087.76302776012,1843.31714958124,1080.94607985836,132.322249958939,2232.52243022869,2539.14424906703,1513.69421002767,3747.72462224576
2018,18,Corrientes,NEA,Varón,60 a 69,38103,5072,1689.46942394546,4564.8,1520.52248155091,0.126012422360248,0.0487769069731056,0.387080147016463,150,50,4.08248290463863,35.0931757395918,0.20417545409127,1753.51577107889,1477.6435341092,2035.26308071294,938.793842818426,326.293505565054,1543.39407132131,2692.9997074775,2022.90275751963,3359.45000189908,4602.04123318082,3878.02412962023,5341.47726087957,2463.83183166267,856.345971616551,4050.58413070181,7067.68419147443,5309.03802199205,8816.75984016765
2018,18,Corrientes,NEA,Varón,70 a 79,20227,3256,1439.77834229779,2930.4,1295.80050806801,0.221362743616861,0.0769486494527467,0.347613370685047,143,47.6666666666667,3.98608691436713,37.5978720540069,0.2901401799049,1794.57451650768,1496.82640338839,2082.9138501619,857.318040312437,187.754639634273,1598.7707909021,2652.64089360736,1926.63978152351,3433.25732937955,8872.17341428626,7400.14042313933,10297.6904640426,4238.48341480416,928.237700273265,7904.14194345233,13114.3565215176,9525.08914581256,16973.6358796636
2018,18,Corrientes,NEA,Varón,80+,7859,1251,572.085300092935,1125.9,514.876770083642,0.202063890882986,0.110311559031754,0.545924155719808,65,21.6666666666667,2.68741924943285,23.5385723736154,0.481838209781249,510.612039419086,387.724590864931,635.380199507152,552.277376534619,103.956472142807,1029.31764772699,1061.44456514974,600.468764598779,1559.1094329279,6497.16299044517,4933.51050852438,8084.74614463866,7027.32378845424,1322.76971806601,13097.3106976331,13506.1021141333,7640.52378927063,19838.5218593702
2018,22,Chaco,NEA,Mujer,30 a 39,82381,5790,1554.79020640071,5211,1399.31118576064,0.0680856067732832,0.0179298113570953,0.26334216887865,14,4.66666666666667,1.24721912892465,50.7150874845366,0.0643872796179425,237.712505034805,111.516927345069,359.068399377491,336.081913530196,164.499605290117,513.688789049905,575.350691848101,361.331851608078,786.598516217699,288.552584982951,135.367290206564,435.863123022895,407.960468469909,199.681486374427,623.55250488572,698.402170218984,438.610664604798,954.830016894307
2018,22,Chaco,NEA,Mujer,40 a 49,66610,4828,1982.15764241898,4345.2,1783.94187817709,0.0892586430024034,0.0350365126152779,0.392527955128496,17,5.66666666666667,1.37436854187255,46.1550939869203,0.0607444624951787,261.661990527551,137.418557581171,385.992211872459,267.48100977616,69.1755644924385,478.157331211757,530.676420909975,296.524858027147,776.978229945586,392.826888646677,206.30319408673,579.480876553758,401.562843080859,103.851620616181,717.846166058785,796.691819411462,445.165677866908,1166.45883492807
2018,22,Chaco,NEA,Mujer,50 a 59,53131,6772,1551.7930072344,6094.8,1396.61370651096,0.14769186032423,0.032599783311765,0.220728368105042,68,22.6666666666667,2.74873708374511,41.9936509794637,0.095738854348258,952.202081795468,725.957902908058,1179.11399080446,584.665265892753,324.94880265255,847.277337532082,1536.06351966176,1182.05067138421,1884.01797737999,1792.17797857271,1366.3546760047,2219.25804295883,1100.42209989037,611.599259664886,1594.69488157965,2891.08716128393,2224.78528803186,3545.98629308687
2018,22,Chaco,NEA,Mujer,60 a 69,40065,6151,2452.63141872381,5535.9,2207.36827685143,0.171294634568971,0.0634227186294221,0.370255138399477,95,31.6666666666667,3.24893144826965,38.7722836625193,0.141268066304241,1230.67756550529,984.009264890583,1469.98891176938,789.510177920474,206.879999640405,1400.64103297836,2016.5520671914,1393.44055650813,2674.68704620593,3071.70239736749,2456.03211004763,3669.01013794929,1970.57326324841,516.360912618009,3495.92170966768,5033.20121600249,3477.9497229705,6675.86932785707
2018,22,Chaco,NEA,Mujer,70 a 79,22895,6921,1984.63272792747,6228.9,1786.16945513472,0.272504156094147,0.0712966217015568,0.261634988337296,103,34.3333333333333,3.38296385503074,37.9917924303777,0.184921326838426,1305.56874606628,1048.18850214709,1554.80515910795,1151.61263761174,490.152723491676,1808.25365977518,2457.40421248886,1748.81415697634,3160.94172405228,5702.41863317878,4578.24198360817,6791.02493604694,5029.97439446052,2140.87234545392,7898.02865156225,10733.3662917181,7638.41081885278,13806.2534354762
2018,22,Chaco,NEA,Mujer,80+,12940,3221,2142.20099097265,2898.9,1927.98089187539,0.403971571906355,0.190350775553618,0.471198442641264,98,32.6666666666667,3.29983164553722,27.6229305313704,0.199850784311032,901.022158195958,720.869035578764,1086.21679929448,620.481857567158,68.1437962898709,1345.88647701477,1522.63328072046,931.387302816253,2274.51945341845,6963.0769566921,5570.85808020683,8394.25656332677,4795.06845105995,526.61357256469,10400.9774112424,11766.8723394162,7197.73804340226,17577.4300882415
2018,22,Chaco,NEA,Varón,30 a 39,77666,1468,1042.71823018833,1321.2,938.446407169494,0.023588644884842,0.0164860791092978,0.698898948616237,12,4,1.15470053837925,45.3386501397284,0.016576188398,181.490633698414,80.7800029315197,283.396240799558,23.3669605108631,2.09143816648172,53.1949804860276,206.166561219287,100.156855241998,311.050166551921,233.68093335361,104.009480250714,364.890995801969,30.0864735030298,2.69286195565849,68.4919790977102,265.452786572358,128.958431285244,400.497214420622
2018,22,Chaco,NEA,Varón,40 a 49,62525,6416,2115.36889752312,5774.4,1903.83200777081,0.101499358422246,0.0342993158214726,0.337926429828103,25,8.33333333333333,1.66666666666667,41.0383393552881,0.0872595074687928,342.396710483914,206.558354502603,474.485757919252,503.845600003581,175.045067070829,828.822149521736,845.257990195549,496.862115732026,1192.68942340907,547.615690498062,330.361222715079,758.873663205521,805.830627754627,279.960123264021,1325.58520515272,1351.87203549868,794.661520563017,1907.54006142994
2018,22,Chaco,NEA,Varón,50 a 59,50125,3371,1629.05561448567,3033.9,1466.15005303711,0.0947708743323025,0.0430623930754281,0.454384254432803,83,27.6666666666667,3.0368111930481,37.2275117125716,0.149790434322404,1029.76621086196,814.218223368537,1252.5014667797,461.536646400034,75.3297301036017,892.042839577153,1493.30358868119,1048.64201598316,1971.74144050586,2054.3964306473,1624.37550796716,2498.75604345077,920.771364389095,150.283750830128,1779.63658768509,2979.15927916446,2092.05389722325,3933.64875911393
2018,22,Chaco,NEA,Varón,60 a 69,37282,11152,3242.55357147906,10036.8,2918.29821433116,0.228020991889497,0.0639477284510753,0.280446672568048,154,51.3333333333333,4.13655788199695,35.0931757395918,0.20417545409127,1803.53293228539,1516.02521233472,2087.27144981566,2055.85107413092,893.59709479047,3212.66363903598,3851.31205997497,2676.62624656123,5038.45336191167,4837.54340508928,4066.3730817411,5598.60374930439,5514.3261470171,2396.85932833665,8617.19767994202,10330.2184967946,7179.40627262814,13514.4395738203
2018,22,Chaco,NEA,Varón,70 a 79,18008,1416,573.428069496313,1274.4,516.085262546681,0.129551692589204,0.0586198323666482,0.452482180626741,124,41.3333333333333,3.71184290855335,37.5978720540069,0.2901401799049,1553.8341477101,1281.73863776493,1823.46322703779,371.414096084924,88.3888646590662,666.861740257362,1928.07227353539,1525.55147115419,2321.55385870198,8628.57700860783,7117.60682899227,10125.8508831507,2062.49498048047,490.831100949946,3703.14160516083,10706.7540733862,8471.52083048749,12891.7917520101
2018,22,Chaco,NEA,Varón,80+,6892,299,256.032517876894,269.1,230.429266089205,0.0385917108848415,0.0472583730565979,1.22457315244763,63,21,2.64575131106459,23.5385723736154,0.481838209781249,496.404407741251,373.26262832672,618.228309265273,147.786387661672,11.4931397341107,350.252927759,647.24697673486,457.753835688838,875.342090656791,7202.61763989047,5415.88259324899,8970.23083669867,2144.31787088903,166.760588132772,5082.02158675276,9391.27940706413,6641.81421486996,12700.8428708182
2018,26,Chubut,Patagonia,Mujer,30 a 39,46928,7188,1704.24116903328,6469.2,1533.81705212995,0.153717476535583,0.0358163429596523,0.233001111954641,0,0,0,50.7150874845366,0.0643872796179425,3.4190716749896e-05,1.62150669800128e-06,0.000113575507107937,414.695295118146,219.033813995531,612.200568087108,414.695333307717,219.033856787138,612.200625367422,7.28578178270884e-05,3.45530748806955e-06,0.000242020770345928,883.68414404651,466.744404184135,1304.55286414743,883.684225425581,466.744495369796,1304.55298620743
2018,26,Chubut,Patagonia,Mujer,40 a 49,38922,2071,1119.89663754986,1863.9,1007.90697379487,0.0590009812921402,0.030789571584127,0.521848466073371,6,2,0.816496580927726,46.1550939869203,0.0607444624951787,92.4383682049929,23.1877489206617,165.505955944686,115.100558504397,17.4837699234992,231.757145666513,208.088807999275,85.8575454106854,345.378094499763,237.49644983555,59.5749162958268,425.22469540282,295.721079349459,44.9200193296829,595.439971395387,534.630306765519,220.58872979468,887.359576845392
2018,26,Chubut,Patagonia,Mujer,50 a 59,28568,5956,2632.07214306143,5360.4,2368.86492875528,0.176201433173361,0.0721459151654606,0.409451352728088,5,1.66666666666667,0.74535599249993,41.9936509794637,0.095738854348258,71.0085169753718,13.2505586891142,131.796514945596,520.032641302375,112.187711281976,959.84776568028,591.333401218412,183.609827625919,1030.41885097204,248.55963657019,46.3825213144574,461.343163489204,1820.33268448045,392.704113980595,3359.8703643247,2069.91529409973,642.711522073365,3606.89880625891
2018,26,Chubut,Patagonia,Mujer,60 a 69,21495,5030,1416.21426015027,4527,1274.59283413525,0.242500535676023,0.0497475160361224,0.205143942867756,20,6.66666666666667,1.49071198499986,38.7722836625193,0.141268066304241,259.603953459532,145.561470686986,370.839458237932,641.617408262923,283.993482132996,993.091278285639,900.282576131165,523.737074913632,1266.0698924165,1207.74111867658,677.187581702655,1725.23590713157,2984.96119219783,1321.20717438007,4620.10364403647,4188.33485057532,2436.55303518787,5890.06695704349
2018,26,Chubut,Patagonia,Mujer,70 a 79,12731,701,421.465995692577,630.9,379.319396123319,0.110645387583304,0.064523076335463,0.583151975376145,41,13.6666666666667,2.13437474581095,37.9917924303777,0.184921326838426,519.088026153539,361.73752034141,679.049176679183,122.52646721936,15.7088586680513,255.259834785751,642.131384212542,448.394864054643,850.051593206149,4077.35469447443,2841.39125238716,5333.82433963697,962.426103364701,123.390610855795,2005.02580147476,5043.84089397959,3522.07103962488,6677.02139035542
2018,26,Chubut,Patagonia,Mujer,80+,7156,686,460.302217431771,617.4,414.271995688594,0.120821917808219,0.0722788031246747,0.59822592155343,52,17.3333333333333,2.40370085030933,27.6229305313704,0.199850784311032,478.660155357411,349.758157487469,606.82236706867,128.488249512323,13.057710661731,289.261727989129,608.200541019954,430.531594113009,814.244445536555,6688.93453545852,4887.62098221729,8479.91010436935,1795.53171481726,182.47220041547,4042.22649509683,8499.1691031296,6016.37219274747,11378.4858235963
2018,26,Chubut,Patagonia,Varón,30 a 39,48602,3250,1124.68626549538,2925,1012.21763894585,0.0759069912285255,0.0258568471099618,0.340638545824023,2,0.666666666666667,0.471404520791032,45.3386501397284,0.016576188398,32.5086089690874,3.04520213123173,73.4985873224406,48.3030394716929,15.8516139961208,81.0020657485014,81.5063499775105,35.2303949032489,134.27889140082,66.8873893442398,6.26559016343304,151.225437888236,99.3848801935989,32.6151475168117,166.664058574753,167.701637746411,72.4875414658839,276.282645571829
2018,26,Chubut,Patagonia,Varón,40 a 49,39497,4642,1650.99686860523,4177.8,1485.89718174471,0.102704164413196,0.0369050740998566,0.35933376519555,7,2.33333333333333,0.881917103688197,41.0383393552881,0.0872595074687928,96.3747520800155,27.2673216193915,166.037828570953,368.233705174779,119.45497305009,621.370088047011,463.223235073737,206.601129733659,727.273747391502,244.005246170634,69.036437246858,420.380860751331,932.308036495884,302.440623465302,1573.20831467456,1172.80612470248,523.080562406408,1841.33920903234
2018,26,Chubut,Patagonia,Varón,50 a 59,27973,3242,1497.19246647399,2917.8,1347.47321982659,0.126938136256852,0.0608360255349472,0.479257277039652,25,8.33333333333333,1.66666666666667,37.2275117125716,0.149790434322404,310.537377282243,188.774871052532,428.815638921927,439.459818701305,87.1164283189368,839.777981482225,749.71330895386,379.238344433834,1161.26580285621,1110.13254667802,674.846713089521,1532.9626386942,1571.01425911166,311.430409033485,3002.10196075582,2680.13194492496,1355.72996973451,4151.38098472172
2018,26,Chubut,Patagonia,Varón,60 a 69,19928,3832,1664.05838089724,3448.8,1497.65254280751,0.194528738225506,0.0794440191127034,0.408392198692043,41,13.6666666666667,2.13437474581095,35.0931757395918,0.20417545409127,480.678666880898,333.045899541607,626.684603373619,705.400417315315,142.129323325588,1301.33369380741,1183.85675134591,602.566764624733,1799.61279862463,2412.07681092382,1671.24598324772,3144.7440956123,3539.74516918564,713.214187703675,6530.17710662089,5940.67016933915,3023.7192122879,9030.5740597382
2018,26,Chubut,Patagonia,Varón,70 a 79,10105,1616,796.094079512187,1454.4,716.484671560968,0.151657977059437,0.0743783830305406,0.490435020120245,41,13.6666666666667,2.13437474581095,37.5978720540069,0.2901401799049,515.103282060405,354.048064940065,669.273689986486,422.858666430268,69.154846367455,832.86780763731,938.154937064202,556.568512290336,1380.11945038382,5097.50897635235,3503.69188461222,6623.19336948527,4184.64786175426,684.362655788768,8242.13565202682,9284.06667060071,5507.85266986973,13657.7877326454
2018,26,Chubut,Patagonia,Varón,80+,3909,2724,1344.43846412372,2451.6,1209.99461771134,0.374690508940853,0.156865297374209,0.418652977940711,42,14,2.16024689946929,23.5385723736154,0.481838209781249,328.697085503591,227.861523225118,426.838479431335,1200.67954621817,200.918404970168,2336.34510816018,1529.20406299362,527.838366142923,2675.2508970255,8408.72564603713,5829.15127206748,10919.3778314488,30715.7724793598,5139.89268278761,59768.3578449776,39120.0834738712,13503.155951469,68438.2424411742
2018,30,Entre Ríos,Centro,Mujer,30 a 39,95330,9522,1906.64568803373,8569.8,1715.98111923036,0.102909636745722,0.0198644484108916,0.193028068498331,2,0.666666666666667,0.471404520791032,50.7150874845366,0.0643872796179425,36.1911244189408,3.55191121664857,82.3815620183436,552.102190003135,335.946763087776,765.908831509667,589.823251036778,368.846888320807,808.341908960633,37.9640453361384,3.72591127310246,86.417247475447,579.148421276759,352.40403135191,803.42896413476,618.717351344569,386.915858932977,847.940741593028
2018,30,Entre Ríos,Centro,Mujer,40 a 49,83518,9406,2786.47964244736,8465.4,2507.83167820263,0.117467321621847,0.0327672031890545,0.278947393510336,16,5.33333333333333,1.33333333333333,46.1550939869203,0.0607444624951787,246.306417532023,124.988466726823,365.514542832351,515.9188544678,218.838573832272,810.471540865933,764.017418962062,438.080228705844,1083.21489982172,294.914171234971,149.654525643362,437.647624263454,617.733727421394,262.025639780972,970.415408493897,914.793719871239,524.533907308417,1296.98376376557
2018,30,Entre Ríos,Centro,Mujer,50 a 59,68725,13292,3672.51040731797,11962.8,3305.25936658618,0.195732844661147,0.0476519442083886,0.243454001247893,33,11,1.91485421551268,41.9936509794637,0.095738854348258,462.325276518026,303.862178095467,617.295578412173,1155.36732466436,526.077738362716,1785.4832349015,1616.16769846178,965.692445208411,2270.22353641417,672.717754118627,442.142128913012,898.211099908582,1681.14561609948,765.482340287692,2598.0112548585,2351.6445230437,1405.15452194749,3303.34454189039
2018,30,Entre Ríos,Centro,Mujer,60 a 69,57413,10113,2251.20692413826,9101.7,2026.08623172443,0.172521182023239,0.0344257930171176,0.199545311557629,89,29.6666666666667,3.1446603773522,38.7722836625193,0.141268066304241,1150.99875155909,915.397869718298,1392.49013087428,1282.93641327157,724.870601125425,1843.77705529697,2436.67010131081,1834.2009035871,3043.07577767254,2004.77026380626,1594.40870485482,2425.39168981639,2234.57477099537,1262.55482403885,3211.42782174241,4244.10865363386,3194.74840817776,5300.32532296263
2018,30,Entre Ríos,Centro,Mujer,70 a 79,40017,7136,2090.67872362467,6422.4,1881.6108512622,0.20467843712155,0.0530135131675284,0.259008784281687,121,40.3333333333333,3.66666666666667,37.9917924303777,0.184921326838426,1530.06868821814,1257.27477573416,1804.15180042705,1183.9820483695,497.186651100166,1871.2860977811,2713.4919960451,1970.74374325599,3458.46416268072,3823.54671319225,3141.85165238314,4508.46340412086,2958.69767441213,1242.43859134909,4676.22784761751,6780.84812965764,4924.76633244868,8642.48734957822
2018,30,Entre Ríos,Centro,Mujer,80+,24977,3240,909.297746282993,2916,818.367971654694,0.18827479338843,0.0523491286373361,0.278046400663601,158,52.6666666666667,4.18993502999218,27.6229305313704,0.199850784311032,1456.53597904183,1228.3799951487,1682.96025365922,580.540435846909,265.988438177587,901.679854740596,2035.47640229516,1651.02848003138,2431.40845844022,5831.50890435933,4918.04458160987,6738.04001144743,2324.30009947916,1064.93349152255,3610.04065636624,8149.40305999583,6610.19529980133,9734.58965624461
2018,30,Entre Ríos,Centro,Varón,30 a 39,93537,1027,544.322477875397,924.3,489.890230087858,0.0121584825245656,0.00651762445504858,0.536055748888076,1,0.333333333333333,0.333333333333333,45.3386501397284,0.016576188398,18.1055933872886,1.40594895867739,45.9831396165315,15.5689588748692,2.15711417936911,31.2913976221839,34.2392526699634,11.1462891370251,65.418389793994,19.3566111670127,1.50309391863903,49.1603746287902,16.6447062391024,2.30616139000514,33.4534971425039,36.6050361567758,11.9164492521944,69.938516088814
2018,30,Entre Ríos,Centro,Varón,40 a 49,81478,5554,2060.59697662025,4998.6,1854.53727895823,0.0802304864934273,0.0297546654260581,0.370864826159264,14,4.66666666666667,1.24721912892465,41.0383393552881,0.0872595074687928,191.112920580781,93.6914594705346,290.634158894259,435.678244560822,127.737636343714,748.67342196915,628.752524022109,302.502062629147,955.328131750067,234.557697268933,114.989886190793,356.702617754804,534.718874494738,156.77561592542,918.86573304346,771.683796880273,371.268394694454,1172.49825934616
2018,30,Entre Ríos,Centro,Varón,50 a 59,64504,2608,1006.19157374221,2347.2,905.572416367987,0.0528720097310448,0.0213582876690436,0.403962092186232,35,11.6666666666667,1.97202659436654,37.2275117125716,0.149790434322404,435.466408587763,290.333717730965,580.264396334838,351.348426340858,94.9865702388722,620.684042619588,786.233925526124,493.218681435176,1091.47293581527,675.099852083225,450.101881636743,899.578935158809,544.692463011377,147.256868161466,962.241167399832,1218.8917362119,764.632707173471,1692.10116553279
2018,30,Entre Ríos,Centro,Varón,60 a 69,50246,8190,1923.44250058062,7371,1731.09825052256,0.172336396156274,0.0354227180456532,0.205544033853023,159,53,4.20317340430616,35.0931757395918,0.20417545409127,1858.31692310724,1573.87355481879,2142.746493659,1505.58088330809,821.945968146689,2213.00952649874,3362.47930861784,2616.57780764648,4141.86268866373,3698.43753354942,3132.33601643671,4264.51159029375,2996.41938325058,1635.84358585099,4404.34965270616,6692.03381088612,5207.53454532994,8243.16898591676
2018,30,Entre Ríos,Centro,Varón,70 a 79,29822,6878,1504.48149840044,6190.2,1354.03334856039,0.232775542435979,0.0453313776413599,0.19474287189698,161,53.6666666666667,4.22952584681651,37.5978720540069,0.2901401799049,2016.35179506028,1701.69154032944,2321.51176654832,1792.27299087096,1027.88430257703,2550.6856148294,3808.26953184987,2982.75282386061,4648.39402011455,6761.28963537078,5706.16169381477,7784.56095013186,6009.90205509677,3446.73161617943,8553.03338082421,12770.0004421228,10001.8537450896,15587.1303739338
2018,30,Entre Ríos,Centro,Varón,80+,11458,1457,860.596564321228,1311.3,774.536907889105,0.127757209664848,0.0820341285924547,0.642109582759822,91,30.3333333333333,3.17979733805649,23.5385723736154,0.481838209781249,712.75457038544,566.784427979293,864.391517397575,651.036684163318,76.2618168979622,1371.66886225895,1364.44817662479,776.118969479842,2098.84284063626,6220.58448582161,4946.62618239914,7543.99997728727,5681.93999095233,665.577036986928,11971.2765077583,11908.2577816791,6773.59896561217,18317.7067606585
2018,34,Formosa,NEA,Mujer,30 a 39,37873,2859,997.460937398936,2573.1,897.714843659043,0.0761971038526459,0.0257006413233396,0.337291577026876,4,1.33333333333333,0.666666666666667,50.7150874845366,0.0643872796179425,68.3617576448457,10.8998107130908,135.631094237539,167.348689447409,53.408608342182,278.698851393379,236.632700211608,108.889324280209,363.812639022273,180.502620982879,28.7798978509514,358.120809646817,441.868057580359,141.020273921216,735.877409746729,624.805798884716,287.511747894831,960.6121485551
2018,34,Formosa,NEA,Mujer,40 a 49,33475,2758,907.46932807345,2482.2,816.722395266105,0.117896836705614,0.0401055925263923,0.340175306200412,19,6.33333333333333,1.45296631451356,46.1550939869203,0.0607444624951787,292.54902594965,157.061742335978,422.481897360538,150.515624416075,53.4006496117225,247.660084473655,443.454123320387,277.362984031625,605.228763648837,873.932863180433,469.191164558559,1262.08184424358,449.635920585737,159.523971954362,739.835950630785,1324.73225786523,828.567540049664,1808.00228125119
2018,34,Formosa,NEA,Mujer,50 a 59,27204,5429,1445.53825639793,4886.1,1300.98443075813,0.212356034595158,0.0516825681192471,0.243376969332547,41,13.6666666666667,2.13437474581095,41.9936509794637,0.095738854348258,574.144041698052,399.761731243331,749.332203059365,465.082109574701,222.258258621241,710.908141805906,1038.79651304525,739.149343282876,1336.22257337599,2110.51331310856,1469.49614484389,2754.49273290459,1709.60928383584,817.005802901193,2613.24857302568,3818.54327689036,2717.0612530616,4911.86065790321
2018,34,Formosa,NEA,Mujer,60 a 69,20773,1259,453.884448534652,1133.1,408.496003681187,0.091748987854251,0.032100384244867,0.349871807805231,107,35.6666666666667,3.44802681092953,38.7722836625193,0.141268066304241,1382.18759839383,1123.84490911528,1642.08909546895,160.105401168422,49.299606455155,271.743679136988,1543.30579103032,1261.91622541209,1824.779745142,6653.76978960109,5410.12328077446,7904.92030746137,770.737982806635,237.325405358663,1308.15808567365,7429.38329095612,6074.7904751942,8784.38234796128
2018,34,Formosa,NEA,Mujer,70 a 79,11930,2352,731.554059588685,2116.8,658.398653629817,0.214750938419397,0.0567989693210678,0.264487642005747,107,35.6666666666667,3.44802681092953,37.9917924303777,0.184921326838426,1356.83436479131,1104.40897207373,1612.89593661562,391.134589230633,151.985666108005,629.288371473265,1747.7140687695,1399.68624189124,2098.08988106205,11373.2972740261,9257.40965694659,13519.6641795107,3278.57996002207,1273.97876033533,5274.8396602956,14649.7407273219,11732.4915498008,17586.6712578546
2018,34,Formosa,NEA,Mujer,80+,6274,1884,596.090789605742,1695.6,536.481710645168,0.46891592920354,0.103026477637023,0.219712044783837,90,30,3.16227766016838,27.6229305313704,0.199850784311032,829.485827615371,658.591309520677,995.156142628523,339.226554532264,129.822464712873,554.431479768411,1168.32230078364,896.226180376172,1444.06223605253,13221.0045842424,10497.1518890768,15861.5897773115,5406.86252043774,2069.21365497087,8836.9697125982,18621.6496777756,14284.7653869329,23016.611986811
2018,34,Formosa,NEA,Varón,30 a 39,34820,1539,941.453813566695,1385.1,847.308432210026,0.0614944059669686,0.0361186789339195,0.587349017621545,10,3.33333333333333,1.05409255338946,45.3386501397284,0.016576188398,151.50152389583,59.0624056598951,244.590296378799,24.2430534053622,2.7191563620384,51.2902687911998,176.122923421858,80.9592295185944,272.477660694822,435.099149614675,169.622072544213,702.44197696381,69.6239328126427,7.80917967271223,147.301174012636,505.809659453928,232.507838939099,782.532052541132
2018,34,Formosa,NEA,Varón,40 a 49,31324,2420,1063.06087516536,2178,956.754787648828,0.081059957571923,0.0364450511527641,0.449606097072368,30,10,1.82574185835055,41.0383393552881,0.0872595074687928,410.130040924331,262.660894252817,555.951294282123,191.851576254501,39.766700160041,352.692875926548,601.149490140135,395.977463840979,817.029497692113,1309.31567144787,838.529224405623,1774.84131746304,612.474703915531,126.952816243267,1125.95095111272,1919.13385946921,1264.13441399878,2608.31789583742
2018,34,Formosa,NEA,Varón,50 a 59,26637,5047,1107.18318597747,4542.3,996.464867379726,0.246783657502988,0.0556804021723723,0.22562434942313,68,22.6666666666667,2.74873708374511,37.2275117125716,0.149790434322404,843.719734891093,642.850823519713,1041.44184984489,678.947024485324,384.484445387045,973.804108834976,1523.41489555914,1169.06483126607,1874.09259347669,3167.47281935313,2413.37546840752,3909.75654107026,2548.88697858364,1443.42247770787,3655.83252181168,5719.16843322875,4388.8757415102,7035.6744133224
2018,34,Formosa,NEA,Varón,60 a 69,19544,3679,1173.47129021816,3311.1,1056.12416119635,0.253316502180399,0.0688344451965724,0.271732968851559,129,43,3.78593889720018,35.0931757395918,0.20417545409127,1507.20007491605,1248.9243896672,1770.99127183569,678.649061247858,256.805400578737,1103.91044250434,2186.79698983675,1690.47833271435,2683.45124257208,7711.83010088033,6390.32127336881,9061.5599254794,3472.41640016301,1313.98588098003,5648.3342330349,11189.0963458696,8649.60260291829,13730.3072174175
2018,34,Formosa,NEA,Varón,70 a 79,10288,1778,726.627609614499,1600.2,653.964848653049,0.181243628950051,0.0633725182815281,0.349653770720917,114,38,3.55902608401044,37.5978720540069,0.2901401799049,1430.47187560548,1166.00093886739,1687.36753870513,466.813907791326,115.699432573733,826.299563872376,1898.63469458878,1455.91137880099,2344.42897862317,13904.2756182492,11333.6016608417,16401.3174446455,4537.46022347712,1124.60568209305,8031.68316361174,18454.847342426,14151.5491718603,22787.9955153885
2018,34,Formosa,NEA,Varón,80+,4526,1098,581.320242188837,988.2,523.188217969954,0.283476764199656,0.137221321005035,0.484065497898757,58,19.3333333333333,2.53859103528797,23.5385723736154,0.481838209781249,454.326477341169,335.496288333812,574.092257987177,481.992788197035,74.383628586209,976.941670657303,935.443798733325,514.444381307508,1446.54510025935,10038.1457653815,7412.64446163967,12684.3185591511,10649.4208616225,1643.47389717651,21585.1009866837,20668.2235690085,11366.4246864231,31960.7843627784
2018,38,Jujuy,NOA1,Mujer,30 a 39,54002,5105,1987.75582476539,4594.5,1788.98024228885,0.10188039115684,0.0378849424080224,0.371857056866816,1,0.333333333333333,0.333333333333333,50.7150874845366,0.0643872796179425,20.272252695954,1.47375872276568,51.0394662513728,298.052165050507,80.3142372242151,521.935089907618,319.183685741175,103.109708782158,544.613975117318,37.5398183325692,2.72908174283486,94.514029575521,551.928012019012,148.724560616672,966.510666100548,591.059008446308,190.936833417573,1008.50704625258
2018,38,Jujuy,NOA1,Mujer,40 a 49,47212,3409,1185.91844522216,3068.1,1067.32660069995,0.0705504966887417,0.0243784381942149,0.345545947064964,2,0.666666666666667,0.471404520791032,46.1550939869203,0.0607444624951787,32.4129716460883,2.84205907206706,75.0916629644691,185.140650020969,63.7288557391726,311.474401954324,219.68624477374,91.9600172345326,352.884206240706,68.6540956665431,6.01978114053008,159.05206931388,392.147441372891,134.984444080261,659.735664564779,465.318657912691,194.781024388996,747.446001526532
2018,38,Jujuy,NOA1,Mujer,50 a 59,34428,4987,1583.85982175886,4488.3,1425.47383958298,0.144392613563248,0.0441277894716684,0.3056097426503,12,4,1.15470053837925,41.9936509794637,0.095738854348258,168.360136897579,74.0489788756769,262.167218266303,429.598753180489,167.54534060854,691.650404889498,597.584161419646,320.753776812184,873.338848739689,489.020962291097,215.083591482737,761.494185739234,1247.81791907892,486.654294784883,2008.9764287484,1735.7504398154,931.665437470037,2536.71095834695
2018,38,Jujuy,NOA1,Mujer,60 a 69,26764,5007,1236.44660580253,4506.3,1112.80194522228,0.206360763841187,0.0458802967020153,0.222330523729425,32,10.6666666666667,1.88561808316413,38.7722836625193,0.141268066304241,412.209931511431,270.872644021267,558.792288635175,637.847032308003,328.592726864575,942.76877849676,1051.44547312881,717.452371652457,1389.60467307106,1540.16563858702,1012.07832917825,2087.85042831855,2383.22759044987,1227.74146937893,3522.52570055582,3928.58120284266,2680.66197747891,5192.0664813595
2018,38,Jujuy,NOA1,Mujer,70 a 79,16140,1205,624.447714448189,1084.5,562.00294300337,0.100987056522954,0.0505262716578188,0.500324233594574,44,14.6666666666667,2.21108319357027,37.9917924303777,0.184921326838426,557.136389759463,393.940727101464,720.977655719038,202.241280072449,30.8367107253755,410.722322850331,761.901322515833,518.757691626663,1022.70454259345,3451.89832564723,2440.77278253695,4467.02388921337,1253.04386661988,191.057687269985,2544.74797305038,4720.5782064178,3214.11209186284,6336.45937170662
2018,38,Jujuy,NOA1,Mujer,80+,8412,592,284.757372178956,532.8,256.281634961061,0.113821832941679,0.0715156543838135,0.628312271341274,39,13,2.08166599946613,27.6229305313704,0.199850784311032,357.849613328468,245.606187510107,470.247913361197,108.026124136206,18.6521369187974,207.185297546468,466.174143781387,322.974733532892,614.288862800408,4254.0372483175,2919.71216726233,5590.20343986207,1284.19072915129,221.73248833568,2462.97310445159,5541.77536592233,3839.452372003,7302.5304660058
2018,38,Jujuy,NOA1,Varón,30 a 39,52041,2538,1470.28637426686,2284.2,1323.25773684018,0.0562043256809626,0.031430473491969,0.559218051478467,2,0.666666666666667,0.471404520791032,45.3386501397284,0.016576188398,32.1670410871905,2.85636778959367,73.3136109979542,39.0411058101887,4.69394066944,80.8960363445439,71.9967416503036,23.1623961223336,128.192424157888,61.8109588347467,5.48868736110696,140.876637647152,75.0198993297375,9.01969729528641,155.446736889268,138.34619175324,44.5079766382921,246.329671139848
2018,38,Jujuy,NOA1,Varón,40 a 49,44928,3136,1156.13852981403,2822.4,1040.52467683263,0.0837979869956355,0.0306034670835272,0.365205277366879,7,2.33333333333333,0.881917103688197,41.0383393552881,0.0872595074687928,96.4120344820981,27.1166906078203,167.133365284123,248.643180197121,76.1993945467121,423.593263499297,345.945692003238,162.314796525984,534.49330595589,214.592313216921,60.3558818728194,372.002682701484,553.425881849006,169.603353246777,942.826886349931,770.000204779286,361.277591982693,1189.6663683135
2018,38,Jujuy,NOA1,Varón,50 a 59,30901,3874,1345.26061044889,3486.6,1210.73454940401,0.110696256786361,0.0397780790534901,0.359344391655991,29,9.66666666666667,1.7950549357115,37.2275117125716,0.149790434322404,359.320351785627,230.357245010842,490.040803063755,525.369936308141,173.058597276621,877.073341436505,885.05619636143,506.1202905209,1256.49059447084,1162.81140346793,745.46857710379,1585.84124482624,1700.17130936909,560.042061022687,2838.33319774928,2864.16684366664,1637.87673706644,4066.18101184701
2018,38,Jujuy,NOA1,Varón,60 a 69,23288,3165,1151.23552506017,2848.5,1036.11197255415,0.155877202582905,0.0570202547044632,0.365802399322226,42,14,2.16024689946929,35.0931757395918,0.20417545409127,492.687523835443,344.238272954319,642.857575124463,582.434576828129,179.29115368891,989.622763941487,1073.60616549328,644.51123380073,1507.93067305588,2115.62832289352,1478.17877427997,2760.46708658736,2501.00728627675,769.886438032076,4249.49658167935,4610.12609710273,2767.56799124326,6475.14029996513
2018,38,Jujuy,NOA1,Varón,70 a 79,12892,1395,1112.88961289442,1255.5,1001.60065160498,0.077161821645873,0.0598207202667429,0.775263193516665,39,13,2.08166599946613,37.5978720540069,0.2901401799049,489.057507448297,333.822610986117,646.132150971496,406.404718677351,32.59999226093,951.728055317722,897.02305778208,483.148964383305,1468.13606678774,3793.49602426541,2589.37799399718,5011.8845095524,3152.37913960092,252.869936867282,7382.31504279959,6957.9821422749,3747.66494247056,11387.9620445838
2018,38,Jujuy,NOA1,Varón,80+,5309,744,592.713151271325,669.6,533.441836144192,0.246176470588235,0.197284156909684,0.8013932299796,19,6.33333333333333,1.45296631451356,23.5385723736154,0.481838209781249,148.758266685114,81.4532159722961,216.360905000448,346.807429676608,27.6335810530508,830.873362588878,496.164057307182,167.971893481504,988.190970715563,2802.00163279552,1534.24780509128,4075.36080241944,6532.44358027139,520.504446280858,15650.2799508171,9345.71590331856,3163.9083345546,18613.5048166427
2018,42,La Pampa,Patagonia,Mujer,30 a 39,24727,3857,1128.25981270957,3471.3,1015.43383143862,0.170772863678851,0.0460264060236521,0.269518265561252,0,0,0,50.7150874845366,0.0643872796179425,3.45401260078875e-05,1.61535951428184e-06,0.00011428217064207,223.964895553985,96.3050211440814,352.497896985966,223.96492322447,96.3050223617731,352.497921692931,0.000139685873773153,6.53277597072769e-06,0.00046217564056323,905.750376325414,389.473131168688,1425.55868882584,905.750488229343,389.47313609323,1425.55878874482
2018,42,La Pampa,Patagonia,Mujer,40 a 49,22103,617,387.895396485108,555.3,349.105856836597,0.0409301982752266,0.0274194953325712,0.669908685714016,3,1,0.577350269189626,46.1550939869203,0.0607444624951787,47.2120903274675,5.98915699010961,99.0411730286685,34.9307885360405,3.49313701782224,75.0666999711746,83.1335772767039,28.8794301848902,147.894590541932,213.600372471916,27.0965796050745,448.08927760335,158.03641377207,15.8039045279928,339.622223097202,376.118976051685,130.658418245895,669.115461891742
2018,42,La Pampa,Patagonia,Mujer,50 a 59,18601,668,280.690780193889,601.2,252.6217021745,0.0460019894406611,0.0211804305768682,0.460424230221374,3,1,0.577350269189626,41.9936509794637,0.095738854348258,42.9435959191035,5.32152631013261,90.0774425590922,57.7194083510762,13.1151555448317,104.33305698531,101.240927678459,42.2948711841007,168.475686873928,230.86713574057,28.6088183975733,484.26129003329,310.302716795206,70.507798208869,560.900257971666,544.276800593835,227.379555852377,905.734567356207
2018,42,La Pampa,Patagonia,Mujer,60 a 69,15085,3324,958.273961665446,2991.6,862.446565498901,0.290813648293963,0.0760199702429088,0.261404410311807,12,4,1.15470053837925,38.7722836625193,0.141268066304241,155.805626284348,68.0561712956179,242.085834539473,422.5537646989,186.155401401488,662.023532493123,576.744153053403,323.279657947228,835.382233883635,1032.85135090718,451.151284690871,1604.81163102071,2801.15190387073,1234.04309845203,4388.62136223483,3823.29567817967,2143.05374840721,5537.83383416397
2018,42,La Pampa,Patagonia,Mujer,70 a 79,10870,1141,526.054885674501,1026.9,473.449397107051,0.134604797483287,0.0600818929246648,0.446357737970851,27,9,1.73205080756888,37.9917924303777,0.184921326838426,341.739381561693,213.669556878685,470.100133048302,192.941213980642,33.2784355818238,365.965186394079,535.336921896101,334.623033930615,745.822675932605,3143.87655530536,1965.68129603206,4324.74823411501,1774.98816909514,306.149361378324,3366.74504502373,4924.90268533672,3078.40877581062,6861.29416681329
2018,42,La Pampa,Patagonia,Mujer,80+,6843,407,183.92033898768,366.3,165.528305088912,0.159468872442316,0.0971854070007058,0.609431831505928,38,12.6666666666667,2.05480466765633,27.6229305313704,0.199850784311032,349.098236848353,240.573335359385,460.738062649548,73.8675617270887,14.7162455960959,136.900262875591,423.566315615351,302.392160386377,553.833160156284,5101.53787590755,3515.61209059454,6732.98352549391,1079.46166487051,215.055466843429,2000.58838047042,6189.77518070073,4418.99985951157,8093.42627730942
2018,42,La Pampa,Patagonia,Varón,30 a 39,24573,2603,993.718312337162,2342.7,894.346481103446,0.142145500879801,0.0565735816223571,0.397997694420142,2,0.666666666666667,0.471404520791032,45.3386501397284,0.016576188398,32.7650999947671,2.88553007054459,72.6047776600661,38.9460122709668,11.1227699615042,67.7360723004505,71.8630896376213,30.005644803202,121.826652561146,133.337809769939,11.7426853479208,295.465664184536,158.49107667345,45.2641922496406,275.652432753227,292.447359449889,122.108187047581,495.774437639466
2018,42,La Pampa,Patagonia,Varón,40 a 49,21707,2922,1021.28563103419,2629.8,919.157067930775,0.18328686925007,0.0537054162740223,0.293012895543263,2,0.666666666666667,0.471404520791032,41.0383393552881,0.0872595074687928,29.3579205466954,2.47337803343674,66.2540229912399,229.209001622396,74.021499118323,386.270038932209,259.673860807082,100.474995122074,419.77593741898,135.246328588452,11.3943798472232,305.219620358593,1055.9220602681,341.002898227867,1779.47223905749,1196.2678435854,462.869098088514,1933.82750918589
2018,42,La Pampa,Patagonia,Varón,50 a 59,18149,938,327.381195122869,844.2,294.643075610583,0.090067214339059,0.0336740599122831,0.373877000186957,8,2.66666666666667,0.942809041582063,37.2275117125716,0.149790434322404,99.2645791068974,30.7239508699163,168.095178863916,126.550648828243,41.6503546088453,212.211178858363,225.74853388963,115.898063462397,334.621416095168,546.942416149085,169.287293349035,926.19526620704,697.287171900616,229.491181932037,1169.27201971659,1243.862107497,638.59200761693,1843.74574960145
2018,42,La Pampa,Patagonia,Varón,60 a 69,14468,2176,769.752417724512,1958.4,692.777175952061,0.206691292875989,0.0732025188548157,0.35416353459425,18,6,1.4142135623731,35.0931757395918,0.20417545409127,210.388976830686,111.312165511233,308.996791499462,397.441951401234,121.686510436317,674.907734929849,608.611791549297,315.580588916309,903.977515605424,1454.16765849244,769.368022610125,2135.72568080911,2747.04141139919,841.073475506751,4664.83090219691,4206.60624515688,2181.23160710747,6248.11664090008
2018,42,La Pampa,Patagonia,Varón,70 a 79,8969,2215,881.71072654651,1993.5,793.539653891859,0.280025284450063,0.0963591547506402,0.344108764820571,33,11,1.91485421551268,37.5978720540069,0.2901401799049,413.903184294144,274.37069157807,557.658919151896,577.680855141631,142.647797993701,1026.54933382079,990.799066572932,532.784330999429,1460.94086771986,4614.81976022014,3059.10014023938,6217.62648179169,6440.86135736014,1590.45376289108,11445.5271916689,11046.9290508745,5940.286888164,16288.7821130545
2018,42,La Pampa,Patagonia,Varón,80+,3858,575,348.442541428039,517.5,313.598287285235,0.304411764705882,0.151351944225057,0.497194792623375,30,10,1.82574185835055,23.5385723736154,0.481838209781249,235.024218791336,150.67007866108,318.124871992333,257.402755252988,28.6954199404855,550.956033273344,491.982311787049,247.366092552958,795.477826192666,6091.86673901855,3905.39343341316,8245.84945547778,6671.922116459,743.790045113673,14280.8717800245,12752.2631360044,6411.77015430167,20618.9172159841
2018,46,La Rioja,Cuyo,Mujer,30 a 39,28823,1951,776.615900647458,1755.9,698.954310582712,0.0851015363737702,0.0337243181625184,0.396283305796026,1,0.333333333333333,0.333333333333333,50.7150874845366,0.0643872796179425,20.6217870647783,1.3315138821132,51.9073418315998,113.589187228803,29.5297598076931,201.928593091118,135.124761848807,48.1155036733862,226.782380636448,71.5462896463877,4.61962280856675,180.090003926031,394.092173711281,102.452068860608,700.581456097972,468.808804943298,166.934405417154,786.810466073787
2018,46,La Rioja,Cuyo,Mujer,40 a 49,23415,3868,1095.15062000726,3481.2,985.63555800653,0.149266786724981,0.0459871422065469,0.308086904096601,4,1.33333333333333,0.666666666666667,46.1550939869203,0.0607444624951787,62.4314054103409,10.0078027268151,122.879048440852,211.311675067624,94.7637782955488,328.069513333333,275.338025118531,147.702420462315,405.963937302155,266.629961180188,42.740989651143,524.787736241094,902.462844619364,404.71397948131,1401.10832087693,1175.90444210348,630.8025644344,1733.77722529214
2018,46,La Rioja,Cuyo,Mujer,50 a 59,17443,4855,1232.97358118943,4369.5,1109.67622307049,0.243250013917497,0.0560288299689912,0.230334334073233,16,5.33333333333333,1.33333333333333,41.9936509794637,0.095738854348258,225.184979705748,116.004388102555,334.031455744529,417.894160289997,204.431604186758,628.244768109824,642.639860184427,402.102094716591,878.679839694441,1290.97620653413,665.048375294132,1914.98856701559,2395.76999535629,1171.99796013735,3601.70135934085,3684.22782883923,2305.23473437247,5037.43530180841
2018,46,La Rioja,Cuyo,Mujer,60 a 69,13281,1963,728.164987506108,1766.7,655.348488755497,0.194527637084343,0.0647531086243785,0.332873567966607,23,7.66666666666667,1.59861050777091,38.7722836625193,0.141268066304241,297.424552647099,177.537989349556,416.756546130075,248.764271402711,71.33369709664,432.442916424519,547.239103114478,331.133811458388,764.459230638575,2239.47408061968,1336.78178864209,3137.99070951039,1873.08388978775,537.110888462013,3256.10207382365,4120.46610281212,2493.28974819959,5756.03667373372
2018,46,La Rioja,Cuyo,Mujer,70 a 79,7771,1674,797.624800175398,1506.6,717.862320157858,0.241481006571566,0.111643205990616,0.462327069013311,35,11.6666666666667,1.97202659436654,37.9917924303777,0.184921326838426,443.491727147196,293.99403213985,588.914181114904,284.809142374476,48.4204900278508,538.318682082678,725.046046893336,455.247395296444,1025.26248895532,5707.0097432402,3783.22007643611,7578.35775466355,3665.02563858545,623.092137792443,6927.2768251535,9330.15116321369,5858.28587435908,13193.443430129
2018,46,La Rioja,Cuyo,Mujer,80+,4596,628,433.194499421272,565.2,389.875049479145,0.206051768137076,0.117627954788206,0.57086602969577,35,11.6666666666667,1.97202659436654,27.6229305313704,0.199850784311032,323.100943611991,216.015508429093,429.409508580891,121.730436401249,11.4153422362862,267.492750144673,445.606783574394,288.356206379536,625.939531212404,7030.04664081792,4700.0763365773,9343.11376372697,2648.61698000977,248.375592608491,5820.12076032797,9695.53489065261,6274.06889424579,13619.223916719
2018,46,La Rioja,Cuyo,Varón,30 a 39,28443,3177,1333.52724516233,2859.3,1200.1745206461,0.111652153539771,0.0444286207179678,0.397919962216779,2,0.666666666666667,0.471404520791032,45.3386501397284,0.016576188398,32.875532693343,3.09177230508977,72.4763571859238,47.5454280414499,10.9049782141875,85.6794217405523,81.0043947811069,31.8452095921029,134.725363967132,115.583914120673,10.870064005519,254.812632935779,167.160384071476,38.33976097524,301.23201399484,284.795537675726,111.961500517185,473.667911145562
2018,46,La Rioja,Cuyo,Varón,40 a 49,23004,570,362.222250748732,513,326.000025673859,0.0343810736545808,0.0219278982965816,0.63778980601032,11,3.66666666666667,1.10554159678513,41.0383393552881,0.0872595074687928,151.255758115964,61.3913535944312,240.257253990253,46.939920402067,5.09191580503008,101.399874641748,198.588926639378,97.3112946961453,301.805672871642,657.519379742498,266.872516059951,1044.41511906735,204.051123291893,22.1349148192926,440.792360640531,863.279980174657,423.019017110699,1311.97040893602
2018,46,La Rioja,Cuyo,Varón,50 a 59,17131,2369,987.742205684038,2132.1,888.967985115634,0.195587560774241,0.0882015323160938,0.450956758021546,34,11.3333333333333,1.9436506316151,37.2275117125716,0.149790434322404,420.959497622303,280.134454272882,561.855886914034,321.862011413587,76.052118153717,577.252772160437,744.248482507864,461.350524957899,1029.4225026544,2457.29669968071,1635.24869694053,3279.76117514468,1878.82792255903,443.944417452087,3369.63850423464,4344.45439558615,2693.07410517716,6009.12090744499
2018,46,La Rioja,Cuyo,Varón,60 a 69,12712,5396,1654.35099952336,4856.4,1488.91589957103,0.39066849006516,0.0969614490367775,0.248193676998637,46,15.3333333333333,2.26077666104176,35.0931757395918,0.20417545409127,538.804125269193,379.884336528651,694.038355460102,986.613198598647,405.460570331394,1585.47721768747,1526.91753073186,906.55221476166,2146.17245922782,4238.54724094708,2988.39157118196,5459.71015937777,7761.27437538269,3189.58913098957,12472.2877414055,12011.6231177774,7131.46802046617,16883.0432601307
2018,46,La Rioja,Cuyo,Varón,70 a 79,6541,1551,709.800516476245,1395.9,638.820464828621,0.409234828496042,0.152458316938071,0.372544823465692,43,14.3333333333333,2.185812841434,37.5978720540069,0.2901401799049,537.822916217018,373.708627785488,701.702797991218,405.044080810898,82.3018350223223,778.538950326161,943.822762229386,578.318703227992,1346.81347772855,8222.33475335603,5713.32560442574,10727.7602505919,6192.38772069864,1258.24545210705,11902.4453497349,14429.3343866287,8841.4417249349,20590.3298842463
2018,46,La Rioja,Cuyo,Varón,80+,2505,0,0,0,0,0,0,,23,7.66666666666667,1.59861050777091,23.5385723736154,0.481838209781249,180.123745378389,108.284729446763,254.899648790698,3.25391565008305e-07,1.51129296373677e-08,1.07455272909146e-06,180.123745767651,108.284729999195,254.899649099669,7190.56867778001,4322.74369048952,10175.6346822634,1.29896832338645e-05,6.03310564365976e-07,4.28963165305971e-05,7190.56869331942,4322.74371254271,10175.6346945976
2018,50,Mendoza,Cuyo,Mujer,30 a 39,139164,22381,8616.72069805185,20142.9,7755.04862824666,0.148740612746727,0.0589220180457788,0.39613940643172,4,1.33333333333333,0.666666666666667,50.7150874845366,0.0643872796179425,68.3576258137048,10.8370287244737,134.129650696894,1312.24294597653,370.040223503239,2277.90291325305,1382.65930720577,447.741811407293,2343.08043555926,49.120193306965,7.78723572509678,96.3824341761476,942.947131425173,265.902261722313,1636.84782936179,993.546683916649,321.736807944075,1683.68287456473
2018,50,Mendoza,Cuyo,Mujer,40 a 49,118693,16147,5612.61374648629,14532.3,5051.35237183766,0.159644728602973,0.0531290936116087,0.332795790230805,12,4,1.15470053837925,46.1550939869203,0.0607444624951787,183.485815697277,80.6306449641209,289.506735007674,891.540222200686,306.860911991805,1490.26808129635,1074.45154418549,485.707395700358,1682.95201357195,154.588573628838,67.9320979030953,243.912223136726,751.131256435246,258.533285022541,1255.56526610361,905.235813557233,409.213176598753,1417.90334187522
2018,50,Mendoza,Cuyo,Mujer,50 a 59,93851,9980,4021.23124837502,8982,3619.10812353752,0.12799612392054,0.0464140345110905,0.362620625448816,50,16.6666666666667,2.35702260395516,41.9936509794637,0.095738854348258,698.889979706015,502.578457362868,895.510615793739,868.278474629195,221.692676975949,1544.82873642099,1566.5809849141,884.57672862417,2268.60918927632,744.680376027975,535.506768561729,954.183349984272,925.166993030649,236.217703568368,1646.04398080041,1669.22140937667,942.533088218741,2417.24562261065
2018,50,Mendoza,Cuyo,Mujer,60 a 69,82836,8024,1900.35338835824,7221.6,1710.31804952242,0.125623630101242,0.0306884912813676,0.244289161654024,152,50.6666666666667,4.10960933531265,38.7722836625193,0.141268066304241,1966.44153349897,1653.1579751216,2274.99118286612,1018.93138093028,550.931707206272,1486.74143922836,2985.47792902836,2425.63109511758,3550.72455137886,2373.89725904072,1995.69990719204,2746.37981417031,1230.05864712236,665.087289591811,1794.80110003906,3604.08268026988,2928.23300873724,4286.45100122998
2018,50,Mendoza,Cuyo,Mujer,70 a 79,57128,7525,2224.69887336883,6772.5,2002.22898603194,0.155119102153,0.0411462620838197,0.265255932459146,223,74.3333333333333,4.97772817435603,37.9917924303777,0.184921326838426,2825.01183380072,2453.09370144632,3194.37443376294,1253.84907640341,529.324038045265,1978.6543654494,4080.06491892644,3276.63799544944,4874.46708872154,4945.05642382146,4294.03042544168,5591.60907744528,2194.80653340466,926.557971651842,3463.54566140841,7141.9705204566,5735.60775005154,8532.53586458749
2018,50,Mendoza,Cuyo,Mujer,80+,33473,2184,1542.12890044131,1965.6,1387.91601039718,0.0827969671440607,0.0579425568728617,0.699814967522251,338,112.666666666667,6.12825877028341,27.6229305313704,0.199850784311032,3112.09143902683,2779.40536322205,3436.90765360856,419.154394553118,40.7679502206501,941.233017290851,3533.83302465076,3013.9880632517,4147.19350171536,9297.31855234616,8303.42474000552,10267.7012924105,1252.21639695611,121.79353574717,2811.91711914334,10557.2641372174,9004.23643907537,12389.6677970763
2018,50,Mendoza,Cuyo,Varón,30 a 39,138931,2851,2546.89764152191,2565.9,2292.20787736972,0.0270693111087668,0.0248770490512873,0.919013008913645,7,2.33333333333333,0.881917103688197,45.3386501397284,0.016576188398,106.94520768234,31.3149575478846,182.926699938202,47.8242580066616,3.25195109174543,119.959374082335,156.678683761127,67.453366278852,260.666270344483,76.9772100412004,22.5399353260861,131.667302429409,34.4230287024938,2.34069508730624,86.3445696657585,112.774459092015,48.551702844471,187.622827406758
2018,50,Mendoza,Cuyo,Varón,40 a 49,113304,7425,3119.64792778001,6682.5,2807.68313500201,0.0646289096500899,0.027729936042863,0.429063962133924,30,10,1.82574185835055,41.0383393552881,0.0872595074687928,408.746796276821,265.029681690198,554.959761121104,582.739812320207,128.465593067208,1070.17558346962,989.804213410016,518.668624706751,1505.47519108269,360.752309077192,233.910260617628,489.797148486465,514.315304243634,113.381339641326,944.517036882743,873.582762665057,457.767267445766,1328.70436267271
2018,50,Mendoza,Cuyo,Varón,50 a 59,85866,12045,4086.41113904425,10840.5,3677.77002513982,0.134405802492096,0.043424511548966,0.323085095611997,59,19.6666666666667,2.5603819159562,37.2275117125716,0.149790434322404,733.301912809609,540.392383999301,919.482233653304,1624.98298039643,580.831490258449,2701.1342828353,2358.049664278,1306.11016029371,3452.30245732226,854.007305347412,629.343842730884,1070.83389659854,1892.46381617454,676.439440824598,3145.75534301738,2746.19717266205,1521.10283499139,4020.56979167803
2018,50,Mendoza,Cuyo,Varón,60 a 69,70596,22406,5567.42195104738,20165.4,5010.67975594264,0.34578939245846,0.0767791873680424,0.222040320040373,195,65,4.65474668125631,35.0931757395918,0.20417545409127,2282.25603376096,1960.633932383,2595.94457543892,4107.30134296462,2100.68621828576,6112.48250553633,6390.18417318954,4352.92275355712,8424.96796369852,3232.84043538014,2777.25923902629,3677.18365833605,5818.03691847218,2975.64482164111,8658.3977924193,9051.76521784455,6165.96231168497,11934.0585354673
2018,50,Mendoza,Cuyo,Varón,70 a 79,43168,12810,4701.72730277293,11529,4231.55457249564,0.247074707470747,0.0782788031586672,0.316822405498285,264,88,5.41602560309064,37.5978720540069,0.2901401799049,3309.73307645223,2911.14004118102,3710.30949437485,3367.48723879645,1004.04948844347,5753.48083294639,6668.45633556151,4242.97723956649,9110.06086393949,7667.09849066954,6743.74546233556,8595.04608593135,7800.88778446175,2325.91152808439,13328.1153468921,15447.684246575,9828.98730440718,21103.7362489332
2018,50,Mendoza,Cuyo,Varón,80+,18606,2305,1001.62024368074,2074.5,901.458219312663,0.131563926940639,0.0713309701743995,0.542177265707366,238,79.3333333333333,5.14241620684717,23.5385723736154,0.481838209781249,1867.03518360794,1631.23643600796,2103.65893222109,1004.67227343393,219.952610375602,1853.01465222533,2876.62228277904,2051.58253089965,3747.30211938194,10034.5866043639,8767.26021717704,11306.3470505272,5399.7219898631,1182.15957419973,9959.23171141208,15460.7238674569,11026.4566854759,20140.2887207457
2018,54,Misiones,NEA,Mujer,30 a 39,82260,6554,2059.73348068202,5898.6,1853.76013261381,0.0887741741289789,0.0228786155490832,0.257717019319641,7,2.33333333333333,0.881917103688197,50.7150874845366,0.0643872796179425,118.09155359774,33.4838190967485,205.807324381591,379.265535052477,146.581145334803,616.351453272961,497.955761680343,248.898517001065,745.051117081414,143.55890298777,40.7048615326386,250.191252591285,461.057056956573,178.192493720889,749.272372079942,605.343741405717,302.575391443064,905.727105618057
2018,54,Misiones,NEA,Mujer,40 a 49,67925,10062,3975.30965566458,9055.8,3577.77869009813,0.166798054962057,0.0596735910377759,0.357759513750627,13,4.33333333333333,1.20185042515466,46.1550939869203,0.0607444624951787,199.905451460953,91.9499652129046,307.446746771383,552.774418133865,147.257249963231,979.837038199376,754.50132410773,329.426296584934,1189.64020403167,294.303204211929,135.369842050651,452.626789505164,813.801130855893,216.793890266074,1442.52784423905,1110.7859022565,484.985346462914,1751.40258230647
2018,54,Misiones,NEA,Mujer,50 a 59,53971,14074,3113.62362011345,12666.6,2802.26125810211,0.28422115514069,0.0533716065884503,0.187781963527772,56,18.6666666666667,2.49443825784929,41.9936509794637,0.095738854348258,785.450804847477,580.523811384649,986.53864799007,1216.46892765929,675.572754987406,1747.83894532234,2004.16475953952,1421.94389761544,2574.59439819532,1455.32008828348,1075.62174387106,1827.90507492926,2253.93068066051,1251.73288430343,3238.47797024761,3713.4104603204,2634.64434161945,4770.32924755021
2018,54,Misiones,NEA,Mujer,60 a 69,38817,6194,1452.38263330276,5574.6,1307.14436997248,0.175301886792453,0.0374395440082356,0.213571825684693,130,43.3333333333333,3.80058475033046,38.7722836625193,0.141268066304241,1678.51745573475,1387.56764224799,1972.88371476088,791.723465114892,425.674560404993,1148.92099030533,2474.84064137014,2007.74979010157,2924.63059754059,4324.18130132352,3574.63905569206,5082.52496267325,2039.63074198133,1096.61890513175,2959.83973595418,6375.66180119571,5172.34662673975,7534.40656810313
2018,54,Misiones,NEA,Mujer,70 a 79,21749,2292,899.982726621538,2062.8,809.984453959384,0.1181578645893,0.0454938553353339,0.385026045396674,150,50,4.08248290463863,37.9917924303777,0.184921326838426,1899.22696393433,1600.11734229008,2200.48605974856,384.007336633761,97.6993101806811,677.438048665766,2281.84646357511,1869.79619070591,2706.97723421316,8732.47948841019,7357.19960591327,10117.6424651642,1765.63215151851,449.212884181715,3114.800904252,10491.7304868045,8597.15936689459,12446.444591536
2018,54,Misiones,NEA,Mujer,80+,11974,3237,2101.32287017232,2913.3,1891.19058315509,0.282405971306708,0.14539288944776,0.514836456095523,141,47,3.95811402901264,27.6229305313704,0.199850784311032,1298.8241796002,1084.04349433712,1513.81382436297,609.826214512677,62.8487583047351,1348.66963359675,1906.70805057102,1316.36782262783,2657.54632190599,10847.0367429448,9053.31129394624,12642.5073021795,5092.91978046331,524.876885792008,11263.3174678198,15923.735180984,10993.5512162003,22194.3070144145
2018,54,Misiones,NEA,Varón,30 a 39,78772,3182,1490.93647301215,2863.8,1341.84282571093,0.0515646944434441,0.023238267979305,0.450662381114128,4,1.33333333333333,0.666666666666667,45.3386501397284,0.016576188398,61.0841863630646,9.47083286624281,119.9166762305,47.8400160251661,8.95474921162972,90.9164945160633,109.244914460155,43.0772078656838,183.131098493257,77.545557257737,12.0230956002676,152.232615942847,60.7322602259256,11.3679343061363,115.417273290082,138.684957167718,54.6859389956886,232.482479171859
2018,54,Misiones,NEA,Varón,40 a 49,65333,6985,2245.21347482344,6286.5,2020.69212734109,0.139418065689384,0.046288064564314,0.332009086020756,26,8.66666666666667,1.6996731711976,41.0383393552881,0.0872595074687928,354.27547064021,216.115946539815,492.750456556931,550.435155219301,199.631443483446,887.680936229264,905.250527314085,527.903064357717,1271.99679100158,542.261140067362,330.791401802788,754.213730514336,842.507087106517,305.559890841452,1358.70224270929,1385.59461116753,808.019016971082,1946.94379716465
2018,54,Misiones,NEA,Varón,50 a 59,52886,4446,2024.91195011877,4001.4,1822.42075510689,0.11773671511799,0.0542025201283975,0.460370582567031,88,29.3333333333333,3.12694383988229,37.2275117125716,0.149790434322404,1092.27357775467,866.773985107286,1315.19088043585,599.537445332373,112.284711598378,1129.41287488746,1692.09739353704,1157.62794593343,2265.66073681489,2065.33596368543,1638.947897567,2486.84128207058,1133.64112493358,212.314623148617,2135.56115964048,3199.51857492917,2188.91189716263,4284.04632003723
2018,54,Misiones,NEA,Varón,60 a 69,37824,7182,1724.95758111349,6463.8,1552.46182300214,0.183771643021636,0.0468951129184894,0.255181442291226,175,58.3333333333333,4.40958551844098,35.0931757395918,0.20417545409127,2046.72158209578,1747.42702801094,2353.83166599041,1317.27399689215,709.49765583522,1954.37091299765,3365.69500775254,2682.74851148162,4070.64829589691,5411.17169547319,4619.88956221168,6223.11671423014,3482.64064322162,1875.78694964895,5167.0127775953,8898.30532929501,7092.71497324878,10762.077770455
2018,54,Misiones,NEA,Varón,70 a 79,18568,2614,1737.52325598163,2352.6,1563.77093038347,0.194349442379182,0.113518902060797,0.584096875561485,143,47.6666666666667,3.98608691436713,37.5978720540069,0.2901401799049,1790.42086204218,1497.80976273449,2082.51457958717,719.257454705813,76.3338012011061,1592.21095935007,2513.76192802765,1798.37700479474,3438.35331555279,9642.50787398848,8066.61871356361,11215.6106181989,3873.63988962631,411.104056447146,8575.0267091236,13538.1404999335,9685.35655318149,18517.6287998319
2018,54,Misiones,NEA,Varón,80+,7350,0,0,0,0,0,0,,97,32.3333333333333,3.2829526005987,23.5385723736154,0.481838209781249,759.685355514806,608.943087292426,911.887214972283,3.2685916693185e-07,1.64433844788697e-08,1.09432370048478e-06,759.685355663161,608.943087381329,911.88721524882,10335.8551770722,8284.93996316226,12406.6287751331,4.44706349567142e-06,2.23719516719315e-07,1.48887578297248e-05,10335.8551790906,8284.93996437183,12406.6287788955
2018,58,Neuquén,Patagonia,Mujer,30 a 39,48868,7529,1884.15242471558,6776.1,1695.73718224402,0.144510556621881,0.0381077406577258,0.263702123557911,1,0.333333333333333,0.333333333333333,50.7150874845366,0.0643872796179425,20.145137113777,1.48836673772041,51.7698658974161,437.648383733499,225.046492105634,649.707118244049,459.002684597678,246.940081789228,672.503068225774,41.2235759879206,3.04568784832694,105.938172009119,895.572529535687,460.519137483905,1329.51444348868,939.270452233931,505.320622471204,1376.16245441961
2018,58,Neuquén,Patagonia,Mujer,40 a 49,43005,6412,1771.72169637912,5770.8,1594.54952674121,0.160701754385965,0.0432543473901837,0.269159148607038,7,2.33333333333333,0.881917103688197,46.1550939869203,0.0607444624951787,106.653581444018,28.4416899127223,189.08642165552,350.535444632404,161.340496028191,543.806640343365,458.375306440003,252.304272009884,666.732034991006,248.002747224782,66.1357747069463,439.684738182816,815.103928920833,375.166831829301,1264.51956829058,1065.86514693641,586.685901662327,1550.35934191607
2018,58,Neuquén,Patagonia,Mujer,50 a 59,32778,3708,1159.23116514707,3337.2,1043.30804863237,0.138260761486514,0.0435619918124665,0.315071256255994,26,8.66666666666667,1.6996731711976,41.9936509794637,0.095738854348258,363.528121988086,223.366933081418,505.465593314292,319.662043715328,126.723555049917,515.9465017768,682.780039560702,443.588562390851,925.440690277941,1109.06132768346,681.453819883514,1542.08796544723,975.23352161611,386.611614649818,1574.06340160107,2083.04362548265,1353.31186280692,2823.3592357006
2018,58,Neuquén,Patagonia,Mujer,60 a 69,23529,8299,2356.04506053364,7469.1,2120.44055448027,0.282995491228735,0.0599812875062354,0.21195138921049,61,20.3333333333333,2.60341655863555,38.7722836625193,0.141268066304241,789.087711080258,594.580792093823,989.656353688573,1051.55695409455,464.553357747938,1634.29235245672,1842.98846153452,1222.87306336664,2451.66036598696,3353.68146151667,2527.01258911906,4206.11311015586,4469.19526581901,1974.38632218937,6945.86405056195,7832.83803618736,5197.30147208397,10419.7389008754
2018,58,Neuquén,Patagonia,Mujer,70 a 79,13144,2130,1002.50717135,1917,902.256454214998,0.143284251438822,0.0628745646494336,0.438810015881467,95,31.6666666666667,3.24893144826965,37.9917924303777,0.184921326838426,1202.90785410312,962.968095367525,1447.39070538372,358.417527441415,62.7800406007617,682.02122387428,1563.17510069519,1187.71339869507,1960.27579453207,9151.76395391908,7326.29409135366,11011.7978194136,2726.85276507467,477.632688685041,5188.84071724194,11892.6894453377,9036.16401928693,14913.8450588258
2018,58,Neuquén,Patagonia,Mujer,80+,6901,2563,1090.260457309,2306.7,981.234411578096,0.51033185840708,0.112938831456716,0.221304685561345,132,44,3.82970843102535,27.6229305313704,0.199850784311032,1218.80074659111,1014.18034781299,1425.00256998424,459.572538571961,99.7180771944454,836.966282227404,1677.66965711529,1262.94996337925,2116.63646816971,17661.2193390974,14696.1360355454,20649.2185188269,6659.5064276476,1444.98010715035,12128.1884107724,24310.5297364917,18300.9703431277,30671.4457059805
2018,58,Neuquén,Patagonia,Varón,30 a 39,48132,1409,660.54306051314,1268.1,594.488754461826,0.0294250046408019,0.0140073674023611,0.476036200277702,2,0.666666666666667,0.471404520791032,45.3386501397284,0.016576188398,32.3902711548265,3.13935139387599,72.99644663975,21.1130169846753,3.90378966575034,40.2596081530306,53.9052678504486,18.6654848293759,97.5364151065973,67.2946712266819,6.52237886203771,151.6588686108,43.8648237859954,8.1105910116977,83.6441622060803,111.994656050961,38.7797823264688,202.643594919383
2018,58,Neuquén,Patagonia,Varón,40 a 49,41372,2606,1080.62951423207,2345.4,972.566562808864,0.0667235640522318,0.0263788622711969,0.39534552216886,7,2.33333333333333,0.881917103688197,41.0383393552881,0.0872595074687928,95.6105080597822,27.5909546090807,168.086376335253,204.14559639739,45.1151920038326,369.566136480956,301.820364035395,128.779279606881,478.88051532049,231.099555399261,66.6899221915321,406.280519035224,493.439032189379,109.047645760013,893.275975251273,729.528096382567,311.271583696416,1157.49907019359
2018,58,Neuquén,Patagonia,Varón,50 a 59,30577,2868,937.102139751432,2581.2,843.391925776289,0.115319662243667,0.0357990975436135,0.310433596900163,32,10.6666666666667,1.88561808316413,37.2275117125716,0.149790434322404,396.795299270358,260.123781803968,534.145233223743,385.526131524324,142.776251748776,635.3369082749,784.559976070866,504.722192933282,1071.55378617104,1297.69205373437,850.717146233993,1746.88567623947,1260.83700665312,466.940025995931,2077.8261708961,2565.85007054605,1650.65962302803,3504.44381780763
2018,58,Neuquén,Patagonia,Varón,60 a 69,21678,5294,1655.37756187132,4764.6,1489.83980568419,0.234489886313303,0.0604299497593822,0.257708128523042,91,30.3333333333333,3.17979733805649,35.0931757395918,0.20417545409127,1065.86468905587,845.953519055843,1286.16594608293,969.725658491048,384.253120782275,1563.97318823387,2034.82316195417,1410.28557867465,2665.88984264315,4916.8036214405,3902.35962291652,5933.04708037149,4473.31699645285,1772.54876271923,7214.56401989976,9386.5816124835,6505.60742999653,12297.6743363924
2018,58,Neuquén,Patagonia,Varón,70 a 79,10855,3052,1555.17148532426,2746.8,1399.65433679184,0.297820665726987,0.144186623768353,0.484139082210397,133,44.3333333333333,3.84418753155693,37.5978720540069,0.2901401799049,1668.2320926323,1385.37566128574,1947.44863640724,806.198049525558,131.820886079566,1594.6410310256,2472.07554815202,1747.92723309037,3303.21205578424,15368.3288128263,12762.5579114302,17940.5678158198,7426.97420106456,1214.37942035529,14690.382598117,22773.6116826534,16102.5079050241,30430.3275521349
2018,58,Neuquén,Patagonia,Varón,80+,3952,0,0,0,0,0,0,,106,35.3333333333333,3.43187671366233,23.5385723736154,0.481838209781249,831.812654362299,675.547659887458,989.164989638486,3.19997463011511e-07,1.46816009291828e-08,1.07851052468226e-06,831.812654392257,675.547660241969,989.164989895836,21047.8910516776,17093.8173048446,25029.4784827552,8.09710179684998e-06,3.71497999220213e-07,2.72902460698953e-05,21047.8910524356,17093.817313815,25029.4784892671
2018,62,Río Negro,Patagonia,Mujer,30 a 39,53887,4443,1252.91885146327,3998.7,1127.62696631694,0.084467680608365,0.0247703806802805,0.293252762498932,0,0,0,50.7150874845366,0.0643872796179425,3.3465585239218e-05,1.436938285066e-06,0.000114662475383655,257.897675122251,115.74317286204,399.340540633181,257.897759119513,115.743239881745,399.340604898184,6.21032628263181e-05,2.66657688322973e-06,0.000212783185895773,478.589780693397,214.788674192365,741.070277865127,478.58993657007,214.788798563187,741.070397123953
2018,62,Río Negro,Patagonia,Mujer,40 a 49,47056,6004,1433.48001216374,5403.6,1290.13201094736,0.127092692334831,0.0323325084954434,0.254401003719884,5,1.66666666666667,0.74535599249993,46.1550939869203,0.0607444624951787,77.6832390701001,15.6502894178503,145.279213445614,327.079109008201,173.486638633121,480.793051701964,406.342289014239,235.879823079011,571.760336711593,165.086788231257,33.2588605445645,308.736852783097,695.08481173113,368.681227969061,1021.74653965905,863.529175905813,501.274700524929,1215.0636193293
2018,62,Río Negro,Patagonia,Mujer,50 a 59,36850,7785,2794.07212367378,7006.5,2514.6649113064,0.224337218237705,0.0691393650445813,0.308193912662865,7,2.33333333333333,0.881917103688197,41.9936509794637,0.095738854348258,97.872420250058,26.2806198382278,172.926618833682,674.708323890463,212.338873728843,1150.38698885951,775.123374640128,307.73961977096,1254.71436547414,265.59679850762,71.317828597633,469.271692900088,1830.95881652771,576.224894786549,3121.81001047356,2103.45556211704,835.114300599619,3404.92365121882
2018,62,Río Negro,Patagonia,Mujer,60 a 69,28578,5196,1142.66869575705,4676.4,1028.40182618134,0.233458139883181,0.0427021308702614,0.182911295753615,30,10,1.82574185835055,38.7722836625193,0.141268066304241,388.034304186573,248.346910259665,525.591550196143,660.531499113266,373.226382231324,947.771644020086,1050.00817018014,725.94455676935,1371.21914963218,1357.80776886617,869.014312616925,1839.14742177949,2311.32864130893,1305.99195965891,3316.43797333643,3674.1835334178,2540.22169770225,4798.16344612001
2018,62,Río Negro,Patagonia,Mujer,70 a 79,17649,2393,571.178648911934,2153.7,514.060784020741,0.126807583608102,0.0286622820945108,0.226029715881122,45,15,2.23606797749979,37.9917924303777,0.184921326838426,569.805583950593,403.371285950363,736.574477800528,399.058865638615,213.60983440163,582.023887541068,969.946272989696,715.980867224195,1220.11740410428,3228.54316930474,2285.51921327193,4173.46295994407,2261.08485261837,1210.3225927907,3297.77260774587,5495.75768026345,4056.77866861689,6913.23816705923
2018,62,Río Negro,Patagonia,Mujer,80+,9890,1512,702.030623875859,1360.8,631.827561488273,0.274742580254391,0.103540284182355,0.376862895028812,71,23.6666666666667,2.80871659105879,27.6229305313704,0.199850784311032,653.171879195352,501.714499242672,806.507918262584,272.101825213744,49.4631407517156,525.232811757668,928.652227316307,656.392653682706,1221.4304016416,6604.36682705108,5072.94741398051,8154.78178223038,2751.28235807628,500.132869077003,5310.74632717561,9389.81018520027,6636.93279760067,12350.1557294399
2018,62,Río Negro,Patagonia,Varón,30 a 39,53437,1041,503.097038311243,936.9,452.787334480118,0.0232758620689655,0.0118874484895034,0.510720009178664,2,0.666666666666667,0.471404520791032,45.3386501397284,0.016576188398,32.1712637602656,3.26525135962747,72.7059069855244,15.7334560818079,2.6777406176083,29.9894605579493,48.2207397168859,14.9332515432493,91.4848923009442,60.2040978353307,6.1104690750369,136.059110701432,29.4430003215148,5.01102348112412,56.1211530549044,90.2384859121692,27.9455275244668,171.201400342355
2018,62,Río Negro,Patagonia,Varón,40 a 49,45976,3066,867.674918421379,2759.4,780.907426579241,0.0706831629908553,0.0210750483286394,0.298162213416595,4,1.33333333333333,0.666666666666667,41.0383393552881,0.0872595074687928,55.3409575841205,8.42702054462605,108.884233875727,241.292252017841,107.306035959717,373.202636828565,297.949933863589,154.093181370596,441.589236275985,120.369230868541,18.329172926366,236.828418904923,524.822194227078,233.395762919168,811.733593241179,648.0553633713,335.160043001993,960.477719410093
2018,62,Río Negro,Patagonia,Varón,50 a 59,35229,5354,1403.10440712263,4818.6,1262.79396641037,0.18254347084896,0.052760783679085,0.28903133830922,32,10.6666666666667,1.88561808316413,37.2275117125716,0.149790434322404,397.030219126142,255.788785950822,537.691377235986,719.03894630909,358.161431884266,1094.51645858587,1115.53708365135,733.507089074285,1520.30382072748,1126.99826599149,726.07450098164,1526.27487932097,2041.04273839476,1016.66647331535,3106.86212661691,3166.53065273312,2082.11158157849,4315.48957031842
2018,62,Río Negro,Patagonia,Varón,60 a 69,26777,5809,1324.15989069362,5228.1,1191.74390162426,0.182621908620931,0.0409547321278399,0.22425968733494,46,15.3333333333333,2.26077666104176,35.0931757395918,0.20417545409127,537.657435602957,382.020344701363,691.943205792881,1069.14778279764,594.25844933891,1534.15313136572,1608.46902736186,1115.06120455029,2091.99460053641,2007.9076655449,1426.67343130807,2584.09532730657,3992.78404151937,2219.28688553203,5729.36897847303,6006.90528200267,4164.24993296593,7812.65489239425
2018,62,Río Negro,Patagonia,Varón,70 a 79,15028,4060,1248.70133929893,3654,1123.83120536904,0.204774714189644,0.052657007069642,0.257146041092143,80,26.6666666666667,2.98142396999972,37.5978720540069,0.2901401799049,1003.97755623147,781.7473956973,1218.32950398737,1064.32069989877,428.824028381962,1713.56419785285,2066.85104717085,1385.67473405875,2748.30163506983,6680.71304386126,5201.93901848083,8107.06350803414,7082.25113054809,2853.50032194545,11402.4766958534,13753.3340908361,9220.61973688282,18287.8735365306
2018,62,Río Negro,Patagonia,Varón,80+,6131,195,220.326365000208,175.5,198.293728500187,0.0949675324675325,0.100383823947078,1.05703308634872,45,15,2.23606797749979,23.5385723736154,0.481838209781249,353.398520129273,248.881623901956,459.253475423718,108.916488116675,6.85161344652684,284.778263553677,463.448732440339,306.698054153854,663.450781941859,5764.125267155,4059.39689939579,7490.67811814904,1776.48814413106,111.75360376002,4644.89094036334,7559.10507976414,5002.4148451126,10821.249093816
2018,66,Salta,NOA1,Mujer,30 a 39,96164,8740,2617.97084528882,7866,2356.17376075994,0.0863560512910592,0.0246055414040425,0.28493129359413,3,1,0.577350269189626,50.7150874845366,0.0643872796179425,51.8644729451376,5.97730735627044,107.889626503619,507.505356969436,216.039680782576,800.988078320365,560.828745334528,260.615690883317,855.749251022181,53.9333565004966,6.21574326803215,112.193363944532,527.749840865018,224.657544177213,832.939643026876,583.200309195258,271.011699683163,889.885249180755
2018,66,Salta,NOA1,Mujer,40 a 49,80251,12081,3754.8845801051,10872.9,3379.39612209459,0.163136731233777,0.0461477760314186,0.282877900534174,15,5,1.29099444873581,46.1550939869203,0.0607444624951787,231.322337620043,115.621073171605,349.077281849487,662.839083114428,263.598863457264,1069.84199515138,893.763494471908,479.723525617825,1315.2069435126,288.248542223827,144.074308322146,434.981846767625,825.957412511281,328.468010937264,1333.11983047112,1113.71010264284,597.77887579946,1638.86673500965
2018,66,Salta,NOA1,Mujer,50 a 59,59241,11868,2677.30622385901,10681.2,2409.57560147311,0.175090158022425,0.0367352520822021,0.209807635661036,62,20.6666666666667,2.62466929133727,41.9936509794637,0.095738854348258,867.884289983431,649.568795408941,1085.35176676031,1019.80656780199,573.545006259591,1471.24352612791,1888.36128030358,1391.02179965513,2391.21691493118,1465.00614436527,1096.48519675384,1832.09562087121,1721.45400618152,968.15551097988,2483.48867528893,3187.59183724714,2348.07278684549,4036.42226655725
2018,66,Salta,NOA1,Mujer,60 a 69,45139,9038,2622.22047278581,8134.2,2359.99842550723,0.198264557486533,0.0516410003778559,0.260465113041515,112,37.3333333333333,3.52766841475279,38.7722836625193,0.141268066304241,1446.06016050231,1185.35409418472,1712.63872988272,1152.20804649478,504.361288942395,1806.14403034331,2601.35619577911,1892.80883315394,3329.48400273373,3203.57154678284,2626.00876001844,3794.14415446225,2552.57769665873,1117.35148971487,4001.29384865263,5762.99030944219,4193.28924689058,7376.06948034677
2018,66,Salta,NOA1,Mujer,70 a 79,27492,5332,1896.93709719298,4798.8,1707.24338747368,0.206408877801196,0.0664280255907495,0.321827366624851,107,35.6666666666667,3.44802681092953,37.9917924303777,0.184921326838426,1354.14069948819,1098.57432513412,1614.58693878081,888.478128753478,297.207047922685,1502.38571233001,2241.21878308315,1600.1548841641,2907.25428509343,4925.58089439905,3995.97819414418,5872.93372174017,3231.769710292,1081.0673938698,5464.81053517389,8152.25804991687,5820.4382517245,10574.9101014602
2018,66,Salta,NOA1,Mujer,80+,15127,1053,780.289184872693,947.7,702.260266385423,0.121220260936301,0.0893462574050248,0.737057128197198,117,39,3.60555127546399,27.6229305313704,0.199850784311032,1076.13317428708,881.049545177195,1272.36400659334,203.784748379968,18.5095149636996,469.083063296956,1283.14189965355,1001.924177301,1610.16393815068,7113.98938511983,5824.35079776026,8411.21178418285,1347.15904263878,122.360778500031,3100.96558006846,8482.46115987009,6623.41625769153,10644.3044764374
2018,66,Salta,NOA1,Varón,30 a 39,91348,2721,1223.86124975791,2448.9,1101.47512478212,0.0317589386452943,0.0136914978312057,0.431106907699963,6,2,0.816496580927726,45.3386501397284,0.016576188398,91.5875416338971,21.9054824819347,162.722100289948,40.7694810655818,8.74374977965044,76.0740427621238,132.148075977969,55.8045471457114,212.244796281648,100.262229752044,23.9802540635096,178.134278024639,44.6309509409969,9.57191156856247,83.279374219604,144.664443641863,61.0900590551642,232.347502169339
2018,66,Salta,NOA1,Varón,40 a 49,75640,9625,2342.57382787153,8662.5,2108.31644508438,0.117918107320792,0.0280198127234199,0.237620950336263,19,6.33333333333333,1.45296631451356,41.0383393552881,0.0872595074687928,259.768843746002,144.558922953356,377.186745297408,759.670891582902,398.081402433822,1127.57443225966,1017.84875728943,641.815371326626,1395.33353860575,343.427873804868,191.11438782834,498.660424771824,1004.32428818469,526.284244359891,1490.71183535122,1345.64880656985,848.513182610557,1844.70325040422
2018,66,Salta,NOA1,Varón,50 a 59,55530,6482,1866.04652367132,5833.8,1679.44187130418,0.125070748649344,0.0334512575618319,0.267458681770731,71,23.6666666666667,2.80871659105879,37.2275117125716,0.149790434322404,881.283192466421,672.28421915816,1087.50415014072,873.763478414643,393.111617314073,1371.35802538018,1756.19109329098,1224.36200259685,2289.10404447449,1587.03978474054,1210.66850199561,1958.40833808882,1573.49807025868,707.926557381727,2469.58045269256,3162.5987633549,2204.86584296209,4122.28353047811
2018,66,Salta,NOA1,Varón,60 a 69,40388,5531,1753.13227427353,4977.9,1577.81904684618,0.135596960039225,0.0406111420486039,0.29949891234181,152,50.6666666666667,4.10960933531265,35.0931757395918,0.20417545409127,1780.55050072158,1492.11069103212,2063.48310228724,1027.71995762968,380.751978569694,1644.7121188438,2806.07095719282,2086.18453913782,3469.66343358241,4408.6127085312,3694.44065324383,5109.14901031802,2544.6171081254,942.735412918921,4072.27918897642,6947.78388925626,5165.35738124647,8590.82755665647
2018,66,Salta,NOA1,Varón,70 a 79,22427,2303,1214.58137247234,2072.7,1093.1232352251,0.102792104741123,0.0559926896588785,0.544717804931551,142,47.3333333333333,3.97212509593766,37.5978720540069,0.2901401799049,1781.16411877612,1489.89532435648,2073.16305224392,613.30431516984,96.2561728956464,1224.62430118815,2396.85840997448,1807.39114158028,3068.05218822016,7942.05252051598,6643.31085012032,9244.04981604281,2734.66943938039,429.197721031107,5460.49093141368,10687.3786506197,8058.99648450652,13680.1720614445
2018,66,Salta,NOA1,Varón,80+,9310,2623,1520.25232768865,2360.7,1368.22709491978,0.348185840707965,0.161617794209536,0.464171069911744,82,27.3333333333333,3.01846171271247,23.5385723736154,0.481838209781249,643.012582478983,504.156349395004,784.845199222515,1163.07759471872,143.082753143818,2436.55336215365,1804.91227979552,775.41704928512,3078.19949044669,6906.68724467221,5415.21320510208,8430.13103353937,12492.7776017049,1536.87167716239,26171.3572734012,19386.8128871699,8328.86196869087,33063.3672443253
2018,70,San Juan,Cuyo,Mujer,30 a 39,52254,2237,1084.38116576655,2013.3,975.943049189897,0.0505600200904068,0.0236866392904107,0.468485559302714,1,0.333333333333333,0.333333333333333,50.7150874845366,0.0643872796179425,20.111470477062,1.42487605604138,50.854018718417,131.124021521794,23.9976341237515,251.478121785841,152.704583338811,43.2307190644021,274.883290179358,38.4879061451027,2.72682676166683,97.3208150924657,250.93585471312,45.924970574026,481.260997791252,292.235203695048,82.7318847636586,526.052149461014
2018,70,San Juan,Cuyo,Mujer,40 a 49,46126,12670,2893.57332594699,11403,2604.21599335229,0.250329293993678,0.0547706866294748,0.218794555585884,7,2.33333333333333,0.881917103688197,46.1550939869203,0.0607444624951787,108.458003291329,30.245273121783,188.531021807023,691.729048517983,385.491441890375,994.727078836272,800.843782450954,482.546057863504,1113.87552453237,235.13420476809,65.570986258906,408.730481305604,1499.65106126259,835.735684625537,2156.54311849341,1736.20904143206,1046.14763444371,2414.85393169226
2018,70,San Juan,Cuyo,Mujer,50 a 59,35746,6611,2162.75471842677,5949.9,1946.4792465841,0.182271850013786,0.0510118104528562,0.279866641222976,29,9.66666666666667,1.7950549357115,41.9936509794637,0.095738854348258,405.722537134409,259.071292536292,555.812459401114,573.212454814321,212.876012374503,930.699519564144,977.73167836166,588.260059017121,1366.96535847125,1135.01521046945,724.756035741878,1554.89414032651,1603.57090251866,595.524009328325,2603.64661658408,2735.21982420875,1645.66681311789,3824.10719652899
2018,70,San Juan,Cuyo,Mujer,60 a 69,30610,7954,2217.94351857067,7158.6,1996.1491667136,0.255427103403982,0.0683326089386918,0.267522937182658,66,22,2.70801280154532,38.7722836625193,0.141268066304241,856.49600266934,650.646342147044,1062.10356125905,1016.63336129337,459.164944256402,1573.69693210614,1870.46787613261,1272.20186525575,2463.52352506866,2798.09213547645,2125.60059505732,3469.79275158135,3321.24587158893,1500.04882148449,5141.12032703736,6110.64317586607,4156.16421187765,8048.10037591853
2018,70,San Juan,Cuyo,Mujer,70 a 79,20132,7515,1966.87063562706,6763.5,1770.18357206435,0.335991058122206,0.0769950986704435,0.229158177901386,146,48.6666666666667,4.02768199119819,37.9917924303777,0.184921326838426,1848.87727119434,1555.06402613531,2154.13517679742,1260.42665781571,619.8883462117,1889.01055524721,3115.17002922842,2404.5148078409,3798.0664771425,9183.77345119384,7724.33949004226,10700.0555175711,6260.81193033834,3079.11954208077,9383.12415680118,15473.7235705763,11943.7453200919,18865.8179869983
2018,70,San Juan,Cuyo,Mujer,80+,10127,466,381.607205605086,419.4,343.446485044578,0.0711088504577823,0.0649196229709142,0.912961221465074,155,51.6666666666667,4.14996653266291,27.6229305313704,0.199850784311032,1426.78123049986,1201.94241400383,1655.57844440875,92.7768454104796,7.28554803412541,221.269347140455,1524.67804386388,1276.97166167297,1778.84422824954,14088.8834847424,11868.691754753,16348.1627768219,916.133557919222,71.9418192369449,2184.94467404419,15055.5746407019,12609.5750140512,17565.3621827741
2018,70,San Juan,Cuyo,Varón,30 a 39,52679,3947,2032.47696893102,3552.3,1829.22927203792,0.0744498470050719,0.0373016678826417,0.501030819849778,4,1.33333333333333,0.666666666666667,45.3386501397284,0.016576188398,61.703326193002,10.3187239101132,120.289817956384,60.239591695395,9.49239563699355,119.229459251062,122.562958890639,46.588617651881,204.679360217479,117.130784929482,19.5879267072519,228.344915348401,114.352192895452,18.0193163062958,226.332047402308,232.659995236505,88.4386902786328,388.540709234191
2018,70,San Juan,Cuyo,Varón,40 a 49,44972,3479,1689.10790804864,3131.1,1520.19711724378,0.0884691455696203,0.0421478210518745,0.476412660939587,5,1.66666666666667,0.74535599249993,41.0383393552881,0.0872595074687928,68.4033221237519,13.3142945739024,127.848326843035,275.626370922198,48.0023288462526,539.61835372659,345.946876055998,111.893503986391,611.155763044505,152.102023756453,29.6057426263063,284.284280981578,612.884396785106,106.738256795901,1199.89850068174,769.24947980076,248.807044352912,1358.96949889821
2018,70,San Juan,Cuyo,Varón,50 a 59,32686,7445,2331.5107311418,6700.5,2098.35965802762,0.291351421862771,0.0737325437707945,0.253070821825346,35,11.6666666666667,1.97202659436654,37.2275117125716,0.149790434322404,433.253819794104,292.142506093031,576.167436734618,996.902381684144,379.854316621431,1622.09282690953,1431.40286968574,797.737085167493,2077.18448779061,1325.50272224838,893.784819473264,1762.73461645542,3049.9369200396,1162.13154445766,4962.6532059889,4379.25371622634,2440.60786014653,6354.96692097721
2018,70,San Juan,Cuyo,Varón,60 a 69,25929,5278,2229.91911779077,4750.2,2006.9272060117,0.186070743076501,0.0689305968636429,0.370453708755829,94,31.3333333333333,3.23178657161089,35.0931757395918,0.20417545409127,1097.92279026101,876.295984938553,1316.41585895616,976.174292190562,213.331259200826,1769.69090901761,2077.53731853602,1288.82521893377,2894.63238938151,4234.34297605389,3379.59807527692,5077.00204001759,3764.79730105504,822.751587800631,6825.14138230403,8012.40818595403,4970.59361692996,11163.6869504474
2018,70,San Juan,Cuyo,Varón,70 a 79,15201,4882,1803.99203526676,4393.8,1623.59283174008,0.43938,0.107186211503465,0.243948772141347,136,45.3333333333333,3.8873012632302,37.5978720540069,0.2901401799049,1705.24464036111,1417.29102517469,1990.70937704175,1295.60742027692,393.104243717234,2185.16212199298,2992.01467882175,2060.21867192772,3937.82770942747,11217.976714434,9323.66966103999,13095.9106443112,8523.17229311832,2586.04199537684,14375.1208604235,19683.0121625008,13553.178553567,25905.0569661698
2018,70,San Juan,Cuyo,Varón,80+,5744,917,723.597536210778,825.3,651.237782589701,0.176421547669944,0.153099525481815,0.867805137772845,95,31.6666666666667,3.24893144826965,23.5385723736154,0.481838209781249,744.75099518551,596.819458871841,892.72257591173,439.512521544333,35.1539133297193,1014.19561916716,1183.48939066345,748.957004773674,1782.65618813417,12965.7206682714,10390.310913507,15541.8275750649,7651.68038900301,612.011025935225,17656.6089687877,20603.9239321631,13038.9450691796,31035.1007683526
2018,74,San Luis,Cuyo,Mujer,30 a 39,35125,6223,1658.80970711261,5600.7,1492.92873640134,0.145265205550512,0.0381798185787319,0.26282837954238,0,0,0,50.7150874845366,0.0643872796179425,3.39070061625533e-05,1.40002092579967e-06,0.000112405191587559,360.210490084828,173.247131241008,547.714206351019,360.210499379744,173.247158892958,547.714256717871,9.65324018862727e-05,3.98582469978555e-06,0.000320014780320452,1025.51029205645,493.230266878313,1559.32870135521,1025.51031851884,493.230345602728,1559.32884474839
2018,74,San Luis,Cuyo,Mujer,40 a 49,30562,5787,1385.68947366022,5208.3,1247.1205262942,0.196250800708391,0.0437671746672178,0.223016540616572,3,1,0.577350269189626,46.1550939869203,0.0607444624951787,47.1720372568838,5.85047396928312,99.2668878656019,314.223501096858,168.683673891455,462.80242705857,362.548777895716,208.770486314107,517.407781426828,154.348659305294,19.1429682916142,324.804946880446,1028.150975384,551.939251002733,1514.30674386025,1186.27307733694,683.104791290186,1692.9774930529
2018,74,San Luis,Cuyo,Mujer,50 a 59,23939,3312,1020.92452950165,2980.8,918.832076551482,0.116151658029069,0.0344775153789088,0.296831883108205,10,3.33333333333333,1.05409255338946,41.9936509794637,0.095738854348258,139.440008923413,52.8699869379895,226.16658461988,285.928644589329,114.170871039214,453.674708730868,424.699375782937,234.706396975429,615.157817957672,582.480508473258,220.852946814777,944.762039433061,1194.40513216646,476.924144864925,1895.12807022377,1774.0898775343,980.435260351014,2569.68886736151
2018,74,San Luis,Cuyo,Mujer,60 a 69,19682,3822,901.996285695498,3439.8,811.796657125948,0.232230623818526,0.0485925361727635,0.209242585554676,25,8.33333333333333,1.66666666666667,38.7722836625193,0.141268066304241,323.328424656995,197.131200451195,447.872662279584,488.07441408848,263.962183735213,708.419115394832,810.903478613344,552.771854383632,1067.50057316604,1642.76203971647,1001.58114242046,2275.54446844621,2479.80090482919,1341.13496461342,3599.32484196135,4120.02580333982,2808.51465493157,5423.74033719157
2018,74,San Luis,Cuyo,Mujer,70 a 79,12836,2343,921.402472463465,2108.7,829.262225217119,0.221385826771654,0.0685287599819985,0.309544477084714,35,11.6666666666667,1.97202659436654,37.9917924303777,0.184921326838426,442.540259342849,297.95005115285,591.90544198971,390.393496700398,107.918480785988,690.94862319221,831.585340302358,520.265072585918,1176.64946384869,3447.64926256504,2321.20638168316,4611.29200677555,3041.39526877842,840.748525911405,5382.89672165948,6478.53957854751,4053.17133519724,9166.79233288166
2018,74,San Luis,Cuyo,Mujer,80+,7259,1365,537.004005942766,1228.5,483.303605348489,0.249949135300102,0.0851196060076969,0.340547711459365,59,19.6666666666667,2.5603819159562,27.6229305313704,0.199850784311032,541.156028355964,405.132508003293,676.79819964785,246.021023245239,67.285905754978,437.112688666496,788.406558178402,563.401657239546,1021.71645637473,7454.96663942642,5581.10632323038,9323.57349012053,3389.1861584962,926.930785989502,6021.66536253611,10861.0904832401,7761.42247195958,14075.1681550452
2018,74,San Luis,Cuyo,Varón,30 a 39,34565,1718,932.634039577289,1546.2,839.37063561956,0.058461887477314,0.0293439608333312,0.501933175604672,0,0,0,45.3386501397284,0.016576188398,3.12390511504999e-05,1.44533912198429e-06,0.000100753172080417,25.9312601249685,3.57809573038477,53.2941334987244,25.9312821178353,3.5780983181186,53.294203718936,9.03776975278458e-05,4.18151055109008e-06,0.000291488997773519,75.0217275422205,10.3517886022994,154.185255312381,75.0217911697825,10.351796088872,154.185458466472
2018,74,San Luis,Cuyo,Varón,40 a 49,30517,2994,1461.35009423027,2694.6,1315.21508480724,0.104106942780976,0.0506352246658577,0.486377020717878,4,1.33333333333333,0.666666666666667,41.0383393552881,0.0872595074687928,55.0571729529308,8.84099339485026,108.961078817514,239.099448330713,41.1231397763233,463.642594380671,295.906312863324,93.3161291224876,524.713362885379,180.414762109417,28.9707159774888,357.050427032519,783.495914836691,134.754857215071,1519.29283475004,969.64417492979,305.784084682268,1719.41332006874
2018,74,San Luis,Cuyo,Varón,50 a 59,23584,2099,961.67582491766,1889.1,865.508242425894,0.125039714058777,0.0523311590248266,0.418516304349733,11,3.66666666666667,1.10554159678513,37.2275117125716,0.149790434322404,136.487985774945,56.340733681313,218.189061053304,285.093363964937,55.7840978904635,537.9939678901,422.035476548218,181.790760946873,687.508554635545,578.731282967031,238.893884333925,925.157144900372,1208.84228275499,236.533657948031,2281.18202124364,1789.49913733132,770.8224259959,2915.1482133461
2018,74,San Luis,Cuyo,Varón,60 a 69,18033,7390,1633.01599042149,6651,1469.71439137934,0.371066726177193,0.0666819424223826,0.179703373324129,37,12.3333333333333,2.02758751009941,35.0931757395918,0.20417545409127,434.056138047028,293.468636057888,568.997547285349,1356.08972362062,764.360925307782,1946.1451340614,1790.07380218101,1189.16403311868,2396.28926667291,2407.01013723189,1627.39774889308,3155.31274488631,7520.04504863651,4238.67867414064,10792.1318364188,9926.6555879832,6594.37715920079,13288.356161886
2018,74,San Luis,Cuyo,Varón,70 a 79,10413,5377,1426.87791869627,4839.3,1284.19012682664,0.392959805115713,0.102271448336492,0.260259311525199,68,22.6666666666667,2.74873708374511,37.5978720540069,0.2901401799049,852.576568649758,651.264339031376,1057.67101647566,1403.10130461571,685.237365783752,2124.86838012581,2255.61908909073,1505.34389090877,2999.79133020261,8187.61710025696,6254.3391820933,10157.217098585,13474.5155537858,6580.59508099253,20405.9193328129,21661.5681272518,14456.3900020049,28808.1372342515
2018,74,San Luis,Cuyo,Varón,80+,3956,762,595.975385779363,685.8,536.377847201427,0.419963257807716,0.222623582809125,0.530102523661856,51,17,2.38047614284762,23.5385723736154,0.481838209781249,398.5087909898,289.29338515816,507.261757018443,359.852934098686,32.8448825260407,844.363592111722,759.42148782047,409.102958603328,1255.88737949185,10073.5285892265,7312.77515566632,12822.5924423267,9096.38357175647,830.254866684547,21343.8723991841,19196.7009054719,10341.3285794572,31746.3948304311
2018,78,Santa Cruz,Patagonia,Mujer,30 a 39,28793,2054,814.544784077648,1848.6,733.090305669883,0.0779868376645292,0.0305394269625291,0.391597196105046,0,0,0,50.7150874845366,0.0643872796179425,3.46091861768307e-05,1.58053721970278e-06,0.000112299067949969,120.149100847972,30.279697084224,213.401844091497,120.149133545879,30.2797005608796,213.401865303956,0.000120200000614145,5.48931066475456e-06,0.000390022116312886,417.285801576676,105.163397646039,741.158768073826,417.285915138675,105.163409720695,741.158841746104
2018,78,Santa Cruz,Patagonia,Mujer,40 a 49,21604,5353,1122.70412202125,4817.7,1010.43370981912,0.197925311203319,0.0422793147955981,0.213612470979856,9,3,1,46.1550939869203,0.0607444624951787,139.205037515283,47.7609460539698,228.522897920176,292.76137768902,169.689376690406,412.033391569654,431.570984171677,275.898228692186,581.647152919823,644.348442488813,221.074551258886,1057.78049398341,1355.12579933818,785.453511805249,1907.20881119077,1997.64388155747,1277.07011984904,2692.31231679237
2018,78,Santa Cruz,Patagonia,Mujer,50 a 59,14496,1923,864.049912706802,1730.7,777.644921436122,0.147343776604802,0.0607967704861827,0.412618516282834,11,3.66666666666667,1.10554159678513,41.9936509794637,0.095738854348258,154.159371121707,63.8948183615704,244.192224382969,164.902604386356,32.6674779644588,312.14768228675,320.49226865861,161.414390682962,489.676910281883,1063.46144537601,440.775512979928,1684.54900926441,1137.57315387939,225.355118408242,2153.33666036665,2210.90141182816,1113.50986950167,3378.01400580769
2018,78,Santa Cruz,Patagonia,Mujer,60 a 69,9490,2662,1127.70070604175,2395.8,1014.93063543757,0.241463414634146,0.0871211912592721,0.360804933497995,21,7,1.52752523165195,38.7722836625193,0.141268066304241,271.539489817316,154.716428084786,389.704367532403,342.281545973566,79.1220717543061,620.96344970477,615.319505842562,329.204622339876,913.311151408353,2861.32233737951,1630.31009573009,4106.47384122658,3606.76023154443,833.741535872562,6543.34509699441,6483.8725589311,3468.96335447709,9623.9320485601
2018,78,Santa Cruz,Patagonia,Mujer,70 a 79,5038,985,458.448805803962,886.5,412.603925223565,0.267179023508138,0.0889506421747281,0.332925246176816,37,12.3333333333333,2.02758751009941,37.9917924303777,0.184921326838426,469.019298570776,317.910410973047,615.846196479531,164.777973576513,30.7915344411605,313.522928124099,634.123889028447,433.194846126262,840.980507347454,9309.63276242112,6310.25031705135,12224.0213671999,3270.70213530197,611.185677672896,6223.16252727469,12586.8179640422,8598.54795804411,16692.7452827998
2018,78,Santa Cruz,Patagonia,Mujer,80+,2432,477,420.644677404985,429.3,378.580209664487,0.314736070381232,0.203212504869313,0.645660043423581,45,15,2.23606797749979,27.6229305313704,0.199850784311032,413.557011551695,294.024676426563,535.87069907839,97.9375072731068,7.60751554046442,237.786374898805,515.574615370741,355.582701148821,692.186619708137,17004.8113302506,12089.8304451712,22034.1570344733,4027.03566090077,312.809027157254,9777.40028366795,21199.6141188627,14620.9992248693,28461.6208761569
2018,78,Santa Cruz,Patagonia,Varón,30 a 39,31421,782,505.719559859051,703.8,455.147603873146,0.0298790065803439,0.0185080813799746,0.619434295119781,0,0,0,45.3386501397284,0.016576188398,3.01766375550833e-05,1.45901855889397e-06,0.000101910645299139,12.2491317302286,1.32142960795522,26.3637111633634,12.2491923111343,1.32146986192859,26.3637333982358,9.60397108783402e-05,4.64345042772023e-06,0.000324339280414815,38.9839016270285,4.20556191068145,83.904748936582,38.9840944309039,4.20569002236907,83.9048197009508
2018,78,Santa Cruz,Patagonia,Varón,40 a 49,23742,594,454.146033783928,534.6,408.731430405535,0.0263233049386971,0.0199436295563372,0.757641550055464,7,2.33333333333333,0.881917103688197,41.0383393552881,0.0872595074687928,96.0099147493027,28.3264524850577,167.774979229586,50.3277003300315,4.05766199029308,119.052561943843,147.75110193669,62.8386699633143,245.565406748229,404.388487698183,119.309462071678,706.658997681687,211.977509603367,17.0906494410457,501.442852092676,622.319526310713,264.673026549214,1034.30800584714
2018,78,Santa Cruz,Patagonia,Varón,50 a 59,15826,2389,875.257523128813,2150.1,787.731770815932,0.135243426846144,0.0511420347063669,0.378148024632259,23,7.66666666666667,1.59861050777091,37.2275117125716,0.149790434322404,285.143990316172,168.254572163914,401.139047999678,323.334761512587,92.9655935465277,557.156560323703,608.682835059549,352.762307521448,870.92036273649,1801.74390443683,1063.15286341409,2534.68373562289,2043.06054285724,587.423186822493,3520.51409278215,3846.09399127732,2229.00484975008,5503.09846288696
2018,78,Santa Cruz,Patagonia,Varón,60 a 69,9736,4759,1282.59449218588,4283.1,1154.33504296729,0.30452186277995,0.0758934485385947,0.249221674416973,34,11.3333333333333,1.9436506316151,35.0931757395918,0.20417545409127,396.845078886137,264.709901531428,531.708874687886,875.605651685276,418.45065238021,1331.39868634253,1272.48795772358,796.144819913999,1745.57934557324,4076.05873958645,2718.87737809601,5461.266173869,8993.48450786027,4297.97301130043,13675.007049533,13069.9256134304,8177.3297033073,17929.1222840308
2018,78,Santa Cruz,Patagonia,Varón,70 a 79,4097,1995,988.21350484135,1795.5,889.392154357215,0.741635687732342,0.17599672879977,0.237308872416732,41,13.6666666666667,2.13437474581095,37.5978720540069,0.2901401799049,512.879095186787,354.057817171193,669.486771629001,527.601925249311,87.7470888519153,1025.11383333849,1044.16378760212,573.826525706443,1567.57949916226,12518.4060333607,8641.87984308502,16340.9024073469,12877.7623931977,2141.74002567526,25021.0845335243,25486.0577886776,14006.0172249559,38261.6426449172
2018,78,Santa Cruz,Patagonia,Varón,80+,1499,237,202.434862373156,213.3,182.191376135841,0.162824427480916,0.180502908280859,1.10857388583181,31,10.3333333333333,1.85592145427667,23.5385723736154,0.481838209781249,243.370707726178,159.161981802467,326.974565722141,114.940858523903,9.17040685908776,279.528283065271,359.012003296725,219.302109798545,542.360667595434,16235.5375401053,10617.8773717456,21812.8462789954,7667.83579212164,611.768302807723,18647.6506381101,23950.1002866394,14629.8939158469,36181.4988389215
2018,82,Santa Fe,Centro,Mujer,30 a 39,262686,16647,4562.46125824301,14982.3,4106.21513241871,0.0669336752472771,0.0185070768234262,0.276498739312526,3,1,0.577350269189626,50.7150874845366,0.0643872796179425,52.1126009534514,6.55534934727015,109.213826381939,965.578409579057,446.610501213837,1477.6401823628,1018.6664668822,499.468734317853,1534.31673370218,19.8383625139716,2.49550769636378,41.5758077636184,367.578938192008,170.016864703044,562.511965754854,387.78864000449,190.139076432643,584.087744951074
2018,82,Santa Fe,Centro,Mujer,40 a 49,218026,18025,5791.02511115229,16222.5,5211.92260003707,0.0783544242658424,0.0246049941856784,0.314021759667305,20,6.66666666666667,1.49071198499986,46.1550939869203,0.0607444624951787,306.906897501704,172.493287849065,442.468019397018,978.677989184056,371.026440060761,1600.24572020096,1286.29263214847,661.107030121244,1927.70948522477,140.76619187698,79.1159255543213,202.942777190343,448.881321119525,170.175318567859,733.970132094779,589.97212816291,303.223941236937,884.164955200192
2018,82,Santa Fe,Centro,Mujer,50 a 59,180185,28689,7024.55188656344,25820.1,6322.0966979071,0.179448313247988,0.0418582112336491,0.233260544365236,59,19.6666666666667,2.5603819159562,41.9936509794637,0.095738854348258,827.297253498584,611.579675243846,1033.27660865659,2467.01442728894,1227.88595490554,3671.22986016108,3297.08886968271,2056.7198756757,4513.48647985094,459.137693758406,339.417640338456,573.453177931898,1369.15638221214,681.458475958343,2037.47806985103,1829.83537457764,1141.44899723934,2504.91798976104
2018,82,Santa Fe,Centro,Mujer,60 a 69,155866,35030,7852.41938240202,31527,7067.17744416182,0.229820456185623,0.0481876103903945,0.209675027150211,150,50,4.08248290463863,38.7722836625193,0.141268066304241,1938.32022923704,1626.80803835451,2242.98335845962,4447.17080154078,2490.3785116114,6437.26730327821,6388.94711261543,4392.60413411936,8386.86229197228,1243.58117179952,1043.72219621631,1439.04594873778,2853.20134060076,1597.76892433975,4130.00096446833,4098.99985411535,2818.19263605877,5380.81575967323
2018,82,Santa Fe,Centro,Mujer,70 a 79,111363,19074,6678.02604123751,17166.6,6010.22343711376,0.194667966978137,0.0584694465932068,0.300354739923767,243,81,5.19615242270663,37.9917924303777,0.184921326838426,3078.01844495086,2692.063126484,3458.0098859246,3152.31633753899,1030.21700405221,5356.2697204666,6224.53941137587,4089.34327087612,8456.2979500592,2763.95072416409,2417.37662103572,3105.16947812523,2830.66758038037,925.098106240138,4809.73906994837,5589.41426809252,3672.08432861554,7593.45379529934
2018,82,Santa Fe,Centro,Mujer,80+,76832,9637,4698.01216113521,8673.3,4228.21094502169,0.175006053268765,0.0767655951276364,0.438645370796082,350,116.666666666667,6.23609564462324,27.6229305313704,0.199850784311032,3217.96084688269,2877.73508164734,3561.74580084514,1744.41292104986,309.633196532028,3433.34333199186,4965.54919429691,3462.44865113039,6677.97675958916,4188.3080576878,3745.49026661722,4635.75827890091,2270.42498054178,403.000307856137,4468.63719803188,6462.86598591331,4506.51896492397,8691.66071375099
2018,82,Santa Fe,Centro,Varón,30 a 39,261923,9583,3730.74647317242,8624.7,3357.67182585518,0.0401593391754594,0.0161430364593568,0.40197465373687,6,2,0.816496580927726,45.3386501397284,0.016576188398,91.6652132513969,22.6287607709857,163.381173554724,143.859128353597,38.0406140874152,254.322934202629,235.662167725266,108.701461353869,367.97143228106,34.9970079952493,8.63947067305496,62.3775588836123,54.9242061039301,14.5235867363367,97.0983587552939,89.9738349535038,41.5013043351934,140.488400133268
2018,82,Santa Fe,Centro,Varón,40 a 49,211118,23668,6157.95606076594,21301.2,5542.16045468935,0.123765753098327,0.0319131845393933,0.257851495591349,25,8.33333333333333,1.66666666666667,41.0383393552881,0.0872595074687928,342.845772495412,206.257003119072,474.732178715873,1857.24334595509,937.557692241688,2790.25876574765,2201.51737159516,1272.24039538031,3144.21694802063,162.395329860747,97.6974976643735,224.865799560375,879.718141492005,444.091783856274,1321.65839281712,1042.78999024013,602.620522826246,1489.31732397078
2018,82,Santa Fe,Centro,Varón,50 a 59,167187,29891,7775.76532497357,26901.9,6998.18879247621,0.202797503279208,0.0501824133541696,0.247450844032727,113,37.6666666666667,3.54338193757822,37.2275117125716,0.149790434322404,1401.73560020894,1139.02691294526,1659.93754078651,4020.01671988088,1946.36937635043,6090.53928825282,5426.87068449604,3355.84394950406,7496.81701959818,838.423801018582,681.289163000266,992.862806789111,2404.50317302235,1164.18703389045,3642.95028217076,3245.98843480416,2007.2397671494,4484.09088003145
2018,82,Santa Fe,Centro,Varón,60 a 69,133688,38430,10737.3624300562,34587,9663.6261870506,0.248600199817433,0.0636371377315744,0.255981844657841,244,81.3333333333333,5.2068331172711,35.0931757395918,0.20417545409127,2855.41272985312,2487.05100124066,3219.66803185068,7043.11993811781,3178.76161904118,10885.6282152103,9914.34944634447,5993.13452168093,13752.6711084159,2135.87811161295,1860.33974720293,2408.34482664912,5268.32620588071,2377.74640883339,8142.56194662967,7416.03543051318,4482.92630728332,10287.1395401352
2018,82,Santa Fe,Centro,Varón,70 a 79,78971,15407,4166.44788406985,13866.3,3749.80309566287,0.193717518860017,0.0474621462909245,0.245006990437563,306,102,5.8309518948453,37.5978720540069,0.2901401799049,3836.25089329582,3396.45570129858,4258.47885764838,4018.24550481761,1869.86585013608,6157.03600311189,7862.03846710513,5641.53625019624,10015.0769835004,4857.79703093011,4300.88982195816,5392.45907693759,5088.25455523877,2367.78798563534,7796.57849477896,9955.60201479674,7143.80753719244,12681.9680433329
2018,82,Santa Fe,Centro,Varón,80+,35277,4888,2969.94423901322,4399.2,2672.9498151119,0.138487691242209,0.078082990195195,0.563826210797546,261,87,5.3851648071345,23.5385723736154,0.481838209781249,2047.16792726014,1799.98943488405,2294.95292624002,2222.97550965386,251.897310025015,4665.06646127132,4271.80418639582,2296.98375328077,6729.95824339913,5803.12364220353,5102.44475120916,6505.52180242089,6301.48683179936,714.055361921407,13224.1019964037,12109.318214122,6511.27860441865,19077.4675947477
2018,86,Santiago del Estero,NOA2,Mujer,30 a 39,65922,4167,1503.32300651238,3750.3,1352.99070586114,0.0878413828641027,0.0321465570551867,0.365961418263643,6,2,0.816496580927726,50.7150874845366,0.0643872796179425,102.115526904577,26.2770037156867,183.087460585558,241.870358975971,75.0991805892055,415.192142030509,344.12092239619,161.55800625867,530.282812258897,154.903563157333,39.8607501527362,277.733473780464,366.903854518934,113.92127148631,629.82333975078,522.012260544568,245.074491457586,804.409472192738
2018,86,Santiago del Estero,NOA2,Mujer,40 a 49,55017,10470,3593.47278512613,9423,3234.12550661351,0.201824840968965,0.062374463185037,0.309052457990682,7,2.33333333333333,0.881917103688197,46.1550939869203,0.0607444624951787,108.572994904373,30.9082094648047,186.70221220099,568.257082539299,196.651774692275,953.418624669367,678.081960828178,293.768394819171,1074.32910632122,197.34444790587,56.1793799458435,339.353676501791,1032.87544311631,357.438200360389,1732.95276854312,1232.49533930999,533.959312247435,1952.72207921409
2018,86,Santiago del Estero,NOA2,Mujer,50 a 59,39527,5275,2231.58236796396,4747.5,2008.42413116756,0.186147271016311,0.0784816606454838,0.421610589384396,27,9,1.73205080756888,41.9936509794637,0.095738854348258,377.527543540394,236.283460288702,521.189247220591,456.992844087796,108.719413016902,824.570535784663,836.864316568584,459.880173053055,1231.29713162844,955.11307091455,597.777368099533,1318.5651509616,1156.15362685708,275.051010744307,2086.09440581037,2117.19664170968,1163.45832735359,3115.07863391717
2018,86,Santiago del Estero,NOA2,Mujer,60 a 69,32029,4412,1578.47626390791,3970.8,1420.62863751712,0.191290105019751,0.0675459613235513,0.353107450678523,49,16.3333333333333,2.33333333333333,38.7722836625193,0.141268066304241,633.520048661161,455.359100997517,809.79057646445,558.271174751461,176.942777176883,956.582950394438,1192.13103387168,774.425108683774,1632.43021356972,1977.95762796578,1421.7087670471,2528.30427570155,1743.01781120691,552.4455249208,2986.6151000482,3722.03638537477,2417.88725431258,5096.72550991201
2018,86,Santiago del Estero,NOA2,Mujer,70 a 79,20088,3395,1604.28130200163,3055.5,1443.85317180147,0.157127429805616,0.0688142632604359,0.437951943499406,72,24,2.82842712474619,37.9917924303777,0.184921326838426,909.30809843683,699.070465263769,1117.55839490093,565.453813588527,98.1819999480942,1086.64009710187,1476.14639066629,972.138118338784,2038.80965464854,4526.62334944658,3480.04014966034,5563.31339556418,2814.8835801898,488.759458124723,5409.39912934025,7348.39899774137,4839.39724382111,10149.3909530493
2018,86,Santiago del Estero,NOA2,Mujer,80+,11877,361,351.826453565787,324.9,316.643808209208,0.0468966512702079,0.0395683410187909,0.843734892515185,41,13.6666666666667,2.13437474581095,27.6229305313704,0.199850784311032,376.330456265558,262.604756539326,494.363770481539,77.8195785726457,4.98927804530217,190.433914773377,457.124710954557,315.284558639461,618.379921670482,3168.56492603821,2211.03609109478,4162.3623009307,655.21241536285,42.0078979986711,1603.3839755273,3848.82302731798,2654.58077493863,5206.53297693426
2018,86,Santiago del Estero,NOA2,Varón,30 a 39,61912,3774,1655.33018738927,3396.6,1489.79716865035,0.0678817674920559,0.0316831772561521,0.466740605418972,3,1,0.577350269189626,45.3386501397284,0.016576188398,46.4634666217785,6.3057264737646,97.1476868664477,57.0858884288251,13.1276906804886,105.620293137343,103.814260387444,42.5078346444025,173.256622485979,75.047594362609,10.18498267503,156.912532088202,92.2048850446199,21.2037903483794,170.597449827728,167.680353384553,68.6584743578022,279.843362330371
2018,86,Santiago del Estero,NOA2,Varón,40 a 49,53528,2993,1339.08313280339,2693.7,1205.17481952305,0.0801553294054633,0.0353270176742141,0.440731987956951,13,4.33333333333333,1.20185042515466,41.0383393552881,0.0872595074687928,178.508789890102,80.8610557358815,274.294664749016,235.193678906125,47.5890056797645,440.50226646022,413.27205338227,205.931716424377,640.387394370642,333.486754390416,151.063099192724,512.432119169436,439.384394907571,88.9048828272391,822.938025818674,772.067055339767,384.717748513632,1196.35965171619
2018,86,Santiago del Estero,NOA2,Varón,50 a 59,39402,9070,2833.5248557759,8163,2550.17237019831,0.222850122850123,0.0723032946676272,0.324448080812837,39,13,2.08166599946613,37.2275117125716,0.149790434322404,483.410788518771,331.767671796105,638.500228182821,1223.01504603619,481.123981692187,1957.26173856885,1703.94926602458,948.209047953809,2463.78516258496,1226.86865772999,842.007186934939,1620.47669707837,3103.94154113038,1221.06487409824,4967.41723407148,4324.5248109857,2406.49979177151,6252.94442562551
2018,86,Santiago del Estero,NOA2,Varón,60 a 69,30874,5935,2019.58748484043,5341.5,1817.62873635638,0.316008992486541,0.101187163236929,0.320203429784483,67,22.3333333333333,2.72845092395748,35.0931757395918,0.20417545409127,784.394519137173,597.363067935474,970.186284508539,1089.8959253309,373.936533741555,1816.1609799567,1875.05728639654,1148.26359286597,2626.28467891812,2540.63133749165,1934.84183434435,3142.40553381013,3530.14162509198,1211.16970182534,5882.49329518915,6073.25674158368,3719.19282524444,8506.46070777392
2018,86,Santiago del Estero,NOA2,Varón,70 a 79,16736,1090,823.618705206633,981,741.25683468597,0.100594749794914,0.0759027354453694,0.754539730951317,65,21.6666666666667,2.68741924943285,37.5978720540069,0.2901401799049,811.837638854261,609.248193699396,1018.21015837181,311.44775369009,26.5298496179513,710.775556535884,1127.88109524084,764.457560720655,1569.46524127291,4850.84631246571,3640.34532564171,6083.95171111263,1860.94499097807,158.519655939001,4246.98587796298,6739.2512860949,4567.74355115114,9377.77988332284
2018,86,Santiago del Estero,NOA2,Varón,80+,6729,1834,1286.26649447505,1650.6,1157.63984502754,0.262333121424031,0.171602430288499,0.654139398627913,37,12.3333333333333,2.02758751009941,23.5385723736154,0.481838209781249,288.943935411019,193.493488854781,382.672050322791,847.862479093629,69.2166045871495,1900.30779068678,1140.91832191657,358.800533373813,2191.11079979687,4294.01003731637,2875.5162558297,5686.90816351302,12600.1260082275,1028.63136553945,28240.5675536749,16955.2433038574,5332.1523758926,32562.2053766812
2018,90,Tucumán,NOA2,Mujer,30 a 39,119125,16448,3876.15370859718,14803.2,3488.53833773746,0.136008820286659,0.0305901515928596,0.224912998498084,3,1,0.577350269189626,50.7150874845366,0.0643872796179425,52.5730323883622,6.29896625373841,109.750272743371,951.647509423255,514.468528107595,1389.17686629301,1004.64864247263,564.241847965273,1447.66361175508,44.1326609765895,5.28769465161671,92.1303443805847,798.864645895702,431.872846260311,1166.15056981575,843.356677836419,473.655276361195,1215.24752298433
2018,90,Tucumán,NOA2,Mujer,40 a 49,97457,12001,3637.18559852569,10800.9,3273.46703867312,0.146161549183323,0.0418081360307958,0.286040591827321,18,6,1.4142135623731,46.1550939869203,0.0607444624951787,276.361140979719,145.395159678433,402.746752843551,654.888070695348,267.955673760861,1046.01909931336,931.900757652512,526.553421358578,1341.66459145164,283.572386775418,149.189036886456,413.255849085803,671.976431344437,274.947590999991,1073.31346061684,956.217365250841,540.29307423641,1376.67339590963
2018,90,Tucumán,NOA2,Mujer,50 a 59,74423,8133,2285.92531873434,7319.7,2057.33278686091,0.159864153580711,0.045518341288634,0.28473138142037,43,14.3333333333333,2.185812841434,41.9936509794637,0.095738854348258,600.829786811996,421.572797070417,786.052743046668,701.046429819542,309.09741096209,1089.82866188518,1301.95010016146,870.15855222461,1733.17160188206,807.317343847998,566.454989815537,1056.19599189319,941.975504641767,415.325115840654,1464.37077500931,1749.39212361966,1169.20649829301,2328.8117945824
2018,90,Tucumán,NOA2,Mujer,60 a 69,64122,12938,2925.68189074543,11644.2,2633.11370167089,0.204223301822264,0.0503198699519454,0.246396319631239,128,42.6666666666667,3.77123616632825,38.7722836625193,0.141268066304241,1656.68793004991,1368.58244498836,1934.12999631598,1639.54174996479,910.966008392648,2388.12598410919,3297.09813852323,2508.47799520008,4096.82960708984,2583.649808256,2134.34148184454,3016.32824352949,2556.90987487101,1420.67622406139,3724.34731310501,5141.91406775089,3912.03954212296,6389.11700678369
2018,90,Tucumán,NOA2,Mujer,70 a 79,37463,7427,2494.4875380669,6684.3,2245.03878426021,0.183856859940588,0.0607428231599673,0.330381053932913,125,41.6666666666667,3.72677996249965,37.9917924303777,0.184921326838426,1584.15415107712,1306.38392690375,1861.61812352659,1247.64985803662,421.910262297989,2081.53226305764,2823.9660447747,1962.83074359696,3701.92724646669,4228.5832717004,3487.13110776965,4969.21795778925,3330.35223563682,1126.20522194696,5556.23485320886,7538.01362617703,5239.38484263663,9881.55579229289
2018,90,Tucumán,NOA2,Mujer,80+,21826,500,529.242279921143,450,476.318051929028,0.0363695142649317,0.0384793890087831,1.05801217823483,134,44.6666666666667,3.85861230093008,27.6229305313704,0.199850784311032,1232.15689729282,1023.65647567539,1446.94594426629,110.819067782291,6.96907579660357,282.888655239422,1350.50618603942,1101.68866778833,1618.88629337637,5645.36285756815,4690.07823547784,6629.46002137952,507.738787603278,31.9301557619517,1296.10856427848,6187.60279501247,5047.5976715309,7417.23766781071
2018,90,Tucumán,NOA2,Varón,30 a 39,116443,2835,2217.04270860445,2551.5,1995.33843774401,0.0294358560221504,0.0230850871863839,0.784250580958558,11,3.66666666666667,1.10554159678513,45.3386501397284,0.016576188398,165.82541701306,66.4680959751686,263.252449944793,45.7564444979333,3.91113155204651,108.008738463925,213.778579271264,101.463926657482,328.515236953655,142.409090295733,57.0820882106855,226.078381650072,39.2951439742478,3.35883784516588,92.7567466175936,183.590751931215,87.1361324059684,282.125363442762
2018,90,Tucumán,NOA2,Varón,40 a 49,93277,9220,3763.94007861076,8298,3387.54607074968,0.109743033605332,0.0424811375673485,0.387096439489024,22,7.33333333333333,1.56347191994114,41.0383393552881,0.0872595074687928,301.849452560308,174.642834436292,429.172486891004,733.637058561652,181.421779787854,1308.45932397939,1035.24570643978,473.900058029693,1623.73712713214,323.605446744973,187.230329487754,460.105370982132,786.514423235794,194.497871702407,1402.76737457185,1109.86170914564,508.056710689337,1740.76902894834
2018,90,Tucumán,NOA2,Varón,50 a 59,68685,17332,4533.26109689596,15598.8,4079.93498720637,0.283619702176403,0.0714046196870086,0.251761845665422,58,19.3333333333333,2.53859103528797,37.2275117125716,0.149790434322404,720.00918688846,531.476486504411,906.807225133554,2325.21889798406,1151.26079151698,3534.70170976623,3043.27401005105,1847.77139039479,4261.33060633233,1048.2771884523,773.788289298116,1320.24055490071,3385.33726138758,1676.14587103003,5146.24985042765,4430.76946939077,2690.21094910795,6204.16481958554
2018,90,Tucumán,NOA2,Varón,60 a 69,57437,13721,4622.6396883489,12348.9,4160.37571951401,0.209979595306921,0.0651766259133018,0.310395044899649,144,48,4,35.0931757395918,0.20417545409127,1682.64910585859,1408.3440014945,1963.71120613822,2533.80421802373,881.440607020449,4141.88119442693,4218.26404176543,2554.02662715409,5877.2429331675,2929.55604550828,2451.98043333479,3418.89584438292,4411.4494455207,1534.62159761208,7211.17257939469,7344.15801968318,4446.65742840693,10232.5033221921
2018,90,Tucumán,NOA2,Varón,70 a 79,29323,1752,1284.77785937512,1576.8,1156.3000734376,0.0808615384615385,0.0632692792200367,0.782439716381732,164,54.6666666666667,4.2687494916219,37.5978720540069,0.2901401799049,2057.30906014013,1735.4354844719,2373.22585871238,492.344068854022,47.4465052072648,1112.18785363023,2551.17105445744,1989.73061243463,3246.30884668123,7016.02516843478,5918.34220397607,8093.39378205635,1679.03716827754,161.806449569501,3792.88563117766,8700.23890617412,6785.56291114358,11070.8619400513
2018,90,Tucumán,NOA2,Varón,80+,11667,340,391.468589920541,306,352.321730928487,0.0251934793347604,0.0319242965101871,1.26716505036841,111,37,3.51188458428425,23.5385723736154,0.481838209781249,871.977474885168,710.804692644036,1033.04144414704,190.512878040939,11.5574238546123,492.838235577189,1065.26194508693,806.979665699865,1403.62829529617,7473.87910246994,6092.4375815894,8854.38796731841,1632.92087118315,99.0608027308848,4224.20704188899,9130.55579915087,6916.77094111481,12030.7559380832
2018,94,Tierra del Fuego,Patagonia,Mujer,30 a 39,13707,1499,559.414791044352,1349.1,503.473311939917,0.0750918401424914,0.0308502723318234,0.410833883858528,0,0,0,50.7150874845366,0.0643872796179425,3.39228493152068e-05,1.58206983000635e-06,0.000114847793431434,87.1210909006205,26.6060557123336,150.71107068091,87.1211798815551,26.6061197206054,150.711122475002,0.000247485586307776,1.1542057561876e-05,0.000837876949233488,635.595614653976,194.105608173441,1099.51900985562,635.596263818159,194.106075148503,1099.51938772162
2018,94,Tierra del Fuego,Patagonia,Mujer,40 a 49,11008,1893,796.431734136484,1703.7,716.788560722836,0.170711422845691,0.07300368818396,0.427643838748559,0,0,0,46.1550939869203,0.0607444624951787,3.11011077763782e-05,1.41062833364271e-06,0.000105184952955468,105.501090665899,23.1729319043657,185.978717642158,105.501105660979,23.1730106662582,185.97879465956,0.00028253186570111,1.28145742518415e-05,0.000955531912749529,958.403803287603,210.509919189368,1689.4868971853,958.403939507438,210.510634686212,1689.48759683466
2018,94,Tierra del Fuego,Patagonia,Mujer,50 a 59,8367,2218,777.110828965996,1996.2,699.399746069397,0.253840284842319,0.0861039707773321,0.339205303172497,1,0.333333333333333,0.333333333333333,41.9936509794637,0.095738854348258,16.4950672134204,1.13938015644157,42.661011086586,189.508306581637,60.0038856639942,321.510588511772,207.757432148039,78.3703449856613,341.206091970049,197.144343413654,13.6175469874695,509.872249152457,2264.9492838728,717.149344615683,3842.60294623847,2483.0576329394,936.660033293431,4077.99799175391
2018,94,Tierra del Fuego,Patagonia,Mujer,60 a 69,4827,1561,800.319539417513,1404.9,720.287585475762,0.25497277676951,0.124315272960411,0.487562925483566,9,3,1,38.7722836625193,0.141268066304241,116.745684327948,42.9541493709127,194.471100357755,203.585352146499,32.7595477879141,396.948944518933,318.889453058079,131.743129401056,526.62425904958,2418.59714787545,889.872578639169,4028.81914973596,4217.63729327737,678.673043047735,8223.51242011463,6606.36944392125,2729.29623785077,10909.9701481164
2018,94,Tierra del Fuego,Patagonia,Mujer,70 a 79,1925,290,234.899368032196,261,211.409431228976,0.160912453760789,0.165360295489521,1.02764137656706,10,3.33333333333333,1.05409255338946,37.9917924303777,0.184921326838426,126.266262688919,49.7836610843808,205.546188472735,54.0457053127463,4.77677888025357,128.193767832636,182.021632260321,87.3336452751227,287.320939395046,6559.28637345032,2586.16421217563,10677.7240765057,2807.56910715565,248.14435741577,6659.41651078626,9455.66920832837,4536.81274156481,14925.7630854569
2018,94,Tierra del Fuego,Patagonia,Mujer,80+,847,0,0,0,0,0,0,,6,2,0.816496580927726,27.6229305313704,0.199850784311032,55.8486102258841,13.5126656363488,99.047269248208,1.35979420193715e-07,6.6849148239361e-09,4.43690920488976e-07,55.8486104644809,13.5126657738972,99.0472693301104,6593.69660281985,1595.35603734933,11693.8924732241,1.60542408729297e-05,7.89246142141217e-07,5.23838158782734e-05,6593.69663098948,1595.35605358881,11693.8924828938
2018,94,Tierra del Fuego,Patagonia,Varón,30 a 39,14715,1112,566.780159336482,1000.8,510.102143402833,0.0822823316615967,0.0439682507025504,0.534358346617827,0,0,0,45.3386501397284,0.016576188398,3.01902515272656e-05,1.56331376855456e-06,0.000100801455545085,16.9953036104954,2.49863416181954,32.9981031483971,16.9953423054709,2.49868423212749,32.9981804950075,0.000205166507150972,1.06239467791679e-05,0.000685025182093679,115.496456748184,16.9801845859296,224.248067607184,115.496719710981,16.9805248530581,224.248593238243
2018,94,Tierra del Fuego,Patagonia,Varón,40 a 49,11196,2623,633.525780033558,2360.7,570.173202030202,0.219049828338128,0.068197516305676,0.311333347408087,0,0,0,41.0383393552881,0.0872595074687928,2.823889549232e-05,1.25963471173642e-06,9.29027960436365e-05,206.231643422142,104.743123384167,301.605644884952,206.231656977379,104.743170780333,301.605682496836,0.000252223075136835,1.12507566250127e-05,0.000829785602390465,1842.01182049073,935.540580423074,2693.86963991562,1842.01194156287,935.541003754311,2693.86997585599
2018,94,Tierra del Fuego,Patagonia,Varón,50 a 59,8604,2062,734.663897906242,1855.8,661.197508115618,0.308016597510373,0.102048059221258,0.331307014122256,5,1.66666666666667,0.74535599249993,37.2275117125716,0.149790434322404,62.6593054693852,13.0104770081631,116.380636316618,278.564748162828,86.7471858957863,473.839032561256,341.583646846295,144.053455410538,544.174570363128,728.257850643714,151.214284148805,1352.6340808533,3237.61910928438,1008.2192688957,5507.19470666267,3970.05633247669,1674.26145293513,6324.66957651241
2018,94,Tierra del Fuego,Patagonia,Varón,60 a 69,5182,808,504.385413698734,727.2,453.946872328861,0.112222222222222,0.0806296132251584,0.718481702006362,23,7.66666666666667,1.59861050777091,35.0931757395918,0.20417545409127,269.705983596564,160.314704731834,378.626618843064,155.527414297177,16.4835223862143,336.10413077036,425.371663655558,246.69221392318,634.002534549074,5204.66969503212,3093.68399714077,7306.57311545859,3001.30093201807,318.091902474224,6485.99248881436,8208.63882006095,4760.55989817021,12234.7073436718
2018,94,Tierra del Fuego,Patagonia,Varón,70 a 79,1745,1145,704.160063162879,1030.5,633.744056846591,0.386389201349831,0.182799745555703,0.473097449196563,11,3.66666666666667,1.10554159678513,37.5978720540069,0.2901401799049,137.806309687,57.1964063261686,220.125200344111,315.266315384892,37.6098613507182,661.144675426453,453.173230700815,161.954291317683,803.80876399116,7897.2097241834,3277.73102155694,12614.6246615536,18066.8375578735,2155.29291408127,37887.9470158426,25969.8126476112,9281.04821304774,46063.5394837341
2018,94,Tierra del Fuego,Patagonia,Varón,80+,480,122,164.030276794492,109.8,147.627249115043,0.232627118644068,0.341636126417998,1.46859974197901,7,2.33333333333333,0.881917103688197,23.5385723736154,0.481838209781249,54.5682698327287,14.0675711264238,95.0533277863446,72.723521404921,4.25987356812303,200.483810045952,127.965979751364,45.1088818595503,261.461657134733,11368.3895484852,2930.74398467164,19802.7766221551,15150.7336260252,887.473660025631,41767.4604262399,26659.5791148674,9397.68372073964,54471.1785697359
