anio_enfr,prov_id,prov_nombre,grupo_edad_5,sexo,dm_total,dm_total_se,dm_total_cv,dm_prev,dm_prev_se,dm_prev_cv,dm_prev_cv_cat
2005,2,CABA,35-39,Mujer,1993,1993,1,0.02,0.02,0.99,Muy alta
2005,2,CABA,35-39,Varón,2088,2088,1,0.03,0.03,0.99,Muy alta
2005,2,CABA,40-44,Mujer,0,0,NA,0,0,NA,NA
2005,2,CABA,40-44,Varón,1844,1844,1,0.02,0.02,0.99,Muy alta
2005,2,CABA,45-49,Mujer,8240,3738.21,0.45,0.07,0.03,0.44,Muy alta
2005,2,CABA,45-49,Varón,8317,3829.41,0.46,0.11,0.05,0.44,Muy alta
2005,2,CABA,50-54,Mujer,2937,2108.67,0.72,0.03,0.02,0.71,Muy alta
2005,2,CABA,50-54,Varón,8463,4508.3,0.53,0.12,0.06,0.51,Muy alta
2005,2,CABA,55-59,Mujer,3452,1797.78,0.52,0.04,0.02,0.52,Muy alta
2005,2,CABA,55-59,Varón,10017,4882.88,0.49,0.15,0.07,0.45,Muy alta
2005,2,CABA,60-64,Mujer,19844,9792.27,0.49,0.25,0.1,0.39,Muy alta
2005,2,CABA,60-64,Varón,18938,6470.65,0.34,0.19,0.06,0.31,Muy alta
2005,2,CABA,65-69,Mujer,16352,5084.64,0.31,0.23,0.06,0.28,Alta
2005,2,CABA,65-69,Varón,8520,4443.62,0.52,0.15,0.07,0.48,Muy alta
2005,2,CABA,70-74,Mujer,4418,2110.9,0.48,0.08,0.04,0.47,Muy alta
2005,2,CABA,70-74,Varón,13786,5357.06,0.39,0.26,0.09,0.33,Muy alta
2005,2,CABA,75-79,Mujer,8933,3180.64,0.36,0.17,0.06,0.32,Muy alta
2005,2,CABA,75-79,Varón,6371,2976.44,0.47,0.2,0.09,0.44,Muy alta
2005,2,CABA,80+,Mujer,7561,3509.05,0.46,0.1,0.04,0.44,Muy alta
2005,2,CABA,80+,Varón,12788,5341.37,0.42,0.27,0.09,0.34,Muy alta
2005,6,Buenos Aires,35-39,Mujer,36489,12331.51,0.34,0.07,0.02,0.33,Muy alta
2005,6,Buenos Aires,35-39,Varón,20570,8186.66,0.4,0.05,0.02,0.39,Muy alta
2005,6,Buenos Aires,40-44,Mujer,14834,7289.69,0.49,0.03,0.01,0.49,Muy alta
2005,6,Buenos Aires,40-44,Varón,19607,8687.81,0.44,0.05,0.02,0.44,Muy alta
2005,6,Buenos Aires,45-49,Mujer,27037,10498.57,0.39,0.07,0.03,0.37,Muy alta
2005,6,Buenos Aires,45-49,Varón,28815,16070.32,0.56,0.08,0.04,0.53,Muy alta
2005,6,Buenos Aires,50-54,Mujer,60294,19186.48,0.32,0.16,0.05,0.29,Alta
2005,6,Buenos Aires,50-54,Varón,41014,15991.77,0.39,0.11,0.04,0.37,Muy alta
2005,6,Buenos Aires,55-59,Mujer,33387,11392.07,0.34,0.1,0.03,0.33,Muy alta
2005,6,Buenos Aires,55-59,Varón,40985,14077.98,0.34,0.11,0.03,0.33,Muy alta
2005,6,Buenos Aires,60-64,Mujer,63992,17631.02,0.28,0.19,0.05,0.25,Alta
2005,6,Buenos Aires,60-64,Varón,59911,17018.06,0.28,0.19,0.05,0.26,Alta
2005,6,Buenos Aires,65-69,Mujer,50903,16607.17,0.33,0.22,0.06,0.27,Alta
2005,6,Buenos Aires,65-69,Varón,37606,12796.81,0.34,0.2,0.06,0.3,Alta
2005,6,Buenos Aires,70-74,Mujer,35489,12819.89,0.36,0.16,0.05,0.33,Muy alta
2005,6,Buenos Aires,70-74,Varón,11416,4695.08,0.41,0.06,0.03,0.41,Muy alta
2005,6,Buenos Aires,75-79,Mujer,36637,13093.02,0.36,0.19,0.06,0.31,Muy alta
2005,6,Buenos Aires,75-79,Varón,47909,16904.67,0.35,0.31,0.08,0.27,Alta
2005,6,Buenos Aires,80+,Mujer,30249,10329.09,0.34,0.16,0.05,0.31,Muy alta
2005,6,Buenos Aires,80+,Varón,30602,14379.78,0.47,0.28,0.12,0.41,Muy alta
2005,10,Catamarca,35-39,Mujer,725,223.49,0.31,0.09,0.03,0.3,Alta
2005,10,Catamarca,35-39,Varón,430,230.51,0.54,0.04,0.02,0.53,Muy alta
2005,10,Catamarca,40-44,Mujer,717,298.47,0.42,0.1,0.04,0.39,Muy alta
2005,10,Catamarca,40-44,Varón,195,160.08,0.82,0.03,0.03,0.81,Muy alta
2005,10,Catamarca,45-49,Mujer,470,228.1,0.49,0.1,0.05,0.46,Muy alta
2005,10,Catamarca,45-49,Varón,253,162.6,0.64,0.04,0.03,0.64,Muy alta
2005,10,Catamarca,50-54,Mujer,757,295.14,0.39,0.11,0.04,0.38,Muy alta
2005,10,Catamarca,50-54,Varón,1402,534.63,0.38,0.23,0.08,0.33,Muy alta
2005,10,Catamarca,55-59,Mujer,1156,401.35,0.35,0.2,0.06,0.31,Muy alta
2005,10,Catamarca,55-59,Varón,366,203.11,0.55,0.1,0.06,0.57,Muy alta
2005,10,Catamarca,60-64,Mujer,551,273.13,0.5,0.13,0.07,0.49,Muy alta
2005,10,Catamarca,60-64,Varón,496,248.04,0.5,0.19,0.09,0.46,Muy alta
2005,10,Catamarca,65-69,Mujer,1640,493.78,0.3,0.5,0.1,0.19,Moderada
2005,10,Catamarca,65-69,Varón,485,254.94,0.53,0.14,0.07,0.5,Muy alta
2005,10,Catamarca,70-74,Mujer,755,312.85,0.41,0.36,0.12,0.33,Muy alta
2005,10,Catamarca,70-74,Varón,152,120.17,0.79,0.09,0.07,0.77,Muy alta
2005,10,Catamarca,75-79,Mujer,323,169.26,0.52,0.21,0.1,0.48,Muy alta
2005,10,Catamarca,75-79,Varón,207,114,0.55,0.15,0.08,0.54,Muy alta
2005,10,Catamarca,80+,Mujer,18,18,1,0.01,0.01,1.02,Muy alta
2005,10,Catamarca,80+,Varón,34,34,1,0.04,0.04,1.02,Muy alta
2005,14,Córdoba,35-39,Mujer,3578,1854.48,0.52,0.04,0.02,0.52,Muy alta
2005,14,Córdoba,35-39,Varón,5005,3947.47,0.79,0.08,0.06,0.74,Muy alta
2005,14,Córdoba,40-44,Mujer,7448,3521.59,0.47,0.07,0.03,0.46,Muy alta
2005,14,Córdoba,40-44,Varón,2469,2059.47,0.83,0.03,0.03,0.82,Muy alta
2005,14,Córdoba,45-49,Mujer,5287,5287,1,0.08,0.07,0.93,Muy alta
2005,14,Córdoba,45-49,Varón,8193,3948.64,0.48,0.19,0.08,0.42,Muy alta
2005,14,Córdoba,50-54,Mujer,10529,4569.72,0.43,0.12,0.05,0.41,Muy alta
2005,14,Córdoba,50-54,Varón,8938,4185.08,0.47,0.14,0.06,0.44,Muy alta
2005,14,Córdoba,55-59,Mujer,11736,6002.4,0.51,0.16,0.07,0.45,Muy alta
2005,14,Córdoba,55-59,Varón,6672,3765.09,0.56,0.14,0.07,0.52,Muy alta
2005,14,Córdoba,60-64,Mujer,10433,3639.21,0.35,0.18,0.06,0.33,Muy alta
2005,14,Córdoba,60-64,Varón,11841,4189.85,0.35,0.17,0.06,0.34,Muy alta
2005,14,Córdoba,65-69,Mujer,17243,7513.39,0.44,0.3,0.1,0.33,Muy alta
2005,14,Córdoba,65-69,Varón,17548,7396.92,0.42,0.38,0.11,0.29,Alta
2005,14,Córdoba,70-74,Mujer,10417,3535.9,0.34,0.2,0.06,0.31,Muy alta
2005,14,Córdoba,70-74,Varón,5038,3229.97,0.64,0.12,0.07,0.59,Muy alta
2005,14,Córdoba,75-79,Mujer,7816,2643.16,0.34,0.22,0.07,0.32,Muy alta
2005,14,Córdoba,75-79,Varón,6980,3330.1,0.48,0.23,0.1,0.42,Muy alta
2005,14,Córdoba,80+,Mujer,2564,1358.05,0.53,0.09,0.05,0.51,Muy alta
2005,14,Córdoba,80+,Varón,1469,924.14,0.63,0.08,0.05,0.65,Muy alta
2005,18,Corrientes,35-39,Mujer,910,509.8,0.56,0.04,0.02,0.55,Muy alta
2005,18,Corrientes,35-39,Varón,758,485.86,0.64,0.03,0.02,0.64,Muy alta
2005,18,Corrientes,40-44,Mujer,1851,634.33,0.34,0.09,0.03,0.33,Muy alta
2005,18,Corrientes,40-44,Varón,866,500.15,0.58,0.04,0.02,0.57,Muy alta
2005,18,Corrientes,45-49,Mujer,302,268.42,0.89,0.02,0.02,0.88,Muy alta
2005,18,Corrientes,45-49,Varón,1122,609.06,0.54,0.07,0.04,0.52,Muy alta
2005,18,Corrientes,50-54,Mujer,1328,528.67,0.4,0.06,0.02,0.4,Muy alta
2005,18,Corrientes,50-54,Varón,3469,1270.85,0.37,0.19,0.06,0.33,Muy alta
2005,18,Corrientes,55-59,Mujer,3428,1288.91,0.38,0.22,0.07,0.33,Muy alta
2005,18,Corrientes,55-59,Varón,2557,1352.63,0.53,0.18,0.08,0.46,Muy alta
2005,18,Corrientes,60-64,Mujer,2859,977.87,0.34,0.22,0.07,0.3,Alta
2005,18,Corrientes,60-64,Varón,2042,973.28,0.48,0.2,0.08,0.42,Muy alta
2005,18,Corrientes,65-69,Mujer,2181,844.69,0.39,0.21,0.07,0.35,Muy alta
2005,18,Corrientes,65-69,Varón,671,347.13,0.52,0.11,0.06,0.52,Muy alta
2005,18,Corrientes,70-74,Mujer,929,513.1,0.55,0.14,0.07,0.52,Muy alta
2005,18,Corrientes,70-74,Varón,2150,915.59,0.43,0.39,0.12,0.32,Muy alta
2005,18,Corrientes,75-79,Mujer,576,353.02,0.61,0.17,0.1,0.57,Muy alta
2005,18,Corrientes,75-79,Varón,1173,623.44,0.53,0.23,0.12,0.51,Muy alta
2005,18,Corrientes,80+,Mujer,0,0,NA,0,0,NA,NA
2005,18,Corrientes,80+,Varón,470,318.08,0.68,0.2,0.12,0.6,Muy alta
2005,22,Chaco,35-39,Mujer,3549,1212.29,0.34,0.14,0.04,0.31,Muy alta
2005,22,Chaco,35-39,Varón,875,531.92,0.61,0.04,0.02,0.6,Muy alta
2005,22,Chaco,40-44,Mujer,2045,677.03,0.33,0.08,0.03,0.32,Muy alta
2005,22,Chaco,40-44,Varón,1559,681.36,0.44,0.07,0.03,0.42,Muy alta
2005,22,Chaco,45-49,Mujer,1802,619.72,0.34,0.11,0.04,0.33,Muy alta
2005,22,Chaco,45-49,Varón,372,224.36,0.6,0.02,0.01,0.61,Muy alta
2005,22,Chaco,50-54,Mujer,1990,1193.01,0.6,0.12,0.06,0.54,Muy alta
2005,22,Chaco,50-54,Varón,2822,1300.61,0.46,0.12,0.05,0.43,Muy alta
2005,22,Chaco,55-59,Mujer,2530,826.09,0.33,0.2,0.06,0.29,Alta
2005,22,Chaco,55-59,Varón,1712,714.72,0.42,0.13,0.05,0.4,Muy alta
2005,22,Chaco,60-64,Mujer,1855,680.45,0.37,0.2,0.07,0.33,Muy alta
2005,22,Chaco,60-64,Varón,985,500.95,0.51,0.12,0.06,0.49,Muy alta
2005,22,Chaco,65-69,Mujer,912,434.9,0.48,0.1,0.05,0.46,Muy alta
2005,22,Chaco,65-69,Varón,1679,734.53,0.44,0.19,0.07,0.4,Muy alta
2005,22,Chaco,70-74,Mujer,4252,1348.87,0.32,0.35,0.09,0.24,Alta
2005,22,Chaco,70-74,Varón,816,398.22,0.49,0.15,0.08,0.54,Muy alta
2005,22,Chaco,75-79,Mujer,780,454.17,0.58,0.1,0.06,0.56,Muy alta
2005,22,Chaco,75-79,Varón,965,432.29,0.45,0.24,0.1,0.41,Muy alta
2005,22,Chaco,80+,Mujer,787,398.16,0.51,0.2,0.09,0.46,Muy alta
2005,22,Chaco,80+,Varón,255,187.95,0.74,0.07,0.05,0.75,Muy alta
2005,26,Chubut,35-39,Mujer,2144,827.4,0.39,0.13,0.05,0.35,Muy alta
2005,26,Chubut,35-39,Varón,456,225.57,0.49,0.04,0.02,0.5,Muy alta
2005,26,Chubut,40-44,Mujer,644,261.12,0.41,0.06,0.02,0.4,Muy alta
2005,26,Chubut,40-44,Varón,1374,570.75,0.42,0.1,0.04,0.4,Muy alta
2005,26,Chubut,45-49,Mujer,1641,482.12,0.29,0.19,0.05,0.28,Alta
2005,26,Chubut,45-49,Varón,575,242.52,0.42,0.08,0.03,0.42,Muy alta
2005,26,Chubut,50-54,Mujer,1442,470,0.33,0.11,0.03,0.32,Muy alta
2005,26,Chubut,50-54,Varón,1089,429.14,0.39,0.1,0.04,0.39,Muy alta
2005,26,Chubut,55-59,Mujer,1033,369.17,0.36,0.13,0.04,0.35,Muy alta
2005,26,Chubut,55-59,Varón,1967,669.4,0.34,0.3,0.08,0.27,Alta
2005,26,Chubut,60-64,Mujer,745,261.49,0.35,0.11,0.04,0.36,Muy alta
2005,26,Chubut,60-64,Varón,771,273.38,0.35,0.1,0.04,0.38,Muy alta
2005,26,Chubut,65-69,Mujer,1336,628.42,0.47,0.19,0.08,0.42,Muy alta
2005,26,Chubut,65-69,Varón,665,312.69,0.47,0.11,0.05,0.5,Muy alta
2005,26,Chubut,70-74,Mujer,831,248.9,0.3,0.24,0.07,0.29,Alta
2005,26,Chubut,70-74,Varón,599,267.4,0.45,0.25,0.1,0.41,Muy alta
2005,26,Chubut,75-79,Mujer,879,318.85,0.36,0.26,0.09,0.34,Muy alta
2005,26,Chubut,75-79,Varón,510,251.75,0.49,0.28,0.12,0.42,Muy alta
2005,26,Chubut,80+,Mujer,1122,584.37,0.52,0.31,0.12,0.39,Muy alta
2005,26,Chubut,80+,Varón,82,82,1,0.19,0.21,1.06,Muy alta
2005,30,Entre Ríos,35-39,Mujer,667,349.37,0.52,0.02,0.01,0.53,Muy alta
2005,30,Entre Ríos,35-39,Varón,125,125,1,0.01,0.01,1.01,Muy alta
2005,30,Entre Ríos,40-44,Mujer,1360,793.33,0.58,0.05,0.03,0.57,Muy alta
2005,30,Entre Ríos,40-44,Varón,534,370.8,0.69,0.02,0.01,0.7,Muy alta
2005,30,Entre Ríos,45-49,Mujer,470,364.58,0.78,0.02,0.02,0.77,Muy alta
2005,30,Entre Ríos,45-49,Varón,1313,697.43,0.53,0.05,0.02,0.53,Muy alta
2005,30,Entre Ríos,50-54,Mujer,3327,1574.84,0.47,0.13,0.06,0.44,Muy alta
2005,30,Entre Ríos,50-54,Varón,3146,1473.51,0.47,0.13,0.06,0.44,Muy alta
2005,30,Entre Ríos,55-59,Mujer,3014,1235.11,0.41,0.13,0.05,0.39,Muy alta
2005,30,Entre Ríos,55-59,Varón,5768,2236.68,0.39,0.2,0.07,0.34,Muy alta
2005,30,Entre Ríos,60-64,Mujer,3193,1214.69,0.38,0.14,0.05,0.36,Muy alta
2005,30,Entre Ríos,60-64,Varón,3075,1362.2,0.44,0.17,0.07,0.4,Muy alta
2005,30,Entre Ríos,65-69,Mujer,2137,982.84,0.46,0.12,0.05,0.44,Muy alta
2005,30,Entre Ríos,65-69,Varón,986,479.2,0.49,0.07,0.04,0.5,Muy alta
2005,30,Entre Ríos,70-74,Mujer,4747,2336.78,0.49,0.3,0.11,0.37,Muy alta
2005,30,Entre Ríos,70-74,Varón,2347,1102.29,0.47,0.19,0.08,0.43,Muy alta
2005,30,Entre Ríos,75-79,Mujer,3061,1677.94,0.55,0.24,0.11,0.45,Muy alta
2005,30,Entre Ríos,75-79,Varón,2370,1411.71,0.6,0.19,0.1,0.53,Muy alta
2005,30,Entre Ríos,80+,Mujer,2383,1023.02,0.43,0.13,0.06,0.46,Muy alta
2005,30,Entre Ríos,80+,Varón,1101,860.07,0.78,0.2,0.14,0.7,Muy alta
2005,34,Formosa,35-39,Mujer,510,222.01,0.44,0.04,0.02,0.44,Muy alta
2005,34,Formosa,35-39,Varón,818,314.49,0.38,0.07,0.03,0.39,Muy alta
2005,34,Formosa,40-44,Mujer,779,372.79,0.48,0.07,0.03,0.46,Muy alta
2005,34,Formosa,40-44,Varón,1245,648.5,0.52,0.1,0.05,0.49,Muy alta
2005,34,Formosa,45-49,Mujer,1063,336.02,0.32,0.15,0.04,0.3,Alta
2005,34,Formosa,45-49,Varón,1011,376.6,0.37,0.12,0.05,0.36,Muy alta
2005,34,Formosa,50-54,Mujer,942,351.75,0.37,0.12,0.04,0.36,Muy alta
2005,34,Formosa,50-54,Varón,871,345.75,0.4,0.1,0.04,0.39,Muy alta
2005,34,Formosa,55-59,Mujer,1976,1130.37,0.57,0.31,0.13,0.42,Muy alta
2005,34,Formosa,55-59,Varón,509,270.95,0.53,0.07,0.04,0.52,Muy alta
2005,34,Formosa,60-64,Mujer,826,566.93,0.69,0.25,0.14,0.58,Muy alta
2005,34,Formosa,60-64,Varón,417,217,0.52,0.1,0.06,0.54,Muy alta
2005,34,Formosa,65-69,Mujer,1683,558.37,0.33,0.4,0.12,0.31,Muy alta
2005,34,Formosa,65-69,Varón,238,168.29,0.71,0.11,0.08,0.71,Muy alta
2005,34,Formosa,70-74,Mujer,551,207.85,0.38,0.18,0.07,0.38,Muy alta
2005,34,Formosa,70-74,Varón,25,25,1,0.02,0.02,1.02,Muy alta
2005,34,Formosa,75-79,Mujer,1160,887.54,0.77,0.26,0.19,0.7,Muy alta
2005,34,Formosa,75-79,Varón,110,85.44,0.78,0.05,0.04,0.83,Muy alta
2005,34,Formosa,80+,Mujer,325,159.04,0.49,0.14,0.07,0.49,Muy alta
2005,34,Formosa,80+,Varón,74,52.34,0.71,0.04,0.03,0.75,Muy alta
2005,38,Jujuy,35-39,Mujer,704,392.97,0.56,0.03,0.02,0.56,Muy alta
2005,38,Jujuy,35-39,Varón,99,99,1,0.01,0.01,1,Muy alta
2005,38,Jujuy,40-44,Mujer,987,382.91,0.39,0.06,0.02,0.4,Muy alta
2005,38,Jujuy,40-44,Varón,487,350.58,0.72,0.04,0.03,0.72,Muy alta
2005,38,Jujuy,45-49,Mujer,595,323.8,0.54,0.05,0.03,0.55,Muy alta
2005,38,Jujuy,45-49,Varón,265,148.68,0.56,0.03,0.02,0.57,Muy alta
2005,38,Jujuy,50-54,Mujer,284,167.61,0.59,0.03,0.02,0.59,Muy alta
2005,38,Jujuy,50-54,Varón,1351,494.13,0.37,0.1,0.04,0.36,Muy alta
2005,38,Jujuy,55-59,Mujer,724,328.66,0.45,0.06,0.03,0.56,Muy alta
2005,38,Jujuy,55-59,Varón,976,754.11,0.77,0.1,0.07,0.73,Muy alta
2005,38,Jujuy,60-64,Mujer,655,278.04,0.42,0.11,0.05,0.42,Muy alta
2005,38,Jujuy,60-64,Varón,995,481.69,0.48,0.11,0.05,0.47,Muy alta
2005,38,Jujuy,65-69,Mujer,519,292.41,0.56,0.09,0.05,0.55,Muy alta
2005,38,Jujuy,65-69,Varón,1778,634.02,0.36,0.26,0.08,0.31,Muy alta
2005,38,Jujuy,70-74,Mujer,161,161,1,0.03,0.03,1,Muy alta
2005,38,Jujuy,70-74,Varón,0,0,NA,0,0,NA,NA
2005,38,Jujuy,75-79,Mujer,506,215.01,0.42,0.12,0.06,0.47,Muy alta
2005,38,Jujuy,75-79,Varón,564,295.24,0.52,0.2,0.1,0.48,Muy alta
2005,38,Jujuy,80+,Mujer,289,149.47,0.52,0.1,0.05,0.51,Muy alta
2005,38,Jujuy,80+,Varón,214,151.38,0.71,0.09,0.06,0.71,Muy alta
2005,42,La Pampa,35-39,Mujer,522,230.52,0.44,0.06,0.03,0.43,Muy alta
2005,42,La Pampa,35-39,Varón,0,0,NA,0,0,NA,NA
2005,42,La Pampa,40-44,Mujer,690,268.27,0.39,0.11,0.04,0.37,Muy alta
2005,42,La Pampa,40-44,Varón,0,0,NA,0,0,NA,NA
2005,42,La Pampa,45-49,Mujer,439,196.75,0.45,0.08,0.04,0.43,Muy alta
2005,42,La Pampa,45-49,Varón,97,97,1,0.02,0.02,1,Muy alta
2005,42,La Pampa,50-54,Mujer,417,227.88,0.55,0.07,0.04,0.53,Muy alta
2005,42,La Pampa,50-54,Varón,624,372.19,0.6,0.1,0.06,0.56,Muy alta
2005,42,La Pampa,55-59,Mujer,575,232.19,0.4,0.13,0.05,0.37,Muy alta
2005,42,La Pampa,55-59,Varón,705,285.15,0.4,0.17,0.06,0.38,Muy alta
2005,42,La Pampa,60-64,Mujer,289,154.02,0.53,0.11,0.05,0.5,Muy alta
2005,42,La Pampa,60-64,Varón,352,197.96,0.56,0.12,0.06,0.54,Muy alta
2005,42,La Pampa,65-69,Mujer,687,374.36,0.54,0.17,0.08,0.47,Muy alta
2005,42,La Pampa,65-69,Varón,438,255.56,0.58,0.2,0.11,0.53,Muy alta
2005,42,La Pampa,70-74,Mujer,353,168.94,0.48,0.11,0.05,0.46,Muy alta
2005,42,La Pampa,70-74,Varón,466,276.43,0.59,0.2,0.11,0.53,Muy alta
2005,42,La Pampa,75-79,Mujer,245,137.44,0.56,0.14,0.07,0.52,Muy alta
2005,42,La Pampa,75-79,Varón,773,353.47,0.46,0.27,0.1,0.37,Muy alta
2005,42,La Pampa,80+,Mujer,154,104.16,0.68,0.06,0.04,0.66,Muy alta
2005,42,La Pampa,80+,Varón,114,85.91,0.75,0.1,0.08,0.75,Muy alta
2005,46,La Rioja,35-39,Mujer,354,164.62,0.47,0.05,0.02,0.46,Muy alta
2005,46,La Rioja,35-39,Varón,124,100,0.81,0.01,0.01,0.8,Muy alta
2005,46,La Rioja,40-44,Mujer,1026,362.11,0.35,0.13,0.04,0.32,Muy alta
2005,46,La Rioja,40-44,Varón,637,307.83,0.48,0.1,0.04,0.45,Muy alta
2005,46,La Rioja,45-49,Mujer,715,246.41,0.34,0.15,0.05,0.32,Muy alta
2005,46,La Rioja,45-49,Varón,550,217.73,0.4,0.08,0.03,0.38,Muy alta
2005,46,La Rioja,50-54,Mujer,1194,402.8,0.34,0.21,0.06,0.29,Alta
2005,46,La Rioja,50-54,Varón,818,342.73,0.42,0.16,0.06,0.38,Muy alta
2005,46,La Rioja,55-59,Mujer,1343,424.68,0.32,0.29,0.07,0.26,Alta
2005,46,La Rioja,55-59,Varón,529,264.46,0.5,0.1,0.05,0.48,Muy alta
2005,46,La Rioja,60-64,Mujer,998,349.9,0.35,0.25,0.07,0.3,Alta
2005,46,La Rioja,60-64,Varón,678,273.37,0.4,0.14,0.06,0.39,Muy alta
2005,46,La Rioja,65-69,Mujer,118,118,1,0.04,0.04,0.98,Muy alta
2005,46,La Rioja,65-69,Varón,292,206.79,0.71,0.11,0.08,0.67,Muy alta
2005,46,La Rioja,70-74,Mujer,780,331.8,0.43,0.37,0.11,0.31,Muy alta
2005,46,La Rioja,70-74,Varón,1063,381.29,0.36,0.63,0.12,0.19,Moderada
2005,46,La Rioja,75-79,Mujer,344,188.55,0.55,0.26,0.12,0.45,Muy alta
2005,46,La Rioja,75-79,Varón,53,53,1,0.09,0.09,0.97,Muy alta
2005,46,La Rioja,80+,Mujer,259,175.9,0.68,0.21,0.12,0.59,Muy alta
2005,46,La Rioja,80+,Varón,33,33,1,0.02,0.02,1.03,Muy alta
2005,50,Mendoza,35-39,Mujer,610,610,1,0.01,0.01,0.99,Muy alta
2005,50,Mendoza,35-39,Varón,499,354.98,0.71,0.01,0.01,0.72,Muy alta
2005,50,Mendoza,40-44,Mujer,1804,821.88,0.46,0.05,0.02,0.45,Muy alta
2005,50,Mendoza,40-44,Varón,901,723.53,0.8,0.02,0.02,0.8,Muy alta
2005,50,Mendoza,45-49,Mujer,4322,1414.21,0.33,0.12,0.04,0.31,Muy alta
2005,50,Mendoza,45-49,Varón,2045,1076.22,0.53,0.06,0.03,0.52,Muy alta
2005,50,Mendoza,50-54,Mujer,2058,1333.3,0.65,0.06,0.04,0.62,Muy alta
2005,50,Mendoza,50-54,Varón,7258,2848.62,0.39,0.15,0.05,0.36,Muy alta
2005,50,Mendoza,55-59,Mujer,3715,1513.84,0.41,0.13,0.05,0.38,Muy alta
2005,50,Mendoza,55-59,Varón,2263,1214.07,0.54,0.1,0.05,0.51,Muy alta
2005,50,Mendoza,60-64,Mujer,5995,2303.02,0.38,0.18,0.06,0.34,Muy alta
2005,50,Mendoza,60-64,Varón,1536,879.33,0.57,0.08,0.05,0.56,Muy alta
2005,50,Mendoza,65-69,Mujer,2273,1149.05,0.51,0.08,0.04,0.49,Muy alta
2005,50,Mendoza,65-69,Varón,1850,863.5,0.47,0.13,0.06,0.45,Muy alta
2005,50,Mendoza,70-74,Mujer,1870,737.99,0.39,0.08,0.03,0.39,Muy alta
2005,50,Mendoza,70-74,Varón,945,668.21,0.71,0.09,0.06,0.69,Muy alta
2005,50,Mendoza,75-79,Mujer,2527,1160.27,0.46,0.13,0.06,0.45,Muy alta
2005,50,Mendoza,75-79,Varón,3787,1439.69,0.38,0.33,0.1,0.31,Muy alta
2005,50,Mendoza,80+,Mujer,3399,1402.65,0.41,0.2,0.07,0.37,Muy alta
2005,50,Mendoza,80+,Varón,3413,1342.91,0.39,0.33,0.11,0.32,Muy alta
2005,54,Misiones,35-39,Mujer,2148,949.18,0.44,0.09,0.04,0.42,Muy alta
2005,54,Misiones,35-39,Varón,374,321.28,0.86,0.02,0.02,0.85,Muy alta
2005,54,Misiones,40-44,Mujer,1157,755.11,0.65,0.05,0.03,0.63,Muy alta
2005,54,Misiones,40-44,Varón,745,431.56,0.58,0.05,0.03,0.57,Muy alta
2005,54,Misiones,45-49,Mujer,946,449.18,0.47,0.08,0.04,0.46,Muy alta
2005,54,Misiones,45-49,Varón,1664,816.66,0.49,0.08,0.04,0.47,Muy alta
2005,54,Misiones,50-54,Mujer,1927,1098.29,0.57,0.13,0.07,0.52,Muy alta
2005,54,Misiones,50-54,Varón,1742,719.66,0.41,0.12,0.05,0.39,Muy alta
2005,54,Misiones,55-59,Mujer,2085,869.12,0.42,0.16,0.07,0.4,Muy alta
2005,54,Misiones,55-59,Varón,1317,607.26,0.46,0.09,0.04,0.45,Muy alta
2005,54,Misiones,60-64,Mujer,3544,1341.25,0.38,0.25,0.08,0.31,Muy alta
2005,54,Misiones,60-64,Varón,1628,587.46,0.36,0.2,0.07,0.34,Muy alta
2005,54,Misiones,65-69,Mujer,1582,629.16,0.4,0.25,0.09,0.34,Muy alta
2005,54,Misiones,65-69,Varón,936,492.31,0.53,0.18,0.09,0.48,Muy alta
2005,54,Misiones,70-74,Mujer,484,386.5,0.8,0.07,0.06,0.77,Muy alta
2005,54,Misiones,70-74,Varón,705,511.97,0.73,0.1,0.07,0.69,Muy alta
2005,54,Misiones,75-79,Mujer,579,314.85,0.54,0.14,0.07,0.52,Muy alta
2005,54,Misiones,75-79,Varón,1362,607.96,0.45,0.2,0.08,0.42,Muy alta
2005,54,Misiones,80+,Mujer,386,245.21,0.64,0.13,0.08,0.62,Muy alta
2005,54,Misiones,80+,Varón,720,353.96,0.49,0.17,0.09,0.5,Muy alta
2005,58,Neuquén,35-39,Mujer,2820,813.77,0.29,0.15,0.04,0.26,Alta
2005,58,Neuquén,35-39,Varón,521,314.63,0.6,0.03,0.02,0.6,Muy alta
2005,58,Neuquén,40-44,Mujer,1035,509.56,0.49,0.07,0.03,0.47,Muy alta
2005,58,Neuquén,40-44,Varón,663,405.03,0.61,0.06,0.03,0.59,Muy alta
2005,58,Neuquén,45-49,Mujer,765,334.78,0.44,0.07,0.03,0.42,Muy alta
2005,58,Neuquén,45-49,Varón,141,141,1,0.01,0.01,1,Muy alta
2005,58,Neuquén,50-54,Mujer,1979,713.26,0.36,0.17,0.06,0.32,Muy alta
2005,58,Neuquén,50-54,Varón,2447,895.61,0.37,0.18,0.06,0.33,Muy alta
2005,58,Neuquén,55-59,Mujer,319,195.14,0.61,0.05,0.03,0.6,Muy alta
2005,58,Neuquén,55-59,Varón,922,362,0.39,0.11,0.04,0.39,Muy alta
2005,58,Neuquén,60-64,Mujer,776,366.46,0.47,0.17,0.07,0.43,Muy alta
2005,58,Neuquén,60-64,Varón,1439,563.78,0.39,0.22,0.08,0.34,Muy alta
2005,58,Neuquén,65-69,Mujer,681,342.61,0.5,0.24,0.1,0.42,Muy alta
2005,58,Neuquén,65-69,Varón,560,290.83,0.52,0.2,0.09,0.46,Muy alta
2005,58,Neuquén,70-74,Mujer,884,342.89,0.39,0.21,0.08,0.37,Muy alta
2005,58,Neuquén,70-74,Varón,631,294.43,0.47,0.18,0.08,0.47,Muy alta
2005,58,Neuquén,75-79,Mujer,629,348.61,0.55,0.14,0.08,0.55,Muy alta
2005,58,Neuquén,75-79,Varón,466,258.82,0.56,0.17,0.09,0.53,Muy alta
2005,58,Neuquén,80+,Mujer,639,269.99,0.42,0.22,0.09,0.4,Muy alta
2005,58,Neuquén,80+,Varón,0,0,NA,0,0,NA,NA
2005,62,Río Negro,35-39,Mujer,1588,552.51,0.35,0.08,0.03,0.34,Muy alta
2005,62,Río Negro,35-39,Varón,176,176,1,0.01,0.01,1,Muy alta
2005,62,Río Negro,40-44,Mujer,1532,570.93,0.37,0.13,0.05,0.34,Muy alta
2005,62,Río Negro,40-44,Varón,1072,724.49,0.68,0.07,0.05,0.64,Muy alta
2005,62,Río Negro,45-49,Mujer,1469,573.19,0.39,0.12,0.04,0.36,Muy alta
2005,62,Río Negro,45-49,Varón,757,353.23,0.47,0.06,0.03,0.47,Muy alta
2005,62,Río Negro,50-54,Mujer,3028,834.56,0.28,0.21,0.05,0.24,Alta
2005,62,Río Negro,50-54,Varón,923,527.2,0.57,0.06,0.03,0.56,Muy alta
2005,62,Río Negro,55-59,Mujer,1606,506.66,0.32,0.14,0.04,0.31,Muy alta
2005,62,Río Negro,55-59,Varón,992,524.91,0.53,0.11,0.06,0.51,Muy alta
2005,62,Río Negro,60-64,Mujer,1869,847.29,0.45,0.22,0.08,0.38,Muy alta
2005,62,Río Negro,60-64,Varón,3157,1294.06,0.41,0.34,0.1,0.3,Alta
2005,62,Río Negro,65-69,Mujer,736,345.04,0.47,0.1,0.05,0.45,Muy alta
2005,62,Río Negro,65-69,Varón,1050,417.44,0.4,0.15,0.06,0.4,Muy alta
2005,62,Río Negro,70-74,Mujer,2122,740.02,0.35,0.35,0.09,0.27,Alta
2005,62,Río Negro,70-74,Varón,614,298.54,0.49,0.14,0.07,0.48,Muy alta
2005,62,Río Negro,75-79,Mujer,1232,554.14,0.45,0.28,0.1,0.37,Muy alta
2005,62,Río Negro,75-79,Varón,1180,485.34,0.41,0.35,0.11,0.32,Muy alta
2005,62,Río Negro,80+,Mujer,629,323,0.51,0.14,0.07,0.49,Muy alta
2005,62,Río Negro,80+,Varón,895,828.87,0.93,0.24,0.18,0.77,Muy alta
2005,66,Salta,35-39,Mujer,1105,936.85,0.85,0.03,0.03,0.83,Muy alta
2005,66,Salta,35-39,Varón,455,322.01,0.71,0.02,0.01,0.71,Muy alta
2005,66,Salta,40-44,Mujer,1458,686.98,0.47,0.07,0.03,0.46,Muy alta
2005,66,Salta,40-44,Varón,966,675.55,0.7,0.04,0.02,0.69,Muy alta
2005,66,Salta,45-49,Mujer,635,367.3,0.58,0.03,0.02,0.58,Muy alta
2005,66,Salta,45-49,Varón,1058,501.05,0.47,0.06,0.03,0.47,Muy alta
2005,66,Salta,50-54,Mujer,2484,850.26,0.34,0.12,0.04,0.35,Muy alta
2005,66,Salta,50-54,Varón,835,599.5,0.72,0.04,0.03,0.71,Muy alta
2005,66,Salta,55-59,Mujer,1536,656.65,0.43,0.08,0.03,0.43,Muy alta
2005,66,Salta,55-59,Varón,237,169.2,0.71,0.02,0.01,0.73,Muy alta
2005,66,Salta,60-64,Mujer,631,287.96,0.46,0.07,0.03,0.47,Muy alta
2005,66,Salta,60-64,Varón,1407,792.59,0.56,0.12,0.06,0.52,Muy alta
2005,66,Salta,65-69,Mujer,1000,431.86,0.43,0.09,0.04,0.43,Muy alta
2005,66,Salta,65-69,Varón,696,460.19,0.66,0.11,0.07,0.63,Muy alta
2005,66,Salta,70-74,Mujer,1110,474.6,0.43,0.12,0.05,0.42,Muy alta
2005,66,Salta,70-74,Varón,621,476.31,0.77,0.09,0.07,0.74,Muy alta
2005,66,Salta,75-79,Mujer,693,300.93,0.43,0.18,0.07,0.41,Muy alta
2005,66,Salta,75-79,Varón,1275,821.13,0.64,0.15,0.1,0.63,Muy alta
2005,66,Salta,80+,Mujer,1094,463.25,0.42,0.13,0.06,0.47,Muy alta
2005,66,Salta,80+,Varón,357,207.72,0.58,0.1,0.06,0.63,Muy alta
2005,70,San Juan,35-39,Mujer,2790,1044.08,0.37,0.13,0.05,0.34,Muy alta
2005,70,San Juan,35-39,Varón,1101,649.83,0.59,0.06,0.03,0.57,Muy alta
2005,70,San Juan,40-44,Mujer,1416,527.88,0.37,0.08,0.03,0.36,Muy alta
2005,70,San Juan,40-44,Varón,311,215.54,0.69,0.03,0.02,0.69,Muy alta
2005,70,San Juan,45-49,Mujer,962,471.41,0.49,0.08,0.04,0.47,Muy alta
2005,70,San Juan,45-49,Varón,669,351.55,0.53,0.05,0.03,0.52,Muy alta
2005,70,San Juan,50-54,Mujer,2290,792.01,0.35,0.14,0.04,0.32,Muy alta
2005,70,San Juan,50-54,Varón,850,582.91,0.69,0.05,0.04,0.67,Muy alta
2005,70,San Juan,55-59,Mujer,1928,788.99,0.41,0.15,0.06,0.37,Muy alta
2005,70,San Juan,55-59,Varón,987,603.21,0.61,0.1,0.06,0.58,Muy alta
2005,70,San Juan,60-64,Mujer,2029,749.31,0.37,0.17,0.06,0.34,Muy alta
2005,70,San Juan,60-64,Varón,2079,793.02,0.38,0.19,0.07,0.34,Muy alta
2005,70,San Juan,65-69,Mujer,1326,540.86,0.41,0.2,0.07,0.36,Muy alta
2005,70,San Juan,65-69,Varón,728,390.15,0.54,0.13,0.07,0.52,Muy alta
2005,70,San Juan,70-74,Mujer,1982,612.28,0.31,0.27,0.07,0.27,Alta
2005,70,San Juan,70-74,Varón,1419,688.43,0.49,0.38,0.13,0.36,Muy alta
2005,70,San Juan,75-79,Mujer,1555,758.98,0.49,0.24,0.1,0.41,Muy alta
2005,70,San Juan,75-79,Varón,1898,803.85,0.42,0.31,0.11,0.37,Muy alta
2005,70,San Juan,80+,Mujer,412,306,0.74,0.09,0.07,0.7,Muy alta
2005,70,San Juan,80+,Varón,1357,710.31,0.52,0.32,0.13,0.4,Muy alta
2005,74,San Luis,35-39,Mujer,1608,570.92,0.36,0.16,0.05,0.32,Muy alta
2005,74,San Luis,35-39,Varón,1150,457.16,0.4,0.09,0.03,0.38,Muy alta
2005,74,San Luis,40-44,Mujer,1371,427.95,0.31,0.12,0.04,0.3,Alta
2005,74,San Luis,40-44,Varón,450,327.57,0.73,0.05,0.04,0.7,Muy alta
2005,74,San Luis,45-49,Mujer,991,339.07,0.34,0.13,0.04,0.32,Muy alta
2005,74,San Luis,45-49,Varón,820,372.41,0.45,0.1,0.04,0.43,Muy alta
2005,74,San Luis,50-54,Mujer,1937,587.59,0.3,0.18,0.05,0.28,Alta
2005,74,San Luis,50-54,Varón,873,396.23,0.45,0.11,0.05,0.44,Muy alta
2005,74,San Luis,55-59,Mujer,1164,428.29,0.37,0.13,0.04,0.34,Muy alta
2005,74,San Luis,55-59,Varón,1227,511.83,0.42,0.16,0.06,0.38,Muy alta
2005,74,San Luis,60-64,Mujer,392,225.42,0.58,0.07,0.04,0.55,Muy alta
2005,74,San Luis,60-64,Varón,468,276.7,0.59,0.14,0.08,0.56,Muy alta
2005,74,San Luis,65-69,Mujer,516,214.56,0.42,0.13,0.05,0.41,Muy alta
2005,74,San Luis,65-69,Varón,1441,649.87,0.45,0.27,0.11,0.39,Muy alta
2005,74,San Luis,70-74,Mujer,450,194.96,0.43,0.09,0.04,0.43,Muy alta
2005,74,San Luis,70-74,Varón,282,180.17,0.64,0.1,0.06,0.63,Muy alta
2005,74,San Luis,75-79,Mujer,245,145.23,0.59,0.13,0.07,0.56,Muy alta
2005,74,San Luis,75-79,Varón,347,168.43,0.49,0.14,0.07,0.49,Muy alta
2005,74,San Luis,80+,Mujer,686,287.61,0.42,0.21,0.08,0.38,Muy alta
2005,74,San Luis,80+,Varón,0,0,NA,0,0,NA,NA
2005,78,Santa Cruz,35-39,Mujer,242,111.3,0.46,0.04,0.02,0.46,Muy alta
2005,78,Santa Cruz,35-39,Varón,162,143.4,0.89,0.03,0.02,0.88,Muy alta
2005,78,Santa Cruz,40-44,Mujer,818,295.37,0.36,0.14,0.05,0.34,Muy alta
2005,78,Santa Cruz,40-44,Varón,591,231.1,0.39,0.09,0.03,0.38,Muy alta
2005,78,Santa Cruz,45-49,Mujer,689,256.16,0.37,0.16,0.05,0.34,Muy alta
2005,78,Santa Cruz,45-49,Varón,565,306.24,0.54,0.11,0.06,0.5,Muy alta
2005,78,Santa Cruz,50-54,Mujer,939,319.56,0.34,0.2,0.06,0.3,Alta
2005,78,Santa Cruz,50-54,Varón,995,350.88,0.35,0.15,0.05,0.33,Muy alta
2005,78,Santa Cruz,55-59,Mujer,298,144.57,0.49,0.1,0.05,0.47,Muy alta
2005,78,Santa Cruz,55-59,Varón,506,251.98,0.5,0.16,0.07,0.45,Muy alta
2005,78,Santa Cruz,60-64,Mujer,446,154.91,0.35,0.14,0.05,0.34,Muy alta
2005,78,Santa Cruz,60-64,Varón,483,235.19,0.49,0.16,0.07,0.44,Muy alta
2005,78,Santa Cruz,65-69,Mujer,593,273.38,0.46,0.21,0.08,0.4,Muy alta
2005,78,Santa Cruz,65-69,Varón,289,114.45,0.4,0.12,0.05,0.41,Muy alta
2005,78,Santa Cruz,70-74,Mujer,344,160.63,0.47,0.17,0.07,0.43,Muy alta
2005,78,Santa Cruz,70-74,Varón,56,56,1,0.1,0.09,0.95,Muy alta
2005,78,Santa Cruz,75-79,Mujer,103,63.28,0.61,0.1,0.06,0.66,Muy alta
2005,78,Santa Cruz,75-79,Varón,121,74.31,0.61,0.22,0.12,0.55,Muy alta
2005,78,Santa Cruz,80+,Mujer,82,49.11,0.6,0.15,0.09,0.61,Muy alta
2005,78,Santa Cruz,80+,Varón,0,0,NA,0,0,NA,NA
2005,82,Santa Fe,35-39,Mujer,4414,2559.25,0.58,0.05,0.03,0.56,Muy alta
2005,82,Santa Fe,35-39,Varón,761,602.41,0.79,0.01,0.01,0.8,Muy alta
2005,82,Santa Fe,40-44,Mujer,2983,1406.31,0.47,0.04,0.02,0.47,Muy alta
2005,82,Santa Fe,40-44,Varón,3989,1882.65,0.47,0.05,0.02,0.47,Muy alta
2005,82,Santa Fe,45-49,Mujer,2958,1467.17,0.5,0.05,0.02,0.49,Muy alta
2005,82,Santa Fe,45-49,Varón,4262,2330.52,0.55,0.05,0.03,0.54,Muy alta
2005,82,Santa Fe,50-54,Mujer,9864,4025.51,0.41,0.14,0.05,0.38,Muy alta
2005,82,Santa Fe,50-54,Varón,17012,5911.13,0.35,0.22,0.07,0.32,Muy alta
2005,82,Santa Fe,55-59,Mujer,9692,3385.07,0.35,0.14,0.05,0.33,Muy alta
2005,82,Santa Fe,55-59,Varón,12160,5563.21,0.46,0.22,0.09,0.4,Muy alta
2005,82,Santa Fe,60-64,Mujer,6859,2515.08,0.37,0.12,0.04,0.35,Muy alta
2005,82,Santa Fe,60-64,Varón,14461,5448.43,0.38,0.29,0.09,0.31,Muy alta
2005,82,Santa Fe,65-69,Mujer,13748,4450.02,0.32,0.24,0.07,0.28,Alta
2005,82,Santa Fe,65-69,Varón,12742,5701.07,0.45,0.3,0.1,0.35,Muy alta
2005,82,Santa Fe,70-74,Mujer,4710,1978.56,0.42,0.08,0.03,0.42,Muy alta
2005,82,Santa Fe,70-74,Varón,330,330,1,0.01,0.01,1.02,Muy alta
2005,82,Santa Fe,75-79,Mujer,1960,1103.02,0.56,0.05,0.03,0.56,Muy alta
2005,82,Santa Fe,75-79,Varón,7199,3776.12,0.52,0.25,0.11,0.46,Muy alta
2005,82,Santa Fe,80+,Mujer,2750,1366.09,0.5,0.06,0.03,0.49,Muy alta
2005,82,Santa Fe,80+,Varón,1164,587.28,0.5,0.11,0.06,0.52,Muy alta
2005,86,Santiago del Estero,35-39,Mujer,1109,394.69,0.36,0.06,0.02,0.35,Muy alta
2005,86,Santiago del Estero,35-39,Varón,1420,552.39,0.39,0.1,0.04,0.37,Muy alta
2005,86,Santiago del Estero,40-44,Mujer,1196,471.15,0.39,0.09,0.03,0.38,Muy alta
2005,86,Santiago del Estero,40-44,Varón,840,412.96,0.49,0.06,0.03,0.48,Muy alta
2005,86,Santiago del Estero,45-49,Mujer,1745,558.86,0.32,0.15,0.05,0.3,Alta
2005,86,Santiago del Estero,45-49,Varón,1268,588.72,0.46,0.11,0.05,0.43,Muy alta
2005,86,Santiago del Estero,50-54,Mujer,1483,735.21,0.5,0.13,0.06,0.45,Muy alta
2005,86,Santiago del Estero,50-54,Varón,2669,859.3,0.32,0.18,0.05,0.29,Alta
2005,86,Santiago del Estero,55-59,Mujer,2243,710.06,0.32,0.18,0.05,0.29,Alta
2005,86,Santiago del Estero,55-59,Varón,1245,435.43,0.35,0.18,0.06,0.33,Muy alta
2005,86,Santiago del Estero,60-64,Mujer,599,371.96,0.62,0.09,0.05,0.59,Muy alta
2005,86,Santiago del Estero,60-64,Varón,1963,772.92,0.39,0.3,0.09,0.32,Muy alta
2005,86,Santiago del Estero,65-69,Mujer,1427,705.84,0.49,0.21,0.09,0.43,Muy alta
2005,86,Santiago del Estero,65-69,Varón,1892,662.94,0.35,0.31,0.09,0.3,Alta
2005,86,Santiago del Estero,70-74,Mujer,1082,353.99,0.33,0.17,0.05,0.31,Muy alta
2005,86,Santiago del Estero,70-74,Varón,1038,449.08,0.43,0.34,0.12,0.35,Muy alta
2005,86,Santiago del Estero,75-79,Mujer,211,109.16,0.52,0.05,0.03,0.53,Muy alta
2005,86,Santiago del Estero,75-79,Varón,935,390.04,0.42,0.32,0.11,0.33,Muy alta
2005,86,Santiago del Estero,80+,Mujer,409,225.86,0.55,0.08,0.04,0.55,Muy alta
2005,86,Santiago del Estero,80+,Varón,318,204.41,0.64,0.09,0.06,0.63,Muy alta
2005,90,Tucumán,35-39,Mujer,4155,1755.8,0.42,0.11,0.04,0.39,Muy alta
2005,90,Tucumán,35-39,Varón,314,314,1,0.02,0.02,1,Muy alta
2005,90,Tucumán,40-44,Mujer,1256,783.79,0.62,0.04,0.03,0.61,Muy alta
2005,90,Tucumán,40-44,Varón,864,667.41,0.77,0.03,0.02,0.77,Muy alta
2005,90,Tucumán,45-49,Mujer,1612,734.18,0.46,0.06,0.03,0.45,Muy alta
2005,90,Tucumán,45-49,Varón,1668,894.48,0.54,0.07,0.03,0.52,Muy alta
2005,90,Tucumán,50-54,Mujer,3760,1324.23,0.35,0.11,0.04,0.33,Muy alta
2005,90,Tucumán,50-54,Varón,789,599.16,0.76,0.02,0.02,0.76,Muy alta
2005,90,Tucumán,55-59,Mujer,4778,1704.46,0.36,0.22,0.07,0.3,Alta
2005,90,Tucumán,55-59,Varón,2684,1133.39,0.42,0.13,0.05,0.41,Muy alta
2005,90,Tucumán,60-64,Mujer,5667,1684.32,0.3,0.36,0.08,0.22,Alta
2005,90,Tucumán,60-64,Varón,5181,1676.69,0.32,0.27,0.08,0.28,Alta
2005,90,Tucumán,65-69,Mujer,3092,1457.07,0.47,0.24,0.09,0.39,Muy alta
2005,90,Tucumán,65-69,Varón,1815,822.52,0.45,0.17,0.07,0.45,Muy alta
2005,90,Tucumán,70-74,Mujer,2210,1343.85,0.61,0.12,0.07,0.56,Muy alta
2005,90,Tucumán,70-74,Varón,1085,854.77,0.79,0.1,0.08,0.74,Muy alta
2005,90,Tucumán,75-79,Mujer,411,299.26,0.73,0.06,0.04,0.73,Muy alta
2005,90,Tucumán,75-79,Varón,767,606.2,0.79,0.09,0.07,0.76,Muy alta
2005,90,Tucumán,80+,Mujer,1472,902.46,0.61,0.13,0.07,0.57,Muy alta
2005,90,Tucumán,80+,Varón,1396,1010.59,0.72,0.24,0.15,0.63,Muy alta
2005,94,Tierra del Fuego,35-39,Mujer,556,216.16,0.39,0.11,0.04,0.36,Muy alta
2005,94,Tierra del Fuego,35-39,Varón,347,167.09,0.48,0.08,0.03,0.46,Muy alta
2005,94,Tierra del Fuego,40-44,Mujer,576,190.45,0.33,0.12,0.04,0.31,Muy alta
2005,94,Tierra del Fuego,40-44,Varón,280,142.88,0.51,0.07,0.03,0.49,Muy alta
2005,94,Tierra del Fuego,45-49,Mujer,345,126.32,0.37,0.1,0.04,0.35,Muy alta
2005,94,Tierra del Fuego,45-49,Varón,242,137.77,0.57,0.08,0.04,0.54,Muy alta
2005,94,Tierra del Fuego,50-54,Mujer,586,192.78,0.33,0.22,0.06,0.3,Alta
2005,94,Tierra del Fuego,50-54,Varón,274,128.64,0.47,0.08,0.04,0.46,Muy alta
2005,94,Tierra del Fuego,55-59,Mujer,248,132.79,0.54,0.15,0.07,0.49,Muy alta
2005,94,Tierra del Fuego,55-59,Varón,69,51,0.74,0.06,0.04,0.74,Muy alta
2005,94,Tierra del Fuego,60-64,Mujer,195,94.17,0.48,0.21,0.09,0.44,Muy alta
2005,94,Tierra del Fuego,60-64,Varón,182,102.26,0.56,0.23,0.11,0.49,Muy alta
2005,94,Tierra del Fuego,65-69,Mujer,75,53.07,0.71,0.13,0.09,0.69,Muy alta
2005,94,Tierra del Fuego,65-69,Varón,129,93.81,0.73,0.28,0.16,0.58,Muy alta
2005,94,Tierra del Fuego,70-74,Mujer,82,49.7,0.61,0.21,0.12,0.6,Muy alta
2005,94,Tierra del Fuego,70-74,Varón,114,58.39,0.51,0.22,0.12,0.55,Muy alta
2005,94,Tierra del Fuego,75-79,Mujer,0,0,NA,0,0,NA,NA
2005,94,Tierra del Fuego,75-79,Varón,55,55,1,0.28,0.22,0.81,Muy alta
2005,94,Tierra del Fuego,80+,Mujer,17,17,1,0.07,0.07,1.06,Muy alta
2005,94,Tierra del Fuego,80+,Varón,50,50,1,0.25,0.23,0.92,Muy alta
2009,2,CABA,35-39,Mujer,8892,4635.82,0.52,0.06,0.03,0.5,Muy alta
2009,2,CABA,35-39,Varón,4919,3478.28,0.71,0.05,0.04,0.69,Muy alta
2009,2,CABA,40-44,Mujer,4114,2513.72,0.61,0.04,0.02,0.61,Muy alta
2009,2,CABA,40-44,Varón,0,0,NA,0,0,NA,NA
2009,2,CABA,45-49,Mujer,9631,6313.15,0.66,0.1,0.06,0.61,Muy alta
2009,2,CABA,45-49,Varón,14415,6945.56,0.48,0.17,0.07,0.43,Muy alta
2009,2,CABA,50-54,Mujer,5933,4359.94,0.73,0.05,0.04,0.72,Muy alta
2009,2,CABA,50-54,Varón,5978,3247.76,0.54,0.09,0.05,0.53,Muy alta
2009,2,CABA,55-59,Mujer,7004,3697.15,0.53,0.07,0.04,0.52,Muy alta
2009,2,CABA,55-59,Varón,7036,4495.61,0.64,0.1,0.06,0.6,Muy alta
2009,2,CABA,60-64,Mujer,16062,5600.39,0.35,0.2,0.06,0.32,Muy alta
2009,2,CABA,60-64,Varón,6304,3797.41,0.6,0.08,0.05,0.58,Muy alta
2009,2,CABA,65-69,Mujer,10988,6113.78,0.56,0.13,0.07,0.51,Muy alta
2009,2,CABA,65-69,Varón,5724,3328.34,0.58,0.1,0.05,0.56,Muy alta
2009,2,CABA,70-74,Mujer,7397,4282.67,0.58,0.13,0.07,0.53,Muy alta
2009,2,CABA,70-74,Varón,16178,6318.92,0.39,0.34,0.1,0.31,Muy alta
2009,2,CABA,75-79,Mujer,4299,1933.9,0.45,0.08,0.03,0.45,Muy alta
2009,2,CABA,75-79,Varón,1166,1166,1,0.03,0.03,1.02,Muy alta
2009,2,CABA,80+,Mujer,10421,4514.2,0.43,0.17,0.07,0.4,Muy alta
2009,2,CABA,80+,Varón,12390,5305.57,0.43,0.23,0.09,0.38,Muy alta
2009,6,Buenos Aires,35-39,Mujer,56880,12138.06,0.21,0.11,0.02,0.2,Moderada
2009,6,Buenos Aires,35-39,Varón,16827,5662.59,0.34,0.04,0.01,0.33,Muy alta
2009,6,Buenos Aires,40-44,Mujer,53246,12257.88,0.23,0.11,0.02,0.22,Alta
2009,6,Buenos Aires,40-44,Varón,18271,6066.44,0.33,0.05,0.02,0.33,Muy alta
2009,6,Buenos Aires,45-49,Mujer,31364,7786.89,0.25,0.08,0.02,0.24,Alta
2009,6,Buenos Aires,45-49,Varón,20939,7380.71,0.35,0.06,0.02,0.34,Muy alta
2009,6,Buenos Aires,50-54,Mujer,52550,11226.35,0.21,0.14,0.03,0.2,Moderada
2009,6,Buenos Aires,50-54,Varón,39732,10216.36,0.26,0.11,0.03,0.24,Alta
2009,6,Buenos Aires,55-59,Mujer,43509,11111.44,0.26,0.11,0.03,0.24,Alta
2009,6,Buenos Aires,55-59,Varón,51930,12420.06,0.24,0.14,0.03,0.22,Alta
2009,6,Buenos Aires,60-64,Mujer,90740,14631.3,0.16,0.25,0.03,0.14,Moderada
2009,6,Buenos Aires,60-64,Varón,85305,16509.63,0.19,0.25,0.04,0.16,Moderada
2009,6,Buenos Aires,65-69,Mujer,42867,9932.88,0.23,0.13,0.03,0.22,Alta
2009,6,Buenos Aires,65-69,Varón,36400,9543.83,0.26,0.18,0.04,0.24,Alta
2009,6,Buenos Aires,70-74,Mujer,58311,10346.36,0.18,0.22,0.04,0.16,Moderada
2009,6,Buenos Aires,70-74,Varón,45583,9707.97,0.21,0.23,0.04,0.19,Moderada
2009,6,Buenos Aires,75-79,Mujer,32689,8421.14,0.26,0.21,0.05,0.22,Alta
2009,6,Buenos Aires,75-79,Varón,35635,10361.86,0.29,0.26,0.06,0.25,Alta
2009,6,Buenos Aires,80+,Mujer,28723,6991.19,0.24,0.15,0.03,0.23,Alta
2009,6,Buenos Aires,80+,Varón,20690,6290.58,0.3,0.18,0.05,0.28,Alta
2009,10,Catamarca,35-39,Mujer,387,234.87,0.61,0.05,0.03,0.59,Muy alta
2009,10,Catamarca,35-39,Varón,0,0,NA,0,0,NA,NA
2009,10,Catamarca,40-44,Mujer,641,283.89,0.44,0.08,0.03,0.44,Muy alta
2009,10,Catamarca,40-44,Varón,253,150.72,0.6,0.04,0.02,0.59,Muy alta
2009,10,Catamarca,45-49,Mujer,668,311.07,0.47,0.08,0.04,0.45,Muy alta
2009,10,Catamarca,45-49,Varón,606,280.46,0.46,0.07,0.03,0.45,Muy alta
2009,10,Catamarca,50-54,Mujer,1238,392.36,0.32,0.13,0.04,0.31,Muy alta
2009,10,Catamarca,50-54,Varón,514,341.39,0.66,0.09,0.05,0.63,Muy alta
2009,10,Catamarca,55-59,Mujer,2095,882.73,0.42,0.34,0.1,0.31,Muy alta
2009,10,Catamarca,55-59,Varón,1559,555.59,0.36,0.24,0.07,0.31,Muy alta
2009,10,Catamarca,60-64,Mujer,1948,643.27,0.33,0.29,0.08,0.27,Alta
2009,10,Catamarca,60-64,Varón,752,348.07,0.46,0.18,0.08,0.43,Muy alta
2009,10,Catamarca,65-69,Mujer,987,430.59,0.44,0.33,0.12,0.35,Muy alta
2009,10,Catamarca,65-69,Varón,1247,531.48,0.43,0.47,0.14,0.3,Alta
2009,10,Catamarca,70-74,Mujer,997,363.05,0.36,0.28,0.09,0.33,Muy alta
2009,10,Catamarca,70-74,Varón,56,56,1,0.03,0.03,1.01,Muy alta
2009,10,Catamarca,75-79,Mujer,465,273.58,0.59,0.23,0.12,0.51,Muy alta
2009,10,Catamarca,75-79,Varón,124,124,1,0.1,0.09,0.96,Muy alta
2009,10,Catamarca,80+,Mujer,273,144.35,0.53,0.15,0.08,0.55,Muy alta
2009,10,Catamarca,80+,Varón,120,120,1,0.06,0.06,0.98,Muy alta
2009,14,Córdoba,35-39,Mujer,7544,2935.22,0.39,0.1,0.04,0.37,Muy alta
2009,14,Córdoba,35-39,Varón,5231,2004.44,0.38,0.06,0.02,0.38,Muy alta
2009,14,Córdoba,40-44,Mujer,9600,3306.16,0.34,0.12,0.04,0.32,Muy alta
2009,14,Córdoba,40-44,Varón,3397,2046.98,0.6,0.05,0.03,0.59,Muy alta
2009,14,Córdoba,45-49,Mujer,9091,3262.16,0.36,0.1,0.03,0.34,Muy alta
2009,14,Córdoba,45-49,Varón,7272,2716.28,0.37,0.1,0.04,0.36,Muy alta
2009,14,Córdoba,50-54,Mujer,8391,2996.97,0.36,0.1,0.03,0.35,Muy alta
2009,14,Córdoba,50-54,Varón,8560,3586.46,0.42,0.13,0.05,0.39,Muy alta
2009,14,Córdoba,55-59,Mujer,8942,2980.98,0.33,0.09,0.03,0.32,Muy alta
2009,14,Córdoba,55-59,Varón,8784,2911.15,0.33,0.13,0.04,0.33,Muy alta
2009,14,Córdoba,60-64,Mujer,11393,3117.2,0.27,0.16,0.04,0.26,Alta
2009,14,Córdoba,60-64,Varón,10610,3894.53,0.37,0.19,0.06,0.34,Muy alta
2009,14,Córdoba,65-69,Mujer,10055,3010.25,0.3,0.16,0.05,0.28,Alta
2009,14,Córdoba,65-69,Varón,9619,3773.96,0.39,0.18,0.06,0.35,Muy alta
2009,14,Córdoba,70-74,Mujer,4624,1635.39,0.35,0.11,0.04,0.35,Muy alta
2009,14,Córdoba,70-74,Varón,10962,3953.37,0.36,0.24,0.07,0.31,Muy alta
2009,14,Córdoba,75-79,Mujer,6341,1926.8,0.3,0.15,0.04,0.29,Alta
2009,14,Córdoba,75-79,Varón,6758,3044.73,0.45,0.3,0.11,0.36,Muy alta
2009,14,Córdoba,80+,Mujer,16047,4296.29,0.27,0.3,0.07,0.22,Alta
2009,14,Córdoba,80+,Varón,5262,2173.56,0.41,0.2,0.07,0.38,Muy alta
2009,18,Corrientes,35-39,Mujer,1579,700.48,0.44,0.05,0.02,0.44,Muy alta
2009,18,Corrientes,35-39,Varón,152,152,1,0.01,0.01,1.01,Muy alta
2009,18,Corrientes,40-44,Mujer,2030,792.58,0.39,0.08,0.03,0.38,Muy alta
2009,18,Corrientes,40-44,Varón,0,0,NA,0,0,NA,NA
2009,18,Corrientes,45-49,Mujer,5208,3328.47,0.64,0.22,0.11,0.52,Muy alta
2009,18,Corrientes,45-49,Varón,2628,1106.4,0.42,0.13,0.05,0.4,Muy alta
2009,18,Corrientes,50-54,Mujer,5800,1995.85,0.34,0.25,0.07,0.29,Alta
2009,18,Corrientes,50-54,Varón,0,0,NA,0,0,NA,NA
2009,18,Corrientes,55-59,Mujer,4774,1792.19,0.38,0.24,0.08,0.32,Muy alta
2009,18,Corrientes,55-59,Varón,3968,1559.81,0.39,0.21,0.07,0.35,Muy alta
2009,18,Corrientes,60-64,Mujer,2744,1015.82,0.37,0.15,0.05,0.36,Muy alta
2009,18,Corrientes,60-64,Varón,1016,705.51,0.69,0.12,0.08,0.66,Muy alta
2009,18,Corrientes,65-69,Mujer,3673,1519.01,0.41,0.33,0.11,0.33,Muy alta
2009,18,Corrientes,65-69,Varón,2082,1204.27,0.58,0.18,0.09,0.52,Muy alta
2009,18,Corrientes,70-74,Mujer,2353,1068.36,0.45,0.3,0.11,0.37,Muy alta
2009,18,Corrientes,70-74,Varón,1297,775.89,0.6,0.21,0.11,0.54,Muy alta
2009,18,Corrientes,75-79,Mujer,2614,1068.68,0.41,0.37,0.12,0.33,Muy alta
2009,18,Corrientes,75-79,Varón,1836,968.02,0.53,0.29,0.13,0.44,Muy alta
2009,18,Corrientes,80+,Mujer,651,405.48,0.62,0.13,0.08,0.61,Muy alta
2009,18,Corrientes,80+,Varón,0,0,NA,0,0,NA,NA
2009,22,Chaco,35-39,Mujer,1666,848.94,0.51,0.07,0.04,0.49,Muy alta
2009,22,Chaco,35-39,Varón,1211,717.26,0.59,0.05,0.03,0.58,Muy alta
2009,22,Chaco,40-44,Mujer,1105,614.97,0.56,0.04,0.02,0.55,Muy alta
2009,22,Chaco,40-44,Varón,319,319,1,0.02,0.02,0.99,Muy alta
2009,22,Chaco,45-49,Mujer,3621,1401.39,0.39,0.17,0.06,0.35,Muy alta
2009,22,Chaco,45-49,Varón,2697,1061.02,0.39,0.09,0.03,0.38,Muy alta
2009,22,Chaco,50-54,Mujer,5089,1719.51,0.34,0.22,0.07,0.3,Alta
2009,22,Chaco,50-54,Varón,370,370,1,0.02,0.02,1,Muy alta
2009,22,Chaco,55-59,Mujer,1737,860.57,0.5,0.12,0.06,0.47,Muy alta
2009,22,Chaco,55-59,Varón,1871,955.65,0.51,0.09,0.04,0.5,Muy alta
2009,22,Chaco,60-64,Mujer,3633,1337.44,0.37,0.21,0.07,0.33,Muy alta
2009,22,Chaco,60-64,Varón,3302,1280.28,0.39,0.24,0.08,0.34,Muy alta
2009,22,Chaco,65-69,Mujer,1601,839.57,0.52,0.12,0.06,0.49,Muy alta
2009,22,Chaco,65-69,Varón,1891,1009.65,0.53,0.35,0.14,0.41,Muy alta
2009,22,Chaco,70-74,Mujer,2201,862.15,0.39,0.2,0.07,0.36,Muy alta
2009,22,Chaco,70-74,Varón,2003,968.71,0.48,0.25,0.11,0.42,Muy alta
2009,22,Chaco,75-79,Mujer,730,446.62,0.61,0.17,0.1,0.57,Muy alta
2009,22,Chaco,75-79,Varón,1498,708.65,0.47,0.28,0.12,0.41,Muy alta
2009,22,Chaco,80+,Mujer,1503,919.11,0.61,0.15,0.08,0.56,Muy alta
2009,22,Chaco,80+,Varón,553,408.88,0.74,0.21,0.14,0.67,Muy alta
2009,26,Chubut,35-39,Mujer,1391,691.64,0.5,0.1,0.05,0.47,Muy alta
2009,26,Chubut,35-39,Varón,868,448.22,0.52,0.09,0.05,0.5,Muy alta
2009,26,Chubut,40-44,Mujer,1280,593.25,0.46,0.11,0.05,0.44,Muy alta
2009,26,Chubut,40-44,Varón,1511,737.02,0.49,0.11,0.05,0.45,Muy alta
2009,26,Chubut,45-49,Mujer,1062,571.91,0.54,0.09,0.04,0.52,Muy alta
2009,26,Chubut,45-49,Varón,1478,987.23,0.67,0.15,0.09,0.59,Muy alta
2009,26,Chubut,50-54,Mujer,1712,589.45,0.34,0.16,0.05,0.32,Muy alta
2009,26,Chubut,50-54,Varón,1671,647.37,0.39,0.13,0.05,0.37,Muy alta
2009,26,Chubut,55-59,Mujer,2452,884.89,0.36,0.21,0.07,0.32,Muy alta
2009,26,Chubut,55-59,Varón,1209,493,0.41,0.2,0.08,0.37,Muy alta
2009,26,Chubut,60-64,Mujer,984,445.6,0.45,0.13,0.05,0.43,Muy alta
2009,26,Chubut,60-64,Varón,1108,532.69,0.48,0.15,0.07,0.45,Muy alta
2009,26,Chubut,65-69,Mujer,1558,515.47,0.33,0.2,0.06,0.3,Alta
2009,26,Chubut,65-69,Varón,1105,500.54,0.45,0.24,0.09,0.39,Muy alta
2009,26,Chubut,70-74,Mujer,614,325.9,0.53,0.17,0.08,0.48,Muy alta
2009,26,Chubut,70-74,Varón,2762,977.5,0.35,0.47,0.11,0.24,Alta
2009,26,Chubut,75-79,Mujer,691,323.53,0.47,0.26,0.1,0.41,Muy alta
2009,26,Chubut,75-79,Varón,642,370.7,0.58,0.21,0.11,0.54,Muy alta
2009,26,Chubut,80+,Mujer,356,182.85,0.51,0.16,0.08,0.5,Muy alta
2009,26,Chubut,80+,Varón,352,250.34,0.71,0.22,0.14,0.66,Muy alta
2009,30,Entre Ríos,35-39,Mujer,3161,1484.32,0.47,0.08,0.03,0.45,Muy alta
2009,30,Entre Ríos,35-39,Varón,234,234,1,0.01,0.01,1,Muy alta
2009,30,Entre Ríos,40-44,Mujer,3053,1311.92,0.43,0.13,0.05,0.4,Muy alta
2009,30,Entre Ríos,40-44,Varón,451,451,1,0.02,0.02,0.99,Muy alta
2009,30,Entre Ríos,45-49,Mujer,5624,2403.57,0.43,0.21,0.08,0.37,Muy alta
2009,30,Entre Ríos,45-49,Varón,1328,986.58,0.74,0.06,0.04,0.72,Muy alta
2009,30,Entre Ríos,50-54,Mujer,5410,2121.32,0.39,0.18,0.06,0.35,Muy alta
2009,30,Entre Ríos,50-54,Varón,5596,2045,0.37,0.21,0.07,0.33,Muy alta
2009,30,Entre Ríos,55-59,Mujer,3557,1337.99,0.38,0.11,0.04,0.36,Muy alta
2009,30,Entre Ríos,55-59,Varón,4120,1684.37,0.41,0.17,0.06,0.37,Muy alta
2009,30,Entre Ríos,60-64,Mujer,2554,1309.86,0.51,0.12,0.06,0.48,Muy alta
2009,30,Entre Ríos,60-64,Varón,3873,1605.55,0.41,0.2,0.07,0.37,Muy alta
2009,30,Entre Ríos,65-69,Mujer,1737,957.34,0.55,0.11,0.06,0.52,Muy alta
2009,30,Entre Ríos,65-69,Varón,1892,949.03,0.5,0.13,0.06,0.48,Muy alta
2009,30,Entre Ríos,70-74,Mujer,2290,1058.81,0.46,0.15,0.06,0.43,Muy alta
2009,30,Entre Ríos,70-74,Varón,1063,777.1,0.73,0.19,0.13,0.66,Muy alta
2009,30,Entre Ríos,75-79,Mujer,4927,1656.23,0.34,0.27,0.08,0.29,Alta
2009,30,Entre Ríos,75-79,Varón,2251,1061.56,0.47,0.31,0.12,0.4,Muy alta
2009,30,Entre Ríos,80+,Mujer,3954,1825.2,0.46,0.18,0.07,0.4,Muy alta
2009,30,Entre Ríos,80+,Varón,949,674.53,0.71,0.17,0.11,0.64,Muy alta
2009,34,Formosa,35-39,Mujer,1080,453.16,0.42,0.08,0.03,0.41,Muy alta
2009,34,Formosa,35-39,Varón,746,383.48,0.51,0.06,0.03,0.5,Muy alta
2009,34,Formosa,40-44,Mujer,1285,528.14,0.41,0.09,0.04,0.39,Muy alta
2009,34,Formosa,40-44,Varón,1091,601.34,0.55,0.13,0.07,0.5,Muy alta
2009,34,Formosa,45-49,Mujer,1563,632.56,0.4,0.12,0.05,0.38,Muy alta
2009,34,Formosa,45-49,Varón,805,471.93,0.59,0.08,0.04,0.56,Muy alta
2009,34,Formosa,50-54,Mujer,1757,644.29,0.37,0.16,0.06,0.35,Muy alta
2009,34,Formosa,50-54,Varón,891,469.16,0.53,0.11,0.06,0.5,Muy alta
2009,34,Formosa,55-59,Mujer,846,464.52,0.55,0.1,0.05,0.52,Muy alta
2009,34,Formosa,55-59,Varón,534,407.84,0.76,0.05,0.04,0.75,Muy alta
2009,34,Formosa,60-64,Mujer,1776,623.04,0.35,0.27,0.08,0.3,Alta
2009,34,Formosa,60-64,Varón,910,638.74,0.7,0.16,0.1,0.63,Muy alta
2009,34,Formosa,65-69,Mujer,2003,698.27,0.35,0.35,0.09,0.26,Alta
2009,34,Formosa,65-69,Varón,442,319.52,0.72,0.11,0.08,0.68,Muy alta
2009,34,Formosa,70-74,Mujer,885,411.56,0.47,0.19,0.08,0.42,Muy alta
2009,34,Formosa,70-74,Varón,449,312.42,0.7,0.22,0.14,0.61,Muy alta
2009,34,Formosa,75-79,Mujer,426,225.3,0.53,0.12,0.06,0.53,Muy alta
2009,34,Formosa,75-79,Varón,97,97,1,0.04,0.04,1.02,Muy alta
2009,34,Formosa,80+,Mujer,233,172.65,0.74,0.05,0.03,0.76,Muy alta
2009,34,Formosa,80+,Varón,0,0,NA,0,0,NA,NA
2009,38,Jujuy,35-39,Mujer,1668,708.02,0.42,0.08,0.03,0.41,Muy alta
2009,38,Jujuy,35-39,Varón,1207,501.85,0.42,0.09,0.04,0.4,Muy alta
2009,38,Jujuy,40-44,Mujer,1668,739.53,0.44,0.09,0.04,0.42,Muy alta
2009,38,Jujuy,40-44,Varón,541,335.44,0.62,0.03,0.02,0.62,Muy alta
2009,38,Jujuy,45-49,Mujer,956,437.22,0.46,0.07,0.03,0.45,Muy alta
2009,38,Jujuy,45-49,Varón,1041,632.83,0.61,0.08,0.05,0.58,Muy alta
2009,38,Jujuy,50-54,Mujer,3581,1286.29,0.36,0.21,0.06,0.31,Muy alta
2009,38,Jujuy,50-54,Varón,1093,496.56,0.45,0.09,0.04,0.44,Muy alta
2009,38,Jujuy,55-59,Mujer,2530,1041.14,0.41,0.25,0.09,0.35,Muy alta
2009,38,Jujuy,55-59,Varón,2410,974.78,0.4,0.2,0.07,0.36,Muy alta
2009,38,Jujuy,60-64,Mujer,2053,856.4,0.42,0.14,0.05,0.38,Muy alta
2009,38,Jujuy,60-64,Varón,2661,951.03,0.36,0.3,0.09,0.3,Alta
2009,38,Jujuy,65-69,Mujer,845,485.36,0.57,0.12,0.06,0.54,Muy alta
2009,38,Jujuy,65-69,Varón,1570,655.06,0.42,0.24,0.09,0.37,Muy alta
2009,38,Jujuy,70-74,Mujer,1797,627.48,0.35,0.33,0.1,0.29,Alta
2009,38,Jujuy,70-74,Varón,1042,616.69,0.59,0.19,0.1,0.52,Muy alta
2009,38,Jujuy,75-79,Mujer,1875,804.95,0.43,0.33,0.11,0.34,Muy alta
2009,38,Jujuy,75-79,Varón,984,503.05,0.51,0.22,0.1,0.47,Muy alta
2009,38,Jujuy,80+,Mujer,1078,601.4,0.56,0.18,0.09,0.49,Muy alta
2009,38,Jujuy,80+,Varón,494,410.15,0.83,0.12,0.1,0.77,Muy alta
2009,42,La Pampa,35-39,Mujer,991,370.23,0.37,0.12,0.04,0.35,Muy alta
2009,42,La Pampa,35-39,Varón,124,124,1,0.02,0.02,0.99,Muy alta
2009,42,La Pampa,40-44,Mujer,1729,668.02,0.39,0.19,0.06,0.33,Muy alta
2009,42,La Pampa,40-44,Varón,325,192.29,0.59,0.05,0.03,0.58,Muy alta
2009,42,La Pampa,45-49,Mujer,497,246.33,0.5,0.06,0.03,0.49,Muy alta
2009,42,La Pampa,45-49,Varón,0,0,NA,0,0,NA,NA
2009,42,La Pampa,50-54,Mujer,1161,481.05,0.41,0.22,0.08,0.36,Muy alta
2009,42,La Pampa,50-54,Varón,783,356.32,0.46,0.12,0.05,0.44,Muy alta
2009,42,La Pampa,55-59,Mujer,746,309.2,0.41,0.12,0.05,0.4,Muy alta
2009,42,La Pampa,55-59,Varón,626,289.95,0.46,0.08,0.04,0.47,Muy alta
2009,42,La Pampa,60-64,Mujer,1308,426.98,0.33,0.23,0.07,0.29,Alta
2009,42,La Pampa,60-64,Varón,887,416.69,0.47,0.19,0.08,0.42,Muy alta
2009,42,La Pampa,65-69,Mujer,1079,432.36,0.4,0.22,0.08,0.34,Muy alta
2009,42,La Pampa,65-69,Varón,1190,467.93,0.39,0.25,0.09,0.34,Muy alta
2009,42,La Pampa,70-74,Mujer,706,294.55,0.42,0.17,0.07,0.38,Muy alta
2009,42,La Pampa,70-74,Varón,699,302.32,0.43,0.33,0.12,0.36,Muy alta
2009,42,La Pampa,75-79,Mujer,1143,351.64,0.31,0.4,0.1,0.24,Alta
2009,42,La Pampa,75-79,Varón,375,268.21,0.72,0.16,0.1,0.64,Muy alta
2009,42,La Pampa,80+,Mujer,653,323.59,0.5,0.16,0.07,0.44,Muy alta
2009,42,La Pampa,80+,Varón,497,366.88,0.74,0.21,0.13,0.62,Muy alta
2009,46,La Rioja,35-39,Mujer,948,514.38,0.54,0.11,0.05,0.5,Muy alta
2009,46,La Rioja,35-39,Varón,157,157,1,0.02,0.02,0.99,Muy alta
2009,46,La Rioja,40-44,Mujer,605,293,0.48,0.09,0.04,0.46,Muy alta
2009,46,La Rioja,40-44,Varón,891,307.28,0.34,0.14,0.04,0.33,Muy alta
2009,46,La Rioja,45-49,Mujer,1052,422.38,0.4,0.13,0.05,0.38,Muy alta
2009,46,La Rioja,45-49,Varón,1143,507.48,0.44,0.14,0.06,0.4,Muy alta
2009,46,La Rioja,50-54,Mujer,1771,586.14,0.33,0.27,0.08,0.28,Alta
2009,46,La Rioja,50-54,Varón,1632,565.23,0.35,0.26,0.08,0.29,Alta
2009,46,La Rioja,55-59,Mujer,1434,514.62,0.36,0.26,0.08,0.31,Muy alta
2009,46,La Rioja,55-59,Varón,591,310.43,0.53,0.11,0.06,0.51,Muy alta
2009,46,La Rioja,60-64,Mujer,1597,536.17,0.34,0.41,0.1,0.25,Alta
2009,46,La Rioja,60-64,Varón,1077,441.28,0.41,0.27,0.09,0.35,Muy alta
2009,46,La Rioja,65-69,Mujer,1749,538.06,0.31,0.44,0.1,0.22,Alta
2009,46,La Rioja,65-69,Varón,598,262.24,0.44,0.2,0.08,0.41,Muy alta
2009,46,La Rioja,70-74,Mujer,841,312.56,0.37,0.41,0.11,0.28,Alta
2009,46,La Rioja,70-74,Varón,1028,421.3,0.41,0.47,0.14,0.3,Alta
2009,46,La Rioja,75-79,Mujer,127,127,1,0.11,0.11,0.95,Muy alta
2009,46,La Rioja,75-79,Varón,94,66.47,0.71,0.11,0.08,0.75,Muy alta
2009,46,La Rioja,80+,Mujer,210,148.55,0.71,0.07,0.05,0.7,Muy alta
2009,46,La Rioja,80+,Varón,51,51,1,0.09,0.1,1.01,Muy alta
2009,50,Mendoza,35-39,Mujer,686,494.78,0.72,0.02,0.01,0.72,Muy alta
2009,50,Mendoza,35-39,Varón,2622,1316.61,0.5,0.07,0.03,0.49,Muy alta
2009,50,Mendoza,40-44,Mujer,1969,1152.31,0.59,0.06,0.03,0.57,Muy alta
2009,50,Mendoza,40-44,Varón,1976,1249.5,0.63,0.07,0.04,0.61,Muy alta
2009,50,Mendoza,45-49,Mujer,1703,995.44,0.58,0.05,0.03,0.58,Muy alta
2009,50,Mendoza,45-49,Varón,3916,2009.64,0.51,0.13,0.06,0.48,Muy alta
2009,50,Mendoza,50-54,Mujer,2202,1557.45,0.71,0.06,0.04,0.69,Muy alta
2009,50,Mendoza,50-54,Varón,6556,2888.71,0.44,0.2,0.08,0.39,Muy alta
2009,50,Mendoza,55-59,Mujer,4970,2173.69,0.44,0.13,0.06,0.41,Muy alta
2009,50,Mendoza,55-59,Varón,1267,786.47,0.62,0.04,0.03,0.63,Muy alta
2009,50,Mendoza,60-64,Mujer,6202,2346.94,0.38,0.17,0.06,0.35,Muy alta
2009,50,Mendoza,60-64,Varón,4160,2164.96,0.52,0.16,0.08,0.48,Muy alta
2009,50,Mendoza,65-69,Mujer,7564,2369.71,0.31,0.31,0.08,0.26,Alta
2009,50,Mendoza,65-69,Varón,4779,2042.08,0.43,0.25,0.09,0.37,Muy alta
2009,50,Mendoza,70-74,Mujer,4475,1818.6,0.41,0.18,0.07,0.37,Muy alta
2009,50,Mendoza,70-74,Varón,4527,1810.28,0.4,0.2,0.08,0.39,Muy alta
2009,50,Mendoza,75-79,Mujer,3903,1524.52,0.39,0.23,0.08,0.35,Muy alta
2009,50,Mendoza,75-79,Varón,736,736,1,0.06,0.05,0.97,Muy alta
2009,50,Mendoza,80+,Mujer,2606,1308.47,0.5,0.18,0.08,0.46,Muy alta
2009,50,Mendoza,80+,Varón,2960,1765.54,0.6,0.23,0.12,0.52,Muy alta
2009,54,Misiones,35-39,Mujer,3238,1151.16,0.36,0.12,0.04,0.33,Muy alta
2009,54,Misiones,35-39,Varón,1292,710.92,0.55,0.06,0.03,0.53,Muy alta
2009,54,Misiones,40-44,Mujer,2046,1009.91,0.49,0.08,0.04,0.47,Muy alta
2009,54,Misiones,40-44,Varón,605,427.92,0.71,0.04,0.03,0.7,Muy alta
2009,54,Misiones,45-49,Mujer,418,418,1,0.02,0.02,0.99,Muy alta
2009,54,Misiones,45-49,Varón,1032,673.44,0.65,0.04,0.02,0.64,Muy alta
2009,54,Misiones,50-54,Mujer,1710,1039.21,0.61,0.09,0.05,0.58,Muy alta
2009,54,Misiones,50-54,Varón,2142,1029.56,0.48,0.12,0.05,0.45,Muy alta
2009,54,Misiones,55-59,Mujer,2183,917.94,0.42,0.2,0.08,0.37,Muy alta
2009,54,Misiones,55-59,Varón,1907,928.02,0.49,0.15,0.07,0.45,Muy alta
2009,54,Misiones,60-64,Mujer,1227,535.52,0.44,0.13,0.05,0.42,Muy alta
2009,54,Misiones,60-64,Varón,2442,1580.03,0.65,0.18,0.1,0.56,Muy alta
2009,54,Misiones,65-69,Mujer,1213,538.55,0.44,0.21,0.08,0.41,Muy alta
2009,54,Misiones,65-69,Varón,523,400.92,0.77,0.06,0.05,0.77,Muy alta
2009,54,Misiones,70-74,Mujer,885,597.88,0.68,0.13,0.08,0.63,Muy alta
2009,54,Misiones,70-74,Varón,2116,1039.29,0.49,0.47,0.16,0.34,Muy alta
2009,54,Misiones,75-79,Mujer,1356,1023.4,0.75,0.26,0.16,0.6,Muy alta
2009,54,Misiones,75-79,Varón,1175,611.11,0.52,0.45,0.16,0.36,Muy alta
2009,54,Misiones,80+,Mujer,701,579.66,0.83,0.21,0.15,0.71,Muy alta
2009,54,Misiones,80+,Varón,0,0,NA,0,0,NA,NA
2009,58,Neuquén,35-39,Mujer,1488,651.2,0.44,0.07,0.03,0.43,Muy alta
2009,58,Neuquén,35-39,Varón,1362,635.11,0.47,0.09,0.04,0.45,Muy alta
2009,58,Neuquén,40-44,Mujer,789,423.82,0.54,0.05,0.03,0.54,Muy alta
2009,58,Neuquén,40-44,Varón,950,576.18,0.61,0.11,0.06,0.57,Muy alta
2009,58,Neuquén,45-49,Mujer,371,276.82,0.75,0.03,0.03,0.74,Muy alta
2009,58,Neuquén,45-49,Varón,0,0,NA,0,0,NA,NA
2009,58,Neuquén,50-54,Mujer,1244,617.3,0.5,0.1,0.05,0.48,Muy alta
2009,58,Neuquén,50-54,Varón,2394,1172.32,0.49,0.23,0.09,0.41,Muy alta
2009,58,Neuquén,55-59,Mujer,1473,619.37,0.42,0.16,0.06,0.4,Muy alta
2009,58,Neuquén,55-59,Varón,822,453.76,0.55,0.06,0.03,0.57,Muy alta
2009,58,Neuquén,60-64,Mujer,1542,612.03,0.4,0.18,0.06,0.37,Muy alta
2009,58,Neuquén,60-64,Varón,1541,656.49,0.43,0.15,0.06,0.4,Muy alta
2009,58,Neuquén,65-69,Mujer,250,180.56,0.72,0.04,0.03,0.73,Muy alta
2009,58,Neuquén,65-69,Varón,741,433.53,0.59,0.09,0.05,0.57,Muy alta
2009,58,Neuquén,70-74,Mujer,1398,581.26,0.42,0.37,0.12,0.33,Muy alta
2009,58,Neuquén,70-74,Varón,512,362.21,0.71,0.18,0.12,0.65,Muy alta
2009,58,Neuquén,75-79,Mujer,425,302.84,0.71,0.12,0.08,0.67,Muy alta
2009,58,Neuquén,75-79,Varón,1066,679.95,0.64,0.74,0.19,0.25,Alta
2009,58,Neuquén,80+,Mujer,654,345.3,0.53,0.19,0.1,0.5,Muy alta
2009,58,Neuquén,80+,Varón,0,0,NA,0,0,NA,NA
2009,62,Río Negro,35-39,Mujer,1324,568.63,0.43,0.06,0.03,0.42,Muy alta
2009,62,Río Negro,35-39,Varón,505,357.24,0.71,0.04,0.02,0.7,Muy alta
2009,62,Río Negro,40-44,Mujer,1084,506.96,0.47,0.06,0.03,0.46,Muy alta
2009,62,Río Negro,40-44,Varón,1541,707.84,0.46,0.12,0.05,0.43,Muy alta
2009,62,Río Negro,45-49,Mujer,1765,615.86,0.35,0.1,0.04,0.34,Muy alta
2009,62,Río Negro,45-49,Varón,2170,793.97,0.37,0.16,0.05,0.34,Muy alta
2009,62,Río Negro,50-54,Mujer,1577,706.97,0.45,0.11,0.05,0.42,Muy alta
2009,62,Río Negro,50-54,Varón,2355,846.82,0.36,0.16,0.05,0.33,Muy alta
2009,62,Río Negro,55-59,Mujer,1951,845.67,0.43,0.13,0.05,0.4,Muy alta
2009,62,Río Negro,55-59,Varón,949,416.76,0.44,0.09,0.04,0.44,Muy alta
2009,62,Río Negro,60-64,Mujer,1660,705.45,0.42,0.19,0.07,0.38,Muy alta
2009,62,Río Negro,60-64,Varón,753,390.85,0.52,0.12,0.06,0.5,Muy alta
2009,62,Río Negro,65-69,Mujer,3098,954.58,0.31,0.3,0.08,0.25,Alta
2009,62,Río Negro,65-69,Varón,1488,682.25,0.46,0.21,0.08,0.4,Muy alta
2009,62,Río Negro,70-74,Mujer,824,435.16,0.53,0.15,0.07,0.48,Muy alta
2009,62,Río Negro,70-74,Varón,1756,642.97,0.37,0.32,0.1,0.31,Muy alta
2009,62,Río Negro,75-79,Mujer,797,525.41,0.66,0.17,0.1,0.58,Muy alta
2009,62,Río Negro,75-79,Varón,1436,582.39,0.41,0.31,0.11,0.34,Muy alta
2009,62,Río Negro,80+,Mujer,895,366.76,0.41,0.21,0.09,0.42,Muy alta
2009,62,Río Negro,80+,Varón,1494,585.38,0.39,0.29,0.1,0.34,Muy alta
2009,66,Salta,35-39,Mujer,2666,987.3,0.37,0.08,0.03,0.36,Muy alta
2009,66,Salta,35-39,Varón,694,491.54,0.71,0.03,0.02,0.71,Muy alta
2009,66,Salta,40-44,Mujer,1871,865.81,0.46,0.07,0.03,0.45,Muy alta
2009,66,Salta,40-44,Varón,0,0,NA,0,0,NA,NA
2009,66,Salta,45-49,Mujer,5803,2148.86,0.37,0.15,0.05,0.33,Muy alta
2009,66,Salta,45-49,Varón,2991,1291.57,0.43,0.17,0.07,0.39,Muy alta
2009,66,Salta,50-54,Mujer,3830,1419.76,0.37,0.14,0.05,0.35,Muy alta
2009,66,Salta,50-54,Varón,3440,1325.66,0.39,0.16,0.06,0.37,Muy alta
2009,66,Salta,55-59,Mujer,3831,1827.67,0.48,0.17,0.07,0.42,Muy alta
2009,66,Salta,55-59,Varón,6313,2345.27,0.37,0.32,0.1,0.3,Alta
2009,66,Salta,60-64,Mujer,2235,924.31,0.41,0.11,0.04,0.41,Muy alta
2009,66,Salta,60-64,Varón,1456,897.89,0.62,0.09,0.05,0.6,Muy alta
2009,66,Salta,65-69,Mujer,451,338.61,0.75,0.04,0.03,0.75,Muy alta
2009,66,Salta,65-69,Varón,1601,901.69,0.56,0.11,0.06,0.54,Muy alta
2009,66,Salta,70-74,Mujer,2896,1125.92,0.39,0.36,0.11,0.31,Muy alta
2009,66,Salta,70-74,Varón,1055,609.32,0.58,0.08,0.04,0.59,Muy alta
2009,66,Salta,75-79,Mujer,871,527.17,0.61,0.22,0.12,0.54,Muy alta
2009,66,Salta,75-79,Varón,1792,784.57,0.44,0.22,0.09,0.41,Muy alta
2009,66,Salta,80+,Mujer,861,588.37,0.68,0.11,0.07,0.65,Muy alta
2009,66,Salta,80+,Varón,1855,1148.51,0.62,0.36,0.17,0.47,Muy alta
2009,70,San Juan,35-39,Mujer,1249,639.91,0.51,0.07,0.03,0.5,Muy alta
2009,70,San Juan,35-39,Varón,1997,1270.5,0.64,0.11,0.06,0.59,Muy alta
2009,70,San Juan,40-44,Mujer,3251,1323.26,0.41,0.19,0.07,0.36,Muy alta
2009,70,San Juan,40-44,Varón,292,292,1,0.02,0.02,0.99,Muy alta
2009,70,San Juan,45-49,Mujer,1873,1006.74,0.54,0.13,0.06,0.5,Muy alta
2009,70,San Juan,45-49,Varón,2741,1183.35,0.43,0.19,0.07,0.39,Muy alta
2009,70,San Juan,50-54,Mujer,1850,896.43,0.48,0.13,0.06,0.45,Muy alta
2009,70,San Juan,50-54,Varón,1444,859.56,0.6,0.13,0.07,0.55,Muy alta
2009,70,San Juan,55-59,Mujer,2304,889.68,0.39,0.16,0.06,0.37,Muy alta
2009,70,San Juan,55-59,Varón,2847,1206.8,0.42,0.2,0.08,0.37,Muy alta
2009,70,San Juan,60-64,Mujer,4120,1233.12,0.3,0.27,0.07,0.26,Alta
2009,70,San Juan,60-64,Varón,584,446.45,0.76,0.07,0.05,0.74,Muy alta
2009,70,San Juan,65-69,Mujer,3759,1316.79,0.35,0.26,0.08,0.3,Alta
2009,70,San Juan,65-69,Varón,4427,1713.62,0.39,0.46,0.12,0.25,Alta
2009,70,San Juan,70-74,Mujer,1651,664.51,0.4,0.17,0.06,0.38,Muy alta
2009,70,San Juan,70-74,Varón,2166,913.56,0.42,0.38,0.12,0.33,Muy alta
2009,70,San Juan,75-79,Mujer,802,521.03,0.65,0.16,0.09,0.6,Muy alta
2009,70,San Juan,75-79,Varón,1986,834.73,0.42,0.29,0.11,0.37,Muy alta
2009,70,San Juan,80+,Mujer,1776,757.5,0.43,0.27,0.1,0.36,Muy alta
2009,70,San Juan,80+,Varón,570,403.94,0.71,0.1,0.07,0.69,Muy alta
2009,74,San Luis,35-39,Mujer,602,322.43,0.54,0.06,0.03,0.52,Muy alta
2009,74,San Luis,35-39,Varón,341,241.14,0.71,0.03,0.02,0.7,Muy alta
2009,74,San Luis,40-44,Mujer,1520,531.55,0.35,0.14,0.04,0.33,Muy alta
2009,74,San Luis,40-44,Varón,250,182.47,0.73,0.03,0.02,0.73,Muy alta
2009,74,San Luis,45-49,Mujer,1372,549.88,0.4,0.12,0.05,0.38,Muy alta
2009,74,San Luis,45-49,Varón,1278,557.88,0.44,0.13,0.05,0.41,Muy alta
2009,74,San Luis,50-54,Mujer,290,185.07,0.64,0.03,0.02,0.64,Muy alta
2009,74,San Luis,50-54,Varón,763,407.96,0.53,0.08,0.04,0.52,Muy alta
2009,74,San Luis,55-59,Mujer,892,408.36,0.46,0.1,0.04,0.44,Muy alta
2009,74,San Luis,55-59,Varón,1462,622.27,0.43,0.22,0.08,0.38,Muy alta
2009,74,San Luis,60-64,Mujer,2063,642.79,0.31,0.22,0.06,0.28,Alta
2009,74,San Luis,60-64,Varón,334,202.57,0.61,0.05,0.03,0.61,Muy alta
2009,74,San Luis,65-69,Mujer,1858,699.9,0.38,0.2,0.07,0.33,Muy alta
2009,74,San Luis,65-69,Varón,2295,775.94,0.34,0.37,0.1,0.26,Alta
2009,74,San Luis,70-74,Mujer,1445,566.97,0.39,0.33,0.1,0.31,Muy alta
2009,74,San Luis,70-74,Varón,1469,587.72,0.4,0.32,0.1,0.32,Muy alta
2009,74,San Luis,75-79,Mujer,1453,519.79,0.36,0.33,0.1,0.3,Alta
2009,74,San Luis,75-79,Varón,593,419.33,0.71,0.21,0.13,0.6,Muy alta
2009,74,San Luis,80+,Mujer,245,188.48,0.77,0.06,0.05,0.76,Muy alta
2009,74,San Luis,80+,Varón,0,0,NA,0,0,NA,NA
2009,78,Santa Cruz,35-39,Mujer,812,397.37,0.49,0.13,0.06,0.45,Muy alta
2009,78,Santa Cruz,35-39,Varón,410,210.34,0.51,0.06,0.03,0.5,Muy alta
2009,78,Santa Cruz,40-44,Mujer,1615,509.47,0.32,0.21,0.06,0.29,Alta
2009,78,Santa Cruz,40-44,Varón,0,0,NA,0,0,NA,NA
2009,78,Santa Cruz,45-49,Mujer,408,200.85,0.49,0.07,0.03,0.48,Muy alta
2009,78,Santa Cruz,45-49,Varón,411,189.75,0.46,0.09,0.04,0.45,Muy alta
2009,78,Santa Cruz,50-54,Mujer,580,272.28,0.47,0.14,0.06,0.43,Muy alta
2009,78,Santa Cruz,50-54,Varón,500,239.03,0.48,0.1,0.05,0.46,Muy alta
2009,78,Santa Cruz,55-59,Mujer,469,275.34,0.59,0.1,0.06,0.55,Muy alta
2009,78,Santa Cruz,55-59,Varón,530,266.58,0.5,0.11,0.05,0.48,Muy alta
2009,78,Santa Cruz,60-64,Mujer,1377,418.04,0.3,0.35,0.09,0.24,Alta
2009,78,Santa Cruz,60-64,Varón,774,299.54,0.39,0.36,0.11,0.32,Muy alta
2009,78,Santa Cruz,65-69,Mujer,637,228.5,0.36,0.25,0.08,0.31,Muy alta
2009,78,Santa Cruz,65-69,Varón,697,309.42,0.44,0.26,0.1,0.37,Muy alta
2009,78,Santa Cruz,70-74,Mujer,497,220.79,0.44,0.27,0.11,0.41,Muy alta
2009,78,Santa Cruz,70-74,Varón,764,260.37,0.34,0.28,0.08,0.31,Muy alta
2009,78,Santa Cruz,75-79,Mujer,342,165.92,0.49,0.28,0.12,0.43,Muy alta
2009,78,Santa Cruz,75-79,Varón,286,168.12,0.59,0.25,0.12,0.5,Muy alta
2009,78,Santa Cruz,80+,Mujer,114,85.91,0.75,0.16,0.11,0.67,Muy alta
2009,78,Santa Cruz,80+,Varón,0,0,NA,0,0,NA,NA
2009,82,Santa Fe,35-39,Mujer,4349,1946.46,0.45,0.05,0.02,0.44,Muy alta
2009,82,Santa Fe,35-39,Varón,3459,1620.89,0.47,0.04,0.02,0.47,Muy alta
2009,82,Santa Fe,40-44,Mujer,9859,2937.89,0.3,0.11,0.03,0.29,Alta
2009,82,Santa Fe,40-44,Varón,7622,2846.12,0.37,0.09,0.03,0.36,Muy alta
2009,82,Santa Fe,45-49,Mujer,1996,1561.25,0.78,0.03,0.02,0.77,Muy alta
2009,82,Santa Fe,45-49,Varón,9609,3656.95,0.38,0.1,0.04,0.36,Muy alta
2009,82,Santa Fe,50-54,Mujer,8749,3265.8,0.37,0.1,0.04,0.36,Muy alta
2009,82,Santa Fe,50-54,Varón,8975,4575.59,0.51,0.15,0.07,0.45,Muy alta
2009,82,Santa Fe,55-59,Mujer,6564,2507.37,0.38,0.08,0.03,0.37,Muy alta
2009,82,Santa Fe,55-59,Varón,5886,2933.05,0.5,0.12,0.06,0.47,Muy alta
2009,82,Santa Fe,60-64,Mujer,10625,3531.79,0.33,0.12,0.04,0.31,Muy alta
2009,82,Santa Fe,60-64,Varón,9789,3493.84,0.36,0.22,0.07,0.31,Muy alta
2009,82,Santa Fe,65-69,Mujer,8733,2962.85,0.34,0.15,0.05,0.31,Muy alta
2009,82,Santa Fe,65-69,Varón,10004,3418.34,0.34,0.16,0.05,0.32,Muy alta
2009,82,Santa Fe,70-74,Mujer,7243,2455.35,0.34,0.16,0.05,0.32,Muy alta
2009,82,Santa Fe,70-74,Varón,7991,3094.87,0.39,0.23,0.08,0.34,Muy alta
2009,82,Santa Fe,75-79,Mujer,4492,1687.94,0.38,0.1,0.04,0.36,Muy alta
2009,82,Santa Fe,75-79,Varón,10617,3988.4,0.38,0.28,0.09,0.3,Alta
2009,82,Santa Fe,80+,Mujer,5301,2175.34,0.41,0.12,0.04,0.39,Muy alta
2009,82,Santa Fe,80+,Varón,5455,2125.05,0.39,0.19,0.07,0.36,Muy alta
2009,86,Santiago del Estero,35-39,Mujer,2107,751.73,0.36,0.13,0.05,0.34,Muy alta
2009,86,Santiago del Estero,35-39,Varón,1840,909.01,0.49,0.12,0.06,0.46,Muy alta
2009,86,Santiago del Estero,40-44,Mujer,2790,1055.25,0.38,0.13,0.05,0.35,Muy alta
2009,86,Santiago del Estero,40-44,Varón,2308,1019.18,0.44,0.16,0.06,0.4,Muy alta
2009,86,Santiago del Estero,45-49,Mujer,2220,1017.2,0.46,0.19,0.08,0.41,Muy alta
2009,86,Santiago del Estero,45-49,Varón,2270,1102.78,0.49,0.16,0.07,0.44,Muy alta
2009,86,Santiago del Estero,50-54,Mujer,4403,1596.37,0.36,0.27,0.08,0.31,Muy alta
2009,86,Santiago del Estero,50-54,Varón,3131,1549.23,0.49,0.2,0.09,0.43,Muy alta
2009,86,Santiago del Estero,55-59,Mujer,1703,768.78,0.45,0.2,0.08,0.41,Muy alta
2009,86,Santiago del Estero,55-59,Varón,3445,1237.12,0.36,0.33,0.1,0.3,Alta
2009,86,Santiago del Estero,60-64,Mujer,2679,1127.21,0.42,0.21,0.08,0.37,Muy alta
2009,86,Santiago del Estero,60-64,Varón,1096,528.58,0.48,0.18,0.09,0.48,Muy alta
2009,86,Santiago del Estero,65-69,Mujer,2166,1075.18,0.5,0.29,0.11,0.4,Muy alta
2009,86,Santiago del Estero,65-69,Varón,2317,1042.21,0.45,0.35,0.13,0.36,Muy alta
2009,86,Santiago del Estero,70-74,Mujer,1357,596.07,0.44,0.17,0.08,0.43,Muy alta
2009,86,Santiago del Estero,70-74,Varón,2396,1143.46,0.48,0.38,0.15,0.39,Muy alta
2009,86,Santiago del Estero,75-79,Mujer,1262,607.63,0.48,0.3,0.13,0.42,Muy alta
2009,86,Santiago del Estero,75-79,Varón,878,631.31,0.72,0.25,0.16,0.65,Muy alta
2009,86,Santiago del Estero,80+,Mujer,958,589.6,0.62,0.15,0.09,0.57,Muy alta
2009,86,Santiago del Estero,80+,Varón,0,0,NA,0,0,NA,NA
2009,90,Tucumán,35-39,Mujer,3545,1394.02,0.39,0.09,0.03,0.37,Muy alta
2009,90,Tucumán,35-39,Varón,2223,1847.53,0.83,0.09,0.07,0.77,Muy alta
2009,90,Tucumán,40-44,Mujer,2064,1261.92,0.61,0.06,0.04,0.59,Muy alta
2009,90,Tucumán,40-44,Varón,369,369,1,0.01,0.01,1,Muy alta
2009,90,Tucumán,45-49,Mujer,3721,1453.76,0.39,0.11,0.04,0.37,Muy alta
2009,90,Tucumán,45-49,Varón,2795,1287.25,0.46,0.1,0.04,0.44,Muy alta
2009,90,Tucumán,50-54,Mujer,4527,1800.31,0.4,0.17,0.06,0.36,Muy alta
2009,90,Tucumán,50-54,Varón,2793,1379.72,0.49,0.12,0.06,0.47,Muy alta
2009,90,Tucumán,55-59,Mujer,2327,1053.97,0.45,0.08,0.04,0.44,Muy alta
2009,90,Tucumán,55-59,Varón,4766,2224.54,0.47,0.21,0.08,0.4,Muy alta
2009,90,Tucumán,60-64,Mujer,7620,2441.01,0.32,0.27,0.07,0.27,Alta
2009,90,Tucumán,60-64,Varón,3399,1521.85,0.45,0.15,0.06,0.41,Muy alta
2009,90,Tucumán,65-69,Mujer,4214,1565.72,0.37,0.27,0.09,0.33,Muy alta
2009,90,Tucumán,65-69,Varón,3294,1669.59,0.51,0.2,0.09,0.44,Muy alta
2009,90,Tucumán,70-74,Mujer,1641,893.24,0.54,0.15,0.08,0.51,Muy alta
2009,90,Tucumán,70-74,Varón,1163,950.83,0.82,0.11,0.09,0.77,Muy alta
2009,90,Tucumán,75-79,Mujer,1069,638.87,0.6,0.11,0.07,0.57,Muy alta
2009,90,Tucumán,75-79,Varón,0,0,NA,0,0,NA,NA
2009,90,Tucumán,80+,Mujer,2925,1356.35,0.46,0.22,0.09,0.41,Muy alta
2009,90,Tucumán,80+,Varón,1950,1217.66,0.62,0.35,0.17,0.48,Muy alta
2009,94,Tierra del Fuego,35-39,Mujer,675,217.65,0.32,0.15,0.05,0.3,Alta
2009,94,Tierra del Fuego,35-39,Varón,190,117.04,0.62,0.05,0.03,0.6,Muy alta
2009,94,Tierra del Fuego,40-44,Mujer,887,311.3,0.35,0.16,0.05,0.32,Muy alta
2009,94,Tierra del Fuego,40-44,Varón,232,139.18,0.6,0.06,0.04,0.58,Muy alta
2009,94,Tierra del Fuego,45-49,Mujer,798,293.32,0.37,0.2,0.06,0.33,Muy alta
2009,94,Tierra del Fuego,45-49,Varón,758,274.08,0.36,0.15,0.05,0.33,Muy alta
2009,94,Tierra del Fuego,50-54,Mujer,600,275.53,0.46,0.15,0.06,0.42,Muy alta
2009,94,Tierra del Fuego,50-54,Varón,549,277.71,0.51,0.16,0.07,0.46,Muy alta
2009,94,Tierra del Fuego,55-59,Mujer,581,255.86,0.44,0.26,0.1,0.37,Muy alta
2009,94,Tierra del Fuego,55-59,Varón,263,139.23,0.53,0.15,0.08,0.5,Muy alta
2009,94,Tierra del Fuego,60-64,Mujer,52,36.88,0.71,0.04,0.03,0.74,Muy alta
2009,94,Tierra del Fuego,60-64,Varón,953,353.78,0.37,0.62,0.12,0.19,Moderada
2009,94,Tierra del Fuego,65-69,Mujer,33,33,1,0.03,0.03,1.02,Muy alta
2009,94,Tierra del Fuego,65-69,Varón,308,138.36,0.45,0.44,0.15,0.34,Muy alta
2009,94,Tierra del Fuego,70-74,Mujer,53,37.64,0.71,0.09,0.07,0.72,Muy alta
2009,94,Tierra del Fuego,70-74,Varón,194,103.12,0.53,0.34,0.16,0.45,Muy alta
2009,94,Tierra del Fuego,75-79,Mujer,196,172.82,0.88,0.45,0.27,0.61,Muy alta
2009,94,Tierra del Fuego,75-79,Varón,100,76.69,0.77,0.34,0.23,0.67,Muy alta
2009,94,Tierra del Fuego,80+,Mujer,90,69.08,0.77,0.24,0.16,0.66,Muy alta
2009,94,Tierra del Fuego,80+,Varón,0,0,NA,0,0,NA,NA
2013,2,CABA,35-39,Mujer,5143,4855.08,0.94,0.05,0.04,0.92,Muy alta
2013,2,CABA,35-39,Varón,4570,3244,0.71,0.03,0.02,0.71,Muy alta
2013,2,CABA,40-44,Mujer,149,149,1,0,0,1.02,Muy alta
2013,2,CABA,40-44,Varón,0,0,NA,0,0,NA,NA
2013,2,CABA,45-49,Mujer,2192,1581.98,0.72,0.03,0.02,0.74,Muy alta
2013,2,CABA,45-49,Varón,4450,3264.92,0.73,0.05,0.04,0.73,Muy alta
2013,2,CABA,50-54,Mujer,8179,4101.45,0.5,0.08,0.04,0.5,Muy alta
2013,2,CABA,50-54,Varón,7496,4382.24,0.58,0.1,0.06,0.57,Muy alta
2013,2,CABA,55-59,Mujer,17618,8580.45,0.49,0.21,0.09,0.43,Muy alta
2013,2,CABA,55-59,Varón,4876,2871.42,0.59,0.08,0.05,0.6,Muy alta
2013,2,CABA,60-64,Mujer,6552,5802.22,0.89,0.09,0.08,0.83,Muy alta
2013,2,CABA,60-64,Varón,14185,6678.48,0.47,0.2,0.09,0.43,Muy alta
2013,2,CABA,65-69,Mujer,23546,11463.5,0.49,0.26,0.11,0.41,Muy alta
2013,2,CABA,65-69,Varón,18546,9353.23,0.5,0.41,0.14,0.35,Muy alta
2013,2,CABA,70-74,Mujer,10902,7587.45,0.7,0.15,0.1,0.62,Muy alta
2013,2,CABA,70-74,Varón,19379,9276.9,0.48,0.39,0.14,0.35,Muy alta
2013,2,CABA,75-79,Mujer,4709,2770.27,0.59,0.1,0.06,0.6,Muy alta
2013,2,CABA,75-79,Varón,9742,4978.82,0.51,0.23,0.11,0.45,Muy alta
2013,2,CABA,80+,Mujer,9986,4735.54,0.47,0.11,0.05,0.47,Muy alta
2013,2,CABA,80+,Varón,0,0,NA,0,0,NA,NA
2013,6,Buenos Aires,35-39,Mujer,44135,12473.36,0.28,0.09,0.02,0.27,Alta
2013,6,Buenos Aires,35-39,Varón,38854,12573.45,0.32,0.07,0.02,0.31,Muy alta
2013,6,Buenos Aires,40-44,Mujer,36958,11335.61,0.31,0.07,0.02,0.3,Alta
2013,6,Buenos Aires,40-44,Varón,23997,9118.26,0.38,0.05,0.02,0.37,Muy alta
2013,6,Buenos Aires,45-49,Mujer,56344,17068.72,0.3,0.12,0.03,0.28,Alta
2013,6,Buenos Aires,45-49,Varón,59536,18566.36,0.31,0.13,0.04,0.29,Alta
2013,6,Buenos Aires,50-54,Mujer,73509,21062.03,0.29,0.18,0.04,0.25,Alta
2013,6,Buenos Aires,50-54,Varón,44804,14205.14,0.32,0.11,0.03,0.3,Alta
2013,6,Buenos Aires,55-59,Mujer,47316,13087.9,0.28,0.13,0.04,0.26,Alta
2013,6,Buenos Aires,55-59,Varón,53178,15274.45,0.29,0.17,0.04,0.26,Alta
2013,6,Buenos Aires,60-64,Mujer,56073,12638.39,0.23,0.14,0.03,0.21,Alta
2013,6,Buenos Aires,60-64,Varón,44952,11708.31,0.26,0.14,0.04,0.25,Alta
2013,6,Buenos Aires,65-69,Mujer,49098,15844.05,0.32,0.15,0.04,0.29,Alta
2013,6,Buenos Aires,65-69,Varón,72082,17583.97,0.24,0.26,0.06,0.21,Alta
2013,6,Buenos Aires,70-74,Mujer,44811,11090.95,0.25,0.17,0.04,0.23,Alta
2013,6,Buenos Aires,70-74,Varón,39211,11842.18,0.3,0.31,0.07,0.24,Alta
2013,6,Buenos Aires,75-79,Mujer,50040,14679.85,0.29,0.26,0.06,0.25,Alta
2013,6,Buenos Aires,75-79,Varón,19735,6815.4,0.35,0.15,0.05,0.35,Muy alta
2013,6,Buenos Aires,80+,Mujer,24879,11950.85,0.48,0.12,0.05,0.44,Muy alta
2013,6,Buenos Aires,80+,Varón,9867,3490.28,0.35,0.07,0.03,0.37,Muy alta
2013,10,Catamarca,35-39,Mujer,1867,825.99,0.44,0.18,0.07,0.39,Muy alta
2013,10,Catamarca,35-39,Varón,860,647.85,0.75,0.08,0.06,0.72,Muy alta
2013,10,Catamarca,40-44,Mujer,2091,765.61,0.37,0.27,0.09,0.32,Muy alta
2013,10,Catamarca,40-44,Varón,1481,744.58,0.5,0.21,0.09,0.44,Muy alta
2013,10,Catamarca,45-49,Mujer,1445,713.81,0.49,0.2,0.09,0.44,Muy alta
2013,10,Catamarca,45-49,Varón,1484,884.12,0.6,0.25,0.12,0.5,Muy alta
2013,10,Catamarca,50-54,Mujer,820,501.19,0.61,0.17,0.1,0.56,Muy alta
2013,10,Catamarca,50-54,Varón,988,827.01,0.84,0.15,0.11,0.75,Muy alta
2013,10,Catamarca,55-59,Mujer,302,236.2,0.78,0.08,0.06,0.77,Muy alta
2013,10,Catamarca,55-59,Varón,1287,689.73,0.54,0.25,0.12,0.48,Muy alta
2013,10,Catamarca,60-64,Mujer,1669,720.83,0.43,0.19,0.08,0.4,Muy alta
2013,10,Catamarca,60-64,Varón,0,0,NA,0,0,NA,NA
2013,10,Catamarca,65-69,Mujer,1155,552.07,0.48,0.22,0.09,0.43,Muy alta
2013,10,Catamarca,65-69,Varón,1015,617.6,0.61,0.34,0.16,0.46,Muy alta
2013,10,Catamarca,70-74,Mujer,312,188.52,0.6,0.11,0.06,0.59,Muy alta
2013,10,Catamarca,70-74,Varón,686,378.41,0.55,0.24,0.13,0.54,Muy alta
2013,10,Catamarca,75-79,Mujer,560,414.65,0.74,0.21,0.14,0.69,Muy alta
2013,10,Catamarca,75-79,Varón,734,523.99,0.71,0.49,0.2,0.4,Muy alta
2013,10,Catamarca,80+,Mujer,293,293,1,0.16,0.15,0.89,Muy alta
2013,10,Catamarca,80+,Varón,226,226,1,0.15,0.14,0.93,Muy alta
2013,14,Córdoba,35-39,Mujer,9397,6421.69,0.68,0.11,0.07,0.63,Muy alta
2013,14,Córdoba,35-39,Varón,3076,1382.89,0.45,0.03,0.01,0.47,Muy alta
2013,14,Córdoba,40-44,Mujer,17443,7734.48,0.44,0.16,0.06,0.4,Muy alta
2013,14,Córdoba,40-44,Varón,7726,4396.76,0.57,0.09,0.05,0.56,Muy alta
2013,14,Córdoba,45-49,Mujer,15005,7099.18,0.47,0.17,0.07,0.41,Muy alta
2013,14,Córdoba,45-49,Varón,11285,4575.22,0.41,0.14,0.06,0.41,Muy alta
2013,14,Córdoba,50-54,Mujer,6281,2448.77,0.39,0.08,0.03,0.4,Muy alta
2013,14,Córdoba,50-54,Varón,13778,4356.95,0.32,0.19,0.06,0.31,Muy alta
2013,14,Córdoba,55-59,Mujer,12951,4100.87,0.32,0.2,0.06,0.3,Alta
2013,14,Córdoba,55-59,Varón,14962,5358.61,0.36,0.25,0.08,0.33,Muy alta
2013,14,Córdoba,60-64,Mujer,14286,5924.16,0.41,0.17,0.06,0.38,Muy alta
2013,14,Córdoba,60-64,Varón,11339,7971.19,0.7,0.17,0.11,0.62,Muy alta
2013,14,Córdoba,65-69,Mujer,31613,12737.26,0.4,0.44,0.11,0.26,Alta
2013,14,Córdoba,65-69,Varón,10972,4190.76,0.38,0.22,0.08,0.38,Muy alta
2013,14,Córdoba,70-74,Mujer,10704,6535.93,0.61,0.21,0.11,0.51,Muy alta
2013,14,Córdoba,70-74,Varón,20818,12807.32,0.62,0.53,0.17,0.32,Muy alta
2013,14,Córdoba,75-79,Mujer,8293,3220.28,0.39,0.3,0.1,0.32,Muy alta
2013,14,Córdoba,75-79,Varón,10359,6688.66,0.65,0.6,0.18,0.29,Alta
2013,14,Córdoba,80+,Mujer,5634,3529.81,0.63,0.1,0.06,0.59,Muy alta
2013,14,Córdoba,80+,Varón,2353,1577.62,0.67,0.08,0.06,0.72,Muy alta
2013,18,Corrientes,35-39,Mujer,945,569.02,0.6,0.03,0.02,0.61,Muy alta
2013,18,Corrientes,35-39,Varón,1334,955.77,0.72,0.05,0.03,0.7,Muy alta
2013,18,Corrientes,40-44,Mujer,3159,1281.77,0.41,0.14,0.05,0.38,Muy alta
2013,18,Corrientes,40-44,Varón,1204,725.03,0.6,0.05,0.03,0.6,Muy alta
2013,18,Corrientes,45-49,Mujer,827,604.56,0.73,0.03,0.02,0.73,Muy alta
2013,18,Corrientes,45-49,Varón,103,103,1,0.01,0.01,1.02,Muy alta
2013,18,Corrientes,50-54,Mujer,3621,1610.53,0.44,0.18,0.07,0.4,Muy alta
2013,18,Corrientes,50-54,Varón,0,0,NA,0,0,NA,NA
2013,18,Corrientes,55-59,Mujer,4261,1504.18,0.35,0.19,0.06,0.32,Muy alta
2013,18,Corrientes,55-59,Varón,2412,1454.54,0.6,0.13,0.08,0.57,Muy alta
2013,18,Corrientes,60-64,Mujer,1017,582.3,0.57,0.07,0.04,0.56,Muy alta
2013,18,Corrientes,60-64,Varón,1613,975.4,0.6,0.09,0.05,0.6,Muy alta
2013,18,Corrientes,65-69,Mujer,3847,2210.22,0.57,0.35,0.14,0.41,Muy alta
2013,18,Corrientes,65-69,Varón,1609,981.05,0.61,0.22,0.12,0.53,Muy alta
2013,18,Corrientes,70-74,Mujer,920,434.85,0.47,0.09,0.04,0.51,Muy alta
2013,18,Corrientes,70-74,Varón,1156,732.65,0.63,0.16,0.09,0.6,Muy alta
2013,18,Corrientes,75-79,Mujer,3433,1153.33,0.34,0.35,0.09,0.27,Alta
2013,18,Corrientes,75-79,Varón,2010,959.87,0.48,0.2,0.1,0.52,Muy alta
2013,18,Corrientes,80+,Mujer,1988,1012.2,0.51,0.23,0.11,0.46,Muy alta
2013,18,Corrientes,80+,Varón,219,219,1,0.06,0.06,1.01,Muy alta
2013,22,Chaco,35-39,Mujer,7200,4429.1,0.62,0.19,0.1,0.51,Muy alta
2013,22,Chaco,35-39,Varón,1365,791,0.58,0.06,0.03,0.58,Muy alta
2013,22,Chaco,40-44,Mujer,1382,1047.62,0.76,0.07,0.05,0.73,Muy alta
2013,22,Chaco,40-44,Varón,1326,1006.61,0.76,0.06,0.04,0.75,Muy alta
2013,22,Chaco,45-49,Mujer,1810,1068.43,0.59,0.09,0.05,0.58,Muy alta
2013,22,Chaco,45-49,Varón,391,391,1,0.02,0.02,1.01,Muy alta
2013,22,Chaco,50-54,Mujer,2112,1300.8,0.62,0.08,0.05,0.59,Muy alta
2013,22,Chaco,50-54,Varón,4345,2030.87,0.47,0.18,0.08,0.42,Muy alta
2013,22,Chaco,55-59,Mujer,688,490.81,0.71,0.05,0.04,0.72,Muy alta
2013,22,Chaco,55-59,Varón,2238,1290.42,0.58,0.14,0.08,0.55,Muy alta
2013,22,Chaco,60-64,Mujer,1956,981.13,0.5,0.11,0.05,0.48,Muy alta
2013,22,Chaco,60-64,Varón,2220,954.62,0.43,0.2,0.09,0.43,Muy alta
2013,22,Chaco,65-69,Mujer,3534,1438.46,0.41,0.28,0.1,0.36,Muy alta
2013,22,Chaco,65-69,Varón,0,0,NA,0,0,NA,NA
2013,22,Chaco,70-74,Mujer,3310,1930.79,0.58,0.3,0.14,0.46,Muy alta
2013,22,Chaco,70-74,Varón,805,429.9,0.53,0.24,0.13,0.55,Muy alta
2013,22,Chaco,75-79,Mujer,273,194.28,0.71,0.03,0.02,0.75,Muy alta
2013,22,Chaco,75-79,Varón,2523,1198.45,0.48,0.44,0.18,0.4,Muy alta
2013,22,Chaco,80+,Mujer,1691,1099.4,0.65,0.33,0.17,0.51,Muy alta
2013,22,Chaco,80+,Varón,235,235,1,0.07,0.07,1.05,Muy alta
2013,26,Chubut,35-39,Mujer,1392,648.93,0.47,0.08,0.03,0.44,Muy alta
2013,26,Chubut,35-39,Varón,1220,616.62,0.51,0.06,0.03,0.49,Muy alta
2013,26,Chubut,40-44,Mujer,920,394.8,0.43,0.06,0.02,0.42,Muy alta
2013,26,Chubut,40-44,Varón,901,457.47,0.51,0.06,0.03,0.5,Muy alta
2013,26,Chubut,45-49,Mujer,893,461.74,0.52,0.06,0.03,0.51,Muy alta
2013,26,Chubut,45-49,Varón,1515,726.81,0.48,0.13,0.06,0.44,Muy alta
2013,26,Chubut,50-54,Mujer,1819,736.64,0.4,0.15,0.06,0.37,Muy alta
2013,26,Chubut,50-54,Varón,1249,539.6,0.43,0.1,0.04,0.41,Muy alta
2013,26,Chubut,55-59,Mujer,2375,903.91,0.38,0.2,0.07,0.34,Muy alta
2013,26,Chubut,55-59,Varón,926,425.89,0.46,0.1,0.04,0.45,Muy alta
2013,26,Chubut,60-64,Mujer,2138,850.5,0.4,0.24,0.08,0.35,Muy alta
2013,26,Chubut,60-64,Varón,1304,593.67,0.46,0.15,0.06,0.42,Muy alta
2013,26,Chubut,65-69,Mujer,1375,477.68,0.35,0.19,0.06,0.32,Muy alta
2013,26,Chubut,65-69,Varón,445,336.58,0.76,0.08,0.06,0.73,Muy alta
2013,26,Chubut,70-74,Mujer,1609,764.52,0.48,0.33,0.12,0.36,Muy alta
2013,26,Chubut,70-74,Varón,1478,707.89,0.48,0.28,0.11,0.39,Muy alta
2013,26,Chubut,75-79,Mujer,1022,406.97,0.4,0.25,0.1,0.39,Muy alta
2013,26,Chubut,75-79,Varón,99,99,1,0.06,0.06,1.02,Muy alta
2013,26,Chubut,80+,Mujer,579,291.48,0.5,0.11,0.05,0.5,Muy alta
2013,26,Chubut,80+,Varón,497,352.2,0.71,0.16,0.1,0.65,Muy alta
2013,30,Entre Ríos,35-39,Mujer,1539,787.28,0.51,0.04,0.02,0.51,Muy alta
2013,30,Entre Ríos,35-39,Varón,2551,1357.69,0.53,0.07,0.03,0.52,Muy alta
2013,30,Entre Ríos,40-44,Mujer,4768,2640.22,0.55,0.13,0.06,0.51,Muy alta
2013,30,Entre Ríos,40-44,Varón,1641,855.12,0.52,0.05,0.02,0.52,Muy alta
2013,30,Entre Ríos,45-49,Mujer,1451,1070.61,0.74,0.05,0.04,0.72,Muy alta
2013,30,Entre Ríos,45-49,Varón,1688,1085.22,0.64,0.08,0.05,0.62,Muy alta
2013,30,Entre Ríos,50-54,Mujer,4430,2083.58,0.47,0.16,0.07,0.42,Muy alta
2013,30,Entre Ríos,50-54,Varón,2736,1430.34,0.52,0.09,0.05,0.5,Muy alta
2013,30,Entre Ríos,55-59,Mujer,386,273.46,0.71,0.01,0.01,0.72,Muy alta
2013,30,Entre Ríos,55-59,Varón,3442,1374.94,0.4,0.16,0.06,0.39,Muy alta
2013,30,Entre Ríos,60-64,Mujer,3914,1434.58,0.37,0.17,0.06,0.34,Muy alta
2013,30,Entre Ríos,60-64,Varón,4852,2301.93,0.47,0.29,0.11,0.38,Muy alta
2013,30,Entre Ríos,65-69,Mujer,3726,1221.67,0.33,0.16,0.05,0.32,Muy alta
2013,30,Entre Ríos,65-69,Varón,861,652.76,0.76,0.06,0.04,0.75,Muy alta
2013,30,Entre Ríos,70-74,Mujer,1858,749.95,0.4,0.09,0.04,0.4,Muy alta
2013,30,Entre Ríos,70-74,Varón,3514,1984.29,0.56,0.24,0.11,0.48,Muy alta
2013,30,Entre Ríos,75-79,Mujer,1854,900.41,0.49,0.15,0.07,0.46,Muy alta
2013,30,Entre Ríos,75-79,Varón,964,757.11,0.79,0.14,0.11,0.75,Muy alta
2013,30,Entre Ríos,80+,Mujer,1877,792.17,0.42,0.16,0.06,0.4,Muy alta
2013,30,Entre Ríos,80+,Varón,1380,1138.69,0.83,0.21,0.15,0.69,Muy alta
2013,34,Formosa,35-39,Mujer,767,388.93,0.51,0.05,0.03,0.49,Muy alta
2013,34,Formosa,35-39,Varón,0,0,NA,0,0,NA,NA
2013,34,Formosa,40-44,Mujer,270,170.23,0.63,0.02,0.01,0.63,Muy alta
2013,34,Formosa,40-44,Varón,806,485.47,0.6,0.06,0.04,0.58,Muy alta
2013,34,Formosa,45-49,Mujer,414,414,1,0.05,0.04,0.97,Muy alta
2013,34,Formosa,45-49,Varón,453,282.12,0.62,0.05,0.03,0.61,Muy alta
2013,34,Formosa,50-54,Mujer,1225,866.46,0.71,0.11,0.07,0.65,Muy alta
2013,34,Formosa,50-54,Varón,621,565.98,0.91,0.07,0.06,0.87,Muy alta
2013,34,Formosa,55-59,Mujer,1096,629.66,0.57,0.16,0.08,0.53,Muy alta
2013,34,Formosa,55-59,Varón,840,475.99,0.57,0.11,0.06,0.54,Muy alta
2013,34,Formosa,60-64,Mujer,1403,729.28,0.52,0.18,0.08,0.47,Muy alta
2013,34,Formosa,60-64,Varón,638,383.93,0.6,0.1,0.06,0.58,Muy alta
2013,34,Formosa,65-69,Mujer,1011,573.19,0.57,0.24,0.12,0.48,Muy alta
2013,34,Formosa,65-69,Varón,1127,594.12,0.53,0.34,0.15,0.43,Muy alta
2013,34,Formosa,70-74,Mujer,735,520.52,0.71,0.16,0.11,0.68,Muy alta
2013,34,Formosa,70-74,Varón,1209,795.02,0.66,0.29,0.15,0.51,Muy alta
2013,34,Formosa,75-79,Mujer,354,223.21,0.63,0.16,0.11,0.66,Muy alta
2013,34,Formosa,75-79,Varón,378,378,1,0.15,0.14,0.95,Muy alta
2013,34,Formosa,80+,Mujer,754,466.26,0.62,0.15,0.09,0.6,Muy alta
2013,34,Formosa,80+,Varón,638,638,1,0.24,0.2,0.82,Muy alta
2013,38,Jujuy,35-39,Mujer,2329,896.21,0.38,0.11,0.04,0.37,Muy alta
2013,38,Jujuy,35-39,Varón,0,0,NA,0,0,NA,NA
2013,38,Jujuy,40-44,Mujer,1300,820.52,0.63,0.07,0.04,0.61,Muy alta
2013,38,Jujuy,40-44,Varón,1120,979.85,0.87,0.06,0.05,0.84,Muy alta
2013,38,Jujuy,45-49,Mujer,2363,1181.09,0.5,0.14,0.07,0.46,Muy alta
2013,38,Jujuy,45-49,Varón,701,352.94,0.5,0.05,0.03,0.52,Muy alta
2013,38,Jujuy,50-54,Mujer,557,442.42,0.79,0.04,0.03,0.79,Muy alta
2013,38,Jujuy,50-54,Varón,86,86,1,0.01,0.01,1.01,Muy alta
2013,38,Jujuy,55-59,Mujer,1662,752.56,0.45,0.12,0.05,0.44,Muy alta
2013,38,Jujuy,55-59,Varón,1230,611.95,0.5,0.11,0.05,0.49,Muy alta
2013,38,Jujuy,60-64,Mujer,3794,1503.9,0.4,0.38,0.11,0.28,Alta
2013,38,Jujuy,60-64,Varón,1596,763.51,0.48,0.19,0.09,0.46,Muy alta
2013,38,Jujuy,65-69,Mujer,1071,587.57,0.55,0.11,0.06,0.53,Muy alta
2013,38,Jujuy,65-69,Varón,1879,849.06,0.45,0.2,0.08,0.41,Muy alta
2013,38,Jujuy,70-74,Mujer,0,0,NA,0,0,NA,NA
2013,38,Jujuy,70-74,Varón,346,277.1,0.8,0.1,0.08,0.78,Muy alta
2013,38,Jujuy,75-79,Mujer,186,131.52,0.71,0.05,0.04,0.76,Muy alta
2013,38,Jujuy,75-79,Varón,0,0,NA,0,0,NA,NA
2013,38,Jujuy,80+,Mujer,2178,1166.17,0.54,0.32,0.13,0.41,Muy alta
2013,38,Jujuy,80+,Varón,326,326,1,0.09,0.09,0.97,Muy alta
2013,42,La Pampa,35-39,Mujer,1033,506.56,0.49,0.11,0.05,0.46,Muy alta
2013,42,La Pampa,35-39,Varón,601,355.05,0.59,0.1,0.06,0.56,Muy alta
2013,42,La Pampa,40-44,Mujer,625,390.71,0.63,0.08,0.05,0.6,Muy alta
2013,42,La Pampa,40-44,Varón,534,365.57,0.68,0.06,0.04,0.66,Muy alta
2013,42,La Pampa,45-49,Mujer,558,412.46,0.74,0.1,0.07,0.68,Muy alta
2013,42,La Pampa,45-49,Varón,369,270.51,0.73,0.06,0.04,0.71,Muy alta
2013,42,La Pampa,50-54,Mujer,817,817,1,0.1,0.09,0.92,Muy alta
2013,42,La Pampa,50-54,Varón,826,480.76,0.58,0.14,0.08,0.55,Muy alta
2013,42,La Pampa,55-59,Mujer,1019,480.54,0.47,0.21,0.09,0.41,Muy alta
2013,42,La Pampa,55-59,Varón,312,312,1,0.06,0.06,0.96,Muy alta
2013,42,La Pampa,60-64,Mujer,409,226.27,0.55,0.1,0.05,0.55,Muy alta
2013,42,La Pampa,60-64,Varón,632,332.08,0.53,0.13,0.06,0.5,Muy alta
2013,42,La Pampa,65-69,Mujer,843,466.32,0.55,0.25,0.11,0.45,Muy alta
2013,42,La Pampa,65-69,Varón,272,272,1,0.08,0.08,0.95,Muy alta
2013,42,La Pampa,70-74,Mujer,435,375.66,0.86,0.09,0.07,0.81,Muy alta
2013,42,La Pampa,70-74,Varón,173,173,1,0.05,0.05,0.97,Muy alta
2013,42,La Pampa,75-79,Mujer,539,334.89,0.62,0.2,0.11,0.55,Muy alta
2013,42,La Pampa,75-79,Varón,594,410.39,0.69,0.24,0.14,0.57,Muy alta
2013,42,La Pampa,80+,Mujer,453,223.49,0.49,0.1,0.05,0.48,Muy alta
2013,42,La Pampa,80+,Varón,357,292.51,0.82,0.17,0.12,0.75,Muy alta
2013,46,La Rioja,35-39,Mujer,234,189.97,0.81,0.02,0.02,0.81,Muy alta
2013,46,La Rioja,35-39,Varón,749,413.16,0.55,0.08,0.04,0.53,Muy alta
2013,46,La Rioja,40-44,Mujer,54,54,1,0.01,0.01,1.01,Muy alta
2013,46,La Rioja,40-44,Varón,917,385.76,0.42,0.12,0.05,0.41,Muy alta
2013,46,La Rioja,45-49,Mujer,1062,765.71,0.72,0.15,0.1,0.65,Muy alta
2013,46,La Rioja,45-49,Varón,938,486.69,0.52,0.13,0.06,0.49,Muy alta
2013,46,La Rioja,50-54,Mujer,755,389.25,0.52,0.1,0.05,0.49,Muy alta
2013,46,La Rioja,50-54,Varón,713,344.31,0.48,0.11,0.05,0.47,Muy alta
2013,46,La Rioja,55-59,Mujer,1538,619.06,0.4,0.31,0.1,0.33,Muy alta
2013,46,La Rioja,55-59,Varón,868,460.54,0.53,0.17,0.08,0.49,Muy alta
2013,46,La Rioja,60-64,Mujer,173,124.53,0.72,0.04,0.03,0.73,Muy alta
2013,46,La Rioja,60-64,Varón,1482,651.34,0.44,0.31,0.11,0.37,Muy alta
2013,46,La Rioja,65-69,Mujer,319,181.91,0.57,0.07,0.04,0.57,Muy alta
2013,46,La Rioja,65-69,Varón,722,460.92,0.64,0.23,0.13,0.56,Muy alta
2013,46,La Rioja,70-74,Mujer,994,490.22,0.49,0.34,0.14,0.42,Muy alta
2013,46,La Rioja,70-74,Varón,949,521.05,0.55,0.39,0.16,0.41,Muy alta
2013,46,La Rioja,75-79,Mujer,263,263,1,0.17,0.15,0.9,Muy alta
2013,46,La Rioja,75-79,Varón,217,127.98,0.59,0.14,0.1,0.68,Muy alta
2013,46,La Rioja,80+,Mujer,555,268.22,0.48,0.2,0.09,0.46,Muy alta
2013,46,La Rioja,80+,Varón,121,87.09,0.72,0.09,0.07,0.78,Muy alta
2013,50,Mendoza,35-39,Mujer,4556,2419.53,0.53,0.09,0.04,0.5,Muy alta
2013,50,Mendoza,35-39,Varón,0,0,NA,0,0,NA,NA
2013,50,Mendoza,40-44,Mujer,3593,1751.01,0.49,0.09,0.04,0.47,Muy alta
2013,50,Mendoza,40-44,Varón,3311,2227.99,0.67,0.08,0.05,0.64,Muy alta
2013,50,Mendoza,45-49,Mujer,3472,1604.56,0.46,0.09,0.04,0.45,Muy alta
2013,50,Mendoza,45-49,Varón,5845,2961.77,0.51,0.15,0.07,0.46,Muy alta
2013,50,Mendoza,50-54,Mujer,3152,1425.83,0.45,0.1,0.04,0.43,Muy alta
2013,50,Mendoza,50-54,Varón,6022,2311.27,0.38,0.17,0.06,0.35,Muy alta
2013,50,Mendoza,55-59,Mujer,4452,2264.75,0.51,0.12,0.06,0.47,Muy alta
2013,50,Mendoza,55-59,Varón,4319,2342.92,0.54,0.13,0.07,0.5,Muy alta
2013,50,Mendoza,60-64,Mujer,3253,1523.15,0.47,0.08,0.04,0.45,Muy alta
2013,50,Mendoza,60-64,Varón,3594,1350.6,0.38,0.14,0.05,0.36,Muy alta
2013,50,Mendoza,65-69,Mujer,7198,2191.76,0.3,0.19,0.05,0.28,Alta
2013,50,Mendoza,65-69,Varón,3908,2235.81,0.57,0.15,0.08,0.52,Muy alta
2013,50,Mendoza,70-74,Mujer,2967,1314.23,0.44,0.12,0.05,0.43,Muy alta
2013,50,Mendoza,70-74,Varón,4556,1909.11,0.42,0.25,0.09,0.37,Muy alta
2013,50,Mendoza,75-79,Mujer,2273,1088.96,0.48,0.14,0.07,0.46,Muy alta
2013,50,Mendoza,75-79,Varón,3469,1708.88,0.49,0.28,0.12,0.44,Muy alta
2013,50,Mendoza,80+,Mujer,4869,2491.4,0.51,0.26,0.11,0.41,Muy alta
2013,50,Mendoza,80+,Varón,5623,2321.13,0.41,0.62,0.14,0.22,Alta
2013,54,Misiones,35-39,Mujer,2385,1244.73,0.52,0.1,0.05,0.49,Muy alta
2013,54,Misiones,35-39,Varón,1408,998.62,0.71,0.08,0.05,0.69,Muy alta
2013,54,Misiones,40-44,Mujer,3644,1461.34,0.4,0.13,0.05,0.38,Muy alta
2013,54,Misiones,40-44,Varón,1535,1161.04,0.76,0.06,0.05,0.75,Muy alta
2013,54,Misiones,45-49,Mujer,1176,741.71,0.63,0.05,0.03,0.62,Muy alta
2013,54,Misiones,45-49,Varón,2110,1686.49,0.8,0.08,0.06,0.76,Muy alta
2013,54,Misiones,50-54,Mujer,2975,1280.09,0.43,0.15,0.06,0.42,Muy alta
2013,54,Misiones,50-54,Varón,2008,1209.97,0.6,0.12,0.07,0.56,Muy alta
2013,54,Misiones,55-59,Mujer,894,894,1,0.05,0.05,0.97,Muy alta
2013,54,Misiones,55-59,Varón,2862,2515.83,0.88,0.15,0.12,0.78,Muy alta
2013,54,Misiones,60-64,Mujer,3291,1315.94,0.4,0.24,0.09,0.36,Muy alta
2013,54,Misiones,60-64,Varón,3070,1280.51,0.42,0.25,0.09,0.36,Muy alta
2013,54,Misiones,65-69,Mujer,3230,1470.4,0.46,0.27,0.1,0.38,Muy alta
2013,54,Misiones,65-69,Varón,2979,1536.89,0.52,0.27,0.12,0.44,Muy alta
2013,54,Misiones,70-74,Mujer,783,783,1,0.08,0.07,0.96,Muy alta
2013,54,Misiones,70-74,Varón,2035,1402.94,0.69,0.33,0.17,0.52,Muy alta
2013,54,Misiones,75-79,Mujer,1863,960.73,0.52,0.38,0.15,0.39,Muy alta
2013,54,Misiones,75-79,Varón,1540,892.09,0.58,0.4,0.18,0.45,Muy alta
2013,54,Misiones,80+,Mujer,0,0,NA,0,0,NA,NA
2013,54,Misiones,80+,Varón,772,772,1,0.23,0.19,0.82,Muy alta
2013,58,Neuquén,35-39,Mujer,2408,985.51,0.41,0.12,0.05,0.39,Muy alta
2013,58,Neuquén,35-39,Varón,1001,598.29,0.6,0.05,0.03,0.58,Muy alta
2013,58,Neuquén,40-44,Mujer,2172,1102.23,0.51,0.11,0.05,0.48,Muy alta
2013,58,Neuquén,40-44,Varón,1051,608.61,0.58,0.09,0.05,0.56,Muy alta
2013,58,Neuquén,45-49,Mujer,1120,792.67,0.71,0.09,0.06,0.67,Muy alta
2013,58,Neuquén,45-49,Varón,1763,1022.7,0.58,0.1,0.05,0.55,Muy alta
2013,58,Neuquén,50-54,Mujer,1684,709.24,0.42,0.11,0.05,0.41,Muy alta
2013,58,Neuquén,50-54,Varón,1735,936.09,0.54,0.2,0.1,0.48,Muy alta
2013,58,Neuquén,55-59,Mujer,1922,935.34,0.49,0.15,0.07,0.44,Muy alta
2013,58,Neuquén,55-59,Varón,323,323,1,0.02,0.02,1,Muy alta
2013,58,Neuquén,60-64,Mujer,1520,748.38,0.49,0.22,0.09,0.43,Muy alta
2013,58,Neuquén,60-64,Varón,4011,1589.62,0.4,0.51,0.13,0.25,Alta
2013,58,Neuquén,65-69,Mujer,1331,632.55,0.48,0.16,0.07,0.44,Muy alta
2013,58,Neuquén,65-69,Varón,1738,776.95,0.45,0.31,0.11,0.36,Muy alta
2013,58,Neuquén,70-74,Mujer,1345,583.76,0.43,0.31,0.11,0.35,Muy alta
2013,58,Neuquén,70-74,Varón,2342,864.99,0.37,0.57,0.13,0.23,Alta
2013,58,Neuquén,75-79,Mujer,921,506.16,0.55,0.24,0.12,0.5,Muy alta
2013,58,Neuquén,75-79,Varón,1310,610.95,0.47,0.32,0.12,0.39,Muy alta
2013,58,Neuquén,80+,Mujer,1457,666.09,0.46,0.36,0.15,0.42,Muy alta
2013,58,Neuquén,80+,Varón,483,342.06,0.71,0.26,0.17,0.63,Muy alta
2013,62,Río Negro,35-39,Mujer,1149,518.23,0.45,0.06,0.03,0.44,Muy alta
2013,62,Río Negro,35-39,Varón,176,124.96,0.71,0.01,0.01,0.72,Muy alta
2013,62,Río Negro,40-44,Mujer,2846,898.37,0.32,0.15,0.05,0.3,Alta
2013,62,Río Negro,40-44,Varón,1321,916.77,0.69,0.06,0.04,0.67,Muy alta
2013,62,Río Negro,45-49,Mujer,4464,1798.41,0.4,0.25,0.08,0.33,Muy alta
2013,62,Río Negro,45-49,Varón,1206,569.18,0.47,0.1,0.05,0.45,Muy alta
2013,62,Río Negro,50-54,Mujer,762,420.96,0.55,0.05,0.03,0.54,Muy alta
2013,62,Río Negro,50-54,Varón,1601,651.48,0.41,0.11,0.04,0.4,Muy alta
2013,62,Río Negro,55-59,Mujer,3070,955.16,0.31,0.23,0.07,0.28,Alta
2013,62,Río Negro,55-59,Varón,1568,792.57,0.51,0.16,0.07,0.46,Muy alta
2013,62,Río Negro,60-64,Mujer,1046,453.47,0.43,0.09,0.04,0.43,Muy alta
2013,62,Río Negro,60-64,Varón,2412,1117.41,0.46,0.21,0.08,0.4,Muy alta
2013,62,Río Negro,65-69,Mujer,1841,720.85,0.39,0.2,0.07,0.35,Muy alta
2013,62,Río Negro,65-69,Varón,833,420.96,0.51,0.1,0.05,0.49,Muy alta
2013,62,Río Negro,70-74,Mujer,1718,640.27,0.37,0.23,0.07,0.32,Muy alta
2013,62,Río Negro,70-74,Varón,617,293.17,0.48,0.12,0.05,0.47,Muy alta
2013,62,Río Negro,75-79,Mujer,1105,705.16,0.64,0.21,0.11,0.53,Muy alta
2013,62,Río Negro,75-79,Varón,637,307.29,0.48,0.2,0.09,0.45,Muy alta
2013,62,Río Negro,80+,Mujer,579,270.43,0.47,0.09,0.04,0.46,Muy alta
2013,62,Río Negro,80+,Varón,668,376.72,0.56,0.14,0.08,0.55,Muy alta
2013,66,Salta,35-39,Mujer,3116,1134.76,0.36,0.08,0.03,0.36,Muy alta
2013,66,Salta,35-39,Varón,755,551.73,0.73,0.02,0.02,0.73,Muy alta
2013,66,Salta,40-44,Mujer,4079,1917.11,0.47,0.13,0.06,0.43,Muy alta
2013,66,Salta,40-44,Varón,3191,1233.34,0.39,0.1,0.04,0.37,Muy alta
2013,66,Salta,45-49,Mujer,6193,2675.51,0.43,0.21,0.08,0.37,Muy alta
2013,66,Salta,45-49,Varón,3477,1419.01,0.41,0.12,0.05,0.39,Muy alta
2013,66,Salta,50-54,Mujer,4067,1758.53,0.43,0.14,0.06,0.4,Muy alta
2013,66,Salta,50-54,Varón,4032,1922.11,0.48,0.15,0.07,0.44,Muy alta
2013,66,Salta,55-59,Mujer,4346,1865.28,0.43,0.19,0.07,0.38,Muy alta
2013,66,Salta,55-59,Varón,3428,1625.31,0.47,0.18,0.08,0.43,Muy alta
2013,66,Salta,60-64,Mujer,3704,1342.44,0.36,0.24,0.08,0.33,Muy alta
2013,66,Salta,60-64,Varón,1070,761.02,0.71,0.08,0.05,0.69,Muy alta
2013,66,Salta,65-69,Mujer,5434,1960.04,0.36,0.36,0.1,0.28,Alta
2013,66,Salta,65-69,Varón,4361,1832.38,0.42,0.32,0.11,0.34,Muy alta
2013,66,Salta,70-74,Mujer,2703,1597.38,0.59,0.21,0.11,0.51,Muy alta
2013,66,Salta,70-74,Varón,0,0,NA,0,0,NA,NA
2013,66,Salta,75-79,Mujer,498,498,1,0.06,0.06,0.98,Muy alta
2013,66,Salta,75-79,Varón,1700,1208.46,0.71,0.26,0.15,0.59,Muy alta
2013,66,Salta,80+,Mujer,2635,1692.24,0.64,0.27,0.14,0.51,Muy alta
2013,66,Salta,80+,Varón,503,503,1,0.15,0.14,0.93,Muy alta
2013,70,San Juan,35-39,Mujer,636,481.67,0.76,0.04,0.03,0.75,Muy alta
2013,70,San Juan,35-39,Varón,1390,1007,0.72,0.08,0.05,0.69,Muy alta
2013,70,San Juan,40-44,Mujer,2175,1047.48,0.48,0.12,0.06,0.46,Muy alta
2013,70,San Juan,40-44,Varón,730,730,1,0.04,0.04,0.98,Muy alta
2013,70,San Juan,45-49,Mujer,1967,1092,0.56,0.1,0.05,0.55,Muy alta
2013,70,San Juan,45-49,Varón,1303,677.87,0.52,0.09,0.04,0.52,Muy alta
2013,70,San Juan,50-54,Mujer,2040,1110.77,0.54,0.12,0.06,0.51,Muy alta
2013,70,San Juan,50-54,Varón,2217,1217.54,0.55,0.15,0.08,0.51,Muy alta
2013,70,San Juan,55-59,Mujer,1255,956.51,0.76,0.14,0.1,0.71,Muy alta
2013,70,San Juan,55-59,Varón,2963,1499.45,0.51,0.31,0.12,0.41,Muy alta
2013,70,San Juan,60-64,Mujer,4826,1735.22,0.36,0.31,0.09,0.29,Alta
2013,70,San Juan,60-64,Varón,3336,1591.47,0.48,0.3,0.12,0.38,Muy alta
2013,70,San Juan,65-69,Mujer,1651,758.79,0.46,0.17,0.08,0.44,Muy alta
2013,70,San Juan,65-69,Varón,1928,940.9,0.49,0.22,0.1,0.45,Muy alta
2013,70,San Juan,70-74,Mujer,4502,1440.39,0.32,0.57,0.13,0.23,Alta
2013,70,San Juan,70-74,Varón,397,243.3,0.61,0.06,0.04,0.69,Muy alta
2013,70,San Juan,75-79,Mujer,895,561.1,0.63,0.11,0.06,0.6,Muy alta
2013,70,San Juan,75-79,Varón,1539,965.45,0.63,0.34,0.17,0.5,Muy alta
2013,70,San Juan,80+,Mujer,2249,1243.37,0.55,0.32,0.14,0.44,Muy alta
2013,70,San Juan,80+,Varón,24,24,1,0.01,0.01,1.07,Muy alta
2013,74,San Luis,35-39,Mujer,1545,682.98,0.44,0.11,0.05,0.42,Muy alta
2013,74,San Luis,35-39,Varón,132,94.4,0.72,0.01,0.01,0.73,Muy alta
2013,74,San Luis,40-44,Mujer,2224,887.22,0.4,0.17,0.06,0.36,Muy alta
2013,74,San Luis,40-44,Varón,231,164.62,0.71,0.02,0.01,0.72,Muy alta
2013,74,San Luis,45-49,Mujer,0,0,NA,0,0,NA,NA
2013,74,San Luis,45-49,Varón,2199,896.95,0.41,0.26,0.09,0.34,Muy alta
2013,74,San Luis,50-54,Mujer,1923,802.7,0.42,0.19,0.07,0.39,Muy alta
2013,74,San Luis,50-54,Varón,927,490.95,0.53,0.07,0.04,0.53,Muy alta
2013,74,San Luis,55-59,Mujer,234,169.19,0.72,0.04,0.03,0.73,Muy alta
2013,74,San Luis,55-59,Varón,1739,873.77,0.5,0.26,0.11,0.42,Muy alta
2013,74,San Luis,60-64,Mujer,2779,907.46,0.33,0.28,0.08,0.28,Alta
2013,74,San Luis,60-64,Varón,1526,785.32,0.51,0.31,0.13,0.42,Muy alta
2013,74,San Luis,65-69,Mujer,538,280.42,0.52,0.1,0.06,0.54,Muy alta
2013,74,San Luis,65-69,Varón,1170,640.93,0.55,0.26,0.12,0.47,Muy alta
2013,74,San Luis,70-74,Mujer,1285,668.75,0.52,0.3,0.13,0.42,Muy alta
2013,74,San Luis,70-74,Varón,174,174,1,0.03,0.03,1.01,Muy alta
2013,74,San Luis,75-79,Mujer,874,523.98,0.6,0.15,0.08,0.57,Muy alta
2013,74,San Luis,75-79,Varón,208,155.64,0.75,0.07,0.06,0.84,Muy alta
2013,74,San Luis,80+,Mujer,965,775.41,0.8,0.19,0.13,0.69,Muy alta
2013,74,San Luis,80+,Varón,63,63,1,0.03,0.03,1.05,Muy alta
2013,78,Santa Cruz,35-39,Mujer,296,154.18,0.52,0.03,0.02,0.54,Muy alta
2013,78,Santa Cruz,35-39,Varón,839,503.72,0.6,0.07,0.04,0.57,Muy alta
2013,78,Santa Cruz,40-44,Mujer,211,150.8,0.71,0.03,0.02,0.72,Muy alta
2013,78,Santa Cruz,40-44,Varón,141,141,1,0.02,0.02,1,Muy alta
2013,78,Santa Cruz,45-49,Mujer,867,346.95,0.4,0.09,0.04,0.41,Muy alta
2013,78,Santa Cruz,45-49,Varón,2236,1196.75,0.54,0.25,0.11,0.43,Muy alta
2013,78,Santa Cruz,50-54,Mujer,1481,657.87,0.44,0.17,0.07,0.4,Muy alta
2013,78,Santa Cruz,50-54,Varón,1223,467.52,0.38,0.18,0.07,0.37,Muy alta
2013,78,Santa Cruz,55-59,Mujer,932,362.81,0.39,0.24,0.08,0.35,Muy alta
2013,78,Santa Cruz,55-59,Varón,1135,479.39,0.42,0.23,0.09,0.38,Muy alta
2013,78,Santa Cruz,60-64,Mujer,787,280.52,0.36,0.24,0.08,0.34,Muy alta
2013,78,Santa Cruz,60-64,Varón,827,453.07,0.55,0.17,0.08,0.5,Muy alta
2013,78,Santa Cruz,65-69,Mujer,1005,635.74,0.63,0.33,0.15,0.47,Muy alta
2013,78,Santa Cruz,65-69,Varón,206,182.72,0.89,0.06,0.05,0.87,Muy alta
2013,78,Santa Cruz,70-74,Mujer,307,191.1,0.62,0.22,0.12,0.56,Muy alta
2013,78,Santa Cruz,70-74,Varón,204,164.56,0.81,0.36,0.24,0.67,Muy alta
2013,78,Santa Cruz,75-79,Mujer,297,180.53,0.61,0.14,0.08,0.6,Muy alta
2013,78,Santa Cruz,75-79,Varón,0,0,NA,0,0,NA,NA
2013,78,Santa Cruz,80+,Mujer,830,422.72,0.51,0.43,0.16,0.38,Muy alta
2013,78,Santa Cruz,80+,Varón,259,193.19,0.75,0.11,0.09,0.75,Muy alta
2013,82,Santa Fe,35-39,Mujer,4057,1777.97,0.44,0.05,0.02,0.43,Muy alta
2013,82,Santa Fe,35-39,Varón,0,0,NA,0,0,NA,NA
2013,82,Santa Fe,40-44,Mujer,9404,3016.06,0.32,0.1,0.03,0.31,Muy alta
2013,82,Santa Fe,40-44,Varón,9244,6813.45,0.74,0.11,0.08,0.67,Muy alta
2013,82,Santa Fe,45-49,Mujer,7315,3064.08,0.42,0.09,0.04,0.42,Muy alta
2013,82,Santa Fe,45-49,Varón,3522,1854.21,0.53,0.05,0.03,0.52,Muy alta
2013,82,Santa Fe,50-54,Mujer,8796,3193.97,0.36,0.12,0.04,0.36,Muy alta
2013,82,Santa Fe,50-54,Varón,4225,2009.9,0.48,0.08,0.04,0.47,Muy alta
2013,82,Santa Fe,55-59,Mujer,11950,3775.59,0.32,0.2,0.06,0.28,Alta
2013,82,Santa Fe,55-59,Varón,3028,2019.49,0.67,0.05,0.03,0.65,Muy alta
2013,82,Santa Fe,60-64,Mujer,15507,3980.89,0.26,0.2,0.05,0.24,Alta
2013,82,Santa Fe,60-64,Varón,12780,5691.52,0.45,0.18,0.07,0.39,Muy alta
2013,82,Santa Fe,65-69,Mujer,14894,4634.75,0.31,0.21,0.06,0.27,Alta
2013,82,Santa Fe,65-69,Varón,6613,2322.63,0.35,0.11,0.04,0.35,Muy alta
2013,82,Santa Fe,70-74,Mujer,13487,4008.39,0.3,0.28,0.07,0.24,Alta
2013,82,Santa Fe,70-74,Varón,3924,1998.33,0.51,0.15,0.07,0.46,Muy alta
2013,82,Santa Fe,75-79,Mujer,12634,3878,0.31,0.29,0.08,0.25,Alta
2013,82,Santa Fe,75-79,Varón,9390,3517.09,0.37,0.34,0.11,0.32,Muy alta
2013,82,Santa Fe,80+,Mujer,8233,2625.11,0.32,0.18,0.05,0.29,Alta
2013,82,Santa Fe,80+,Varón,2298,1362.22,0.59,0.12,0.07,0.56,Muy alta
2013,86,Santiago del Estero,35-39,Mujer,2378,935.67,0.39,0.12,0.04,0.37,Muy alta
2013,86,Santiago del Estero,35-39,Varón,2220,885.86,0.4,0.14,0.05,0.37,Muy alta
2013,86,Santiago del Estero,40-44,Mujer,4244,1425.49,0.34,0.24,0.07,0.29,Alta
2013,86,Santiago del Estero,40-44,Varón,1301,772.25,0.59,0.07,0.04,0.57,Muy alta
2013,86,Santiago del Estero,45-49,Mujer,2816,1222.56,0.43,0.16,0.06,0.39,Muy alta
2013,86,Santiago del Estero,45-49,Varón,2669,948.47,0.36,0.17,0.06,0.33,Muy alta
2013,86,Santiago del Estero,50-54,Mujer,3535,1170.88,0.33,0.21,0.06,0.3,Alta
2013,86,Santiago del Estero,50-54,Varón,1111,651.65,0.59,0.07,0.04,0.57,Muy alta
2013,86,Santiago del Estero,55-59,Mujer,1838,808.77,0.44,0.18,0.08,0.42,Muy alta
2013,86,Santiago del Estero,55-59,Varón,3447,1251,0.36,0.28,0.09,0.32,Muy alta
2013,86,Santiago del Estero,60-64,Mujer,2194,836,0.38,0.21,0.07,0.35,Muy alta
2013,86,Santiago del Estero,60-64,Varón,1920,912.1,0.48,0.3,0.12,0.39,Muy alta
2013,86,Santiago del Estero,65-69,Mujer,2870,1111.09,0.39,0.31,0.11,0.34,Muy alta
2013,86,Santiago del Estero,65-69,Varón,574,413.8,0.72,0.13,0.09,0.69,Muy alta
2013,86,Santiago del Estero,70-74,Mujer,1349,625.95,0.46,0.16,0.07,0.46,Muy alta
2013,86,Santiago del Estero,70-74,Varón,1752,1208.53,0.69,0.21,0.13,0.62,Muy alta
2013,86,Santiago del Estero,75-79,Mujer,1220,936.64,0.77,0.23,0.14,0.64,Muy alta
2013,86,Santiago del Estero,75-79,Varón,187,187,1,0.06,0.06,1.02,Muy alta
2013,86,Santiago del Estero,80+,Mujer,1852,1065.05,0.58,0.4,0.16,0.41,Muy alta
2013,86,Santiago del Estero,80+,Varón,795,636.1,0.8,0.24,0.16,0.68,Muy alta
2013,90,Tucumán,35-39,Mujer,3244,1430.1,0.44,0.08,0.03,0.42,Muy alta
2013,90,Tucumán,35-39,Varón,1150,691.44,0.6,0.03,0.02,0.6,Muy alta
2013,90,Tucumán,40-44,Mujer,3980,1599.93,0.4,0.11,0.04,0.38,Muy alta
2013,90,Tucumán,40-44,Varón,1704,927.88,0.54,0.06,0.03,0.53,Muy alta
2013,90,Tucumán,45-49,Mujer,4965,2064.68,0.42,0.16,0.06,0.38,Muy alta
2013,90,Tucumán,45-49,Varón,3826,1850.53,0.48,0.11,0.05,0.45,Muy alta
2013,90,Tucumán,50-54,Mujer,4205,1954.55,0.46,0.12,0.05,0.44,Muy alta
2013,90,Tucumán,50-54,Varón,6391,2703.83,0.42,0.21,0.08,0.37,Muy alta
2013,90,Tucumán,55-59,Mujer,6302,2591.27,0.41,0.27,0.09,0.34,Muy alta
2013,90,Tucumán,55-59,Varón,2272,1250.95,0.55,0.11,0.06,0.52,Muy alta
2013,90,Tucumán,60-64,Mujer,2734,1215.63,0.44,0.1,0.04,0.43,Muy alta
2013,90,Tucumán,60-64,Varón,2516,1002.78,0.4,0.11,0.05,0.39,Muy alta
2013,90,Tucumán,65-69,Mujer,4577,1567.72,0.34,0.21,0.07,0.31,Muy alta
2013,90,Tucumán,65-69,Varón,3420,1666.41,0.49,0.23,0.1,0.43,Muy alta
2013,90,Tucumán,70-74,Mujer,1791,865.45,0.48,0.13,0.06,0.46,Muy alta
2013,90,Tucumán,70-74,Varón,2781,1400.12,0.5,0.23,0.1,0.44,Muy alta
2013,90,Tucumán,75-79,Mujer,2534,959.98,0.38,0.27,0.09,0.33,Muy alta
2013,90,Tucumán,75-79,Varón,1849,1121.55,0.61,0.24,0.13,0.52,Muy alta
2013,90,Tucumán,80+,Mujer,2697,1242.47,0.46,0.17,0.07,0.42,Muy alta
2013,90,Tucumán,80+,Varón,464,464,1,0.06,0.06,0.99,Muy alta
2013,94,Tierra del Fuego,35-39,Mujer,477,180.42,0.38,0.1,0.04,0.37,Muy alta
2013,94,Tierra del Fuego,35-39,Varón,564,222.49,0.39,0.1,0.04,0.38,Muy alta
2013,94,Tierra del Fuego,40-44,Mujer,801,306.04,0.38,0.15,0.05,0.35,Muy alta
2013,94,Tierra del Fuego,40-44,Varón,187,187,1,0.04,0.04,0.97,Muy alta
2013,94,Tierra del Fuego,45-49,Mujer,559,239.5,0.43,0.13,0.05,0.4,Muy alta
2013,94,Tierra del Fuego,45-49,Varón,358,184.84,0.52,0.08,0.04,0.5,Muy alta
2013,94,Tierra del Fuego,50-54,Mujer,570,252.42,0.44,0.13,0.05,0.41,Muy alta
2013,94,Tierra del Fuego,50-54,Varón,387,186.04,0.48,0.11,0.05,0.47,Muy alta
2013,94,Tierra del Fuego,55-59,Mujer,634,260.63,0.41,0.24,0.08,0.36,Muy alta
2013,94,Tierra del Fuego,55-59,Varón,239,149.17,0.62,0.08,0.05,0.61,Muy alta
2013,94,Tierra del Fuego,60-64,Mujer,353,141.92,0.4,0.2,0.08,0.37,Muy alta
2013,94,Tierra del Fuego,60-64,Varón,852,284.09,0.33,0.29,0.09,0.3,Alta
2013,94,Tierra del Fuego,65-69,Mujer,350,188.72,0.54,0.19,0.09,0.49,Muy alta
2013,94,Tierra del Fuego,65-69,Varón,488,209.14,0.43,0.35,0.11,0.33,Muy alta
2013,94,Tierra del Fuego,70-74,Mujer,157,111.12,0.71,0.2,0.13,0.65,Muy alta
2013,94,Tierra del Fuego,70-74,Varón,112,79.31,0.71,0.22,0.14,0.67,Muy alta
2013,94,Tierra del Fuego,75-79,Mujer,134,80.67,0.6,0.33,0.16,0.49,Muy alta
2013,94,Tierra del Fuego,75-79,Varón,218,130.3,0.6,0.45,0.19,0.42,Muy alta
2013,94,Tierra del Fuego,80+,Mujer,86,50.53,0.59,0.34,0.18,0.54,Muy alta
2013,94,Tierra del Fuego,80+,Varón,23,23,1,0.07,0.08,1.08,Muy alta
2018,2,CABA,35-39,Mujer,5524,2901.29,0.53,0.05,0.03,0.55,Muy alta
2018,2,CABA,35-39,Varón,2581,1856.04,0.72,0.03,0.02,0.74,Muy alta
2018,2,CABA,40-44,Mujer,3926,2310.14,0.59,0.03,0.02,0.58,Muy alta
2018,2,CABA,40-44,Varón,2832,2885.36,1.02,0.03,0.03,1.01,Muy alta
2018,2,CABA,45-49,Mujer,3482,2832.38,0.81,0.03,0.03,0.77,Muy alta
2018,2,CABA,45-49,Varón,4961,2934.73,0.59,0.07,0.04,0.61,Muy alta
2018,2,CABA,50-54,Mujer,9345,4796.18,0.51,0.11,0.06,0.5,Muy alta
2018,2,CABA,50-54,Varón,11984,5045.23,0.42,0.14,0.05,0.39,Muy alta
2018,2,CABA,55-59,Mujer,12346,4941.19,0.4,0.13,0.05,0.39,Muy alta
2018,2,CABA,55-59,Varón,10810,4232.36,0.39,0.15,0.06,0.41,Muy alta
2018,2,CABA,60-64,Mujer,12167,5828.11,0.48,0.19,0.08,0.41,Muy alta
2018,2,CABA,60-64,Varón,9408,4191.49,0.45,0.16,0.07,0.41,Muy alta
2018,2,CABA,65-69,Mujer,8670,3338.81,0.39,0.1,0.04,0.37,Muy alta
2018,2,CABA,65-69,Varón,23653,5987.11,0.25,0.33,0.08,0.24,Alta
2018,2,CABA,70-74,Mujer,5893,2974.09,0.5,0.07,0.03,0.46,Muy alta
2018,2,CABA,70-74,Varón,9597,4008.6,0.42,0.16,0.06,0.37,Muy alta
2018,2,CABA,75-79,Mujer,4665,2093.11,0.45,0.1,0.05,0.45,Muy alta
2018,2,CABA,75-79,Varón,10046,4423.78,0.44,0.29,0.1,0.36,Muy alta
2018,2,CABA,80+,Mujer,19045,5655.59,0.3,0.26,0.07,0.27,Alta
2018,2,CABA,80+,Varón,9425,3353.22,0.36,0.25,0.09,0.35,Muy alta
2018,6,Buenos Aires,35-39,Mujer,103079,23002.82,0.22,0.18,0.03,0.2,Moderada
2018,6,Buenos Aires,35-39,Varón,24371,9605.67,0.39,0.05,0.02,0.4,Muy alta
2018,6,Buenos Aires,40-44,Mujer,84386,20982.01,0.25,0.16,0.04,0.23,Alta
2018,6,Buenos Aires,40-44,Varón,38189,11718.49,0.31,0.08,0.02,0.29,Alta
2018,6,Buenos Aires,45-49,Mujer,89148,20013.71,0.22,0.14,0.03,0.21,Alta
2018,6,Buenos Aires,45-49,Varón,117301,27968.88,0.24,0.21,0.05,0.22,Alta
2018,6,Buenos Aires,50-54,Mujer,59085,14393.42,0.24,0.12,0.03,0.22,Alta
2018,6,Buenos Aires,50-54,Varón,59469,15719.92,0.26,0.16,0.04,0.24,Alta
2018,6,Buenos Aires,55-59,Mujer,63813,15509.61,0.24,0.19,0.04,0.22,Alta
2018,6,Buenos Aires,55-59,Varón,111691,23106.84,0.21,0.26,0.05,0.18,Moderada
2018,6,Buenos Aires,60-64,Mujer,59485,15463.98,0.26,0.17,0.04,0.22,Alta
2018,6,Buenos Aires,60-64,Varón,83613,16418.01,0.2,0.22,0.05,0.21,Alta
2018,6,Buenos Aires,65-69,Mujer,92936,16149.87,0.17,0.26,0.04,0.16,Moderada
2018,6,Buenos Aires,65-69,Varón,47407,10919.66,0.23,0.15,0.03,0.22,Alta
2018,6,Buenos Aires,70-74,Mujer,47874,13024.27,0.27,0.19,0.04,0.23,Alta
2018,6,Buenos Aires,70-74,Varón,87883,20616.28,0.23,0.32,0.06,0.19,Moderada
2018,6,Buenos Aires,75-79,Mujer,33232,7359.93,0.22,0.19,0.04,0.2,Moderada
2018,6,Buenos Aires,75-79,Varón,34166,10558.47,0.31,0.17,0.05,0.3,Alta
2018,6,Buenos Aires,80+,Mujer,32404,7151.28,0.22,0.16,0.03,0.22,Alta
2018,6,Buenos Aires,80+,Varón,29978,10450.96,0.35,0.23,0.07,0.32,Muy alta
2018,10,Catamarca,35-39,Mujer,986,575.5,0.58,0.09,0.06,0.65,Muy alta
2018,10,Catamarca,35-39,Varón,1624,820.17,0.51,0.14,0.07,0.53,Muy alta
2018,10,Catamarca,40-44,Mujer,1699,981.66,0.58,0.18,0.1,0.58,Muy alta
2018,10,Catamarca,40-44,Varón,1114,499.72,0.45,0.15,0.07,0.45,Muy alta
2018,10,Catamarca,45-49,Mujer,1586,703.88,0.44,0.16,0.07,0.46,Muy alta
2018,10,Catamarca,45-49,Varón,1125,672.37,0.6,0.2,0.12,0.61,Muy alta
2018,10,Catamarca,50-54,Mujer,761,392.34,0.52,0.11,0.06,0.54,Muy alta
2018,10,Catamarca,50-54,Varón,756,365.58,0.48,0.11,0.06,0.52,Muy alta
2018,10,Catamarca,55-59,Mujer,1151,460.91,0.4,0.23,0.09,0.41,Muy alta
2018,10,Catamarca,55-59,Varón,757,505.32,0.67,0.18,0.11,0.6,Muy alta
2018,10,Catamarca,60-64,Mujer,433,446.5,1.03,0.06,0.06,1.02,Muy alta
2018,10,Catamarca,60-64,Varón,1065,726.86,0.68,0.17,0.11,0.63,Muy alta
2018,10,Catamarca,65-69,Mujer,781,491.3,0.63,0.13,0.07,0.55,Muy alta
2018,10,Catamarca,65-69,Varón,172,154.06,0.9,0.03,0.03,1.04,Muy alta
2018,10,Catamarca,70-74,Mujer,1144,809.56,0.71,0.38,0.2,0.53,Muy alta
2018,10,Catamarca,70-74,Varón,295,236.28,0.8,0.11,0.08,0.78,Muy alta
2018,10,Catamarca,75-79,Mujer,389,346.8,0.89,0.14,0.12,0.87,Muy alta
2018,10,Catamarca,75-79,Varón,360,264.16,0.73,0.18,0.15,0.83,Muy alta
2018,10,Catamarca,80+,Mujer,653,382.8,0.59,0.24,0.12,0.51,Muy alta
2018,10,Catamarca,80+,Varón,97,99.76,1.03,0.11,0.14,1.34,Muy alta
2018,14,Córdoba,35-39,Mujer,9599,4407.93,0.46,0.08,0.03,0.43,Muy alta
2018,14,Córdoba,35-39,Varón,5860,3769.48,0.64,0.06,0.04,0.64,Muy alta
2018,14,Córdoba,40-44,Mujer,11840,4486.88,0.38,0.09,0.03,0.36,Muy alta
2018,14,Córdoba,40-44,Varón,12196,6129.2,0.5,0.13,0.06,0.47,Muy alta
2018,14,Córdoba,45-49,Mujer,10987,5191.88,0.47,0.14,0.06,0.45,Muy alta
2018,14,Córdoba,45-49,Varón,21824,8570.92,0.39,0.23,0.08,0.35,Muy alta
2018,14,Córdoba,50-54,Mujer,16791,6800.6,0.41,0.21,0.08,0.37,Muy alta
2018,14,Córdoba,50-54,Varón,10616,4765.13,0.45,0.14,0.06,0.42,Muy alta
2018,14,Córdoba,55-59,Mujer,8909,3976.55,0.45,0.25,0.09,0.37,Muy alta
2018,14,Córdoba,55-59,Varón,20295,6275.11,0.31,0.23,0.07,0.3,Alta
2018,14,Córdoba,60-64,Mujer,27410,7660.99,0.28,0.28,0.07,0.25,Alta
2018,14,Córdoba,60-64,Varón,12473,5431.91,0.44,0.17,0.07,0.42,Muy alta
2018,14,Córdoba,65-69,Mujer,26309,7744.85,0.29,0.3,0.07,0.23,Alta
2018,14,Córdoba,65-69,Varón,15831,5119.03,0.32,0.25,0.07,0.27,Alta
2018,14,Córdoba,70-74,Mujer,13477,5565.92,0.41,0.27,0.09,0.35,Muy alta
2018,14,Córdoba,70-74,Varón,9878,5392.29,0.55,0.23,0.11,0.46,Muy alta
2018,14,Córdoba,75-79,Mujer,4781,2184,0.46,0.11,0.05,0.49,Muy alta
2018,14,Córdoba,75-79,Varón,4195,1915.03,0.46,0.15,0.07,0.49,Muy alta
2018,14,Córdoba,80+,Mujer,4221,3220.56,0.76,0.08,0.06,0.7,Muy alta
2018,14,Córdoba,80+,Varón,4831,2648.46,0.55,0.22,0.1,0.46,Muy alta
2018,18,Corrientes,35-39,Mujer,5411,2261.1,0.42,0.16,0.06,0.38,Muy alta
2018,18,Corrientes,35-39,Varón,3439,2147.55,0.62,0.11,0.07,0.63,Muy alta
2018,18,Corrientes,40-44,Mujer,1300,697.96,0.54,0.05,0.03,0.55,Muy alta
2018,18,Corrientes,40-44,Varón,231,154.48,0.67,0.01,0.01,0.7,Muy alta
2018,18,Corrientes,45-49,Mujer,3660,2006.85,0.55,0.16,0.08,0.5,Muy alta
2018,18,Corrientes,45-49,Varón,2999,1700.26,0.57,0.12,0.06,0.52,Muy alta
2018,18,Corrientes,50-54,Mujer,6048,2401.71,0.4,0.32,0.11,0.36,Muy alta
2018,18,Corrientes,50-54,Varón,1301,810.42,0.62,0.08,0.05,0.7,Muy alta
2018,18,Corrientes,55-59,Mujer,3022,1376.13,0.46,0.11,0.05,0.46,Muy alta
2018,18,Corrientes,55-59,Varón,2535,2083.96,0.82,0.12,0.1,0.85,Muy alta
2018,18,Corrientes,60-64,Mujer,7052,3039.49,0.43,0.38,0.12,0.31,Muy alta
2018,18,Corrientes,60-64,Varón,2055,1002.41,0.49,0.12,0.06,0.53,Muy alta
2018,18,Corrientes,65-69,Mujer,3070,975.51,0.32,0.2,0.07,0.33,Muy alta
2018,18,Corrientes,65-69,Varón,3017,1293.61,0.43,0.16,0.08,0.5,Muy alta
2018,18,Corrientes,70-74,Mujer,3172,2118.4,0.67,0.3,0.16,0.52,Muy alta
2018,18,Corrientes,70-74,Varón,1415,1132.15,0.8,0.15,0.1,0.67,Muy alta
2018,18,Corrientes,75-79,Mujer,1793,1139.83,0.64,0.19,0.1,0.54,Muy alta
2018,18,Corrientes,75-79,Varón,1841,822.16,0.45,0.47,0.15,0.33,Muy alta
2018,18,Corrientes,80+,Mujer,3722,1318.58,0.35,0.32,0.09,0.3,Alta
2018,18,Corrientes,80+,Varón,1251,572.09,0.46,0.22,0.12,0.55,Muy alta
2018,22,Chaco,35-39,Mujer,3372,1241.2,0.37,0.09,0.03,0.37,Muy alta
2018,22,Chaco,35-39,Varón,0,0,NA,0,0,NA,NA
2018,22,Chaco,40-44,Mujer,1468,1492.73,1.02,0.06,0.06,0.95,Muy alta
2018,22,Chaco,40-44,Varón,3986,1685.62,0.42,0.12,0.05,0.39,Muy alta
2018,22,Chaco,45-49,Mujer,3360,1273.78,0.38,0.14,0.05,0.39,Muy alta
2018,22,Chaco,45-49,Varón,2430,1372.56,0.56,0.1,0.06,0.54,Muy alta
2018,22,Chaco,50-54,Mujer,4669,1423.18,0.3,0.22,0.06,0.29,Alta
2018,22,Chaco,50-54,Varón,0,0,NA,0,0,NA,NA
2018,22,Chaco,55-59,Mujer,2103,905.31,0.43,0.1,0.04,0.4,Muy alta
2018,22,Chaco,55-59,Varón,3371,1629.06,0.48,0.17,0.08,0.48,Muy alta
2018,22,Chaco,60-64,Mujer,3603,2242.83,0.62,0.19,0.11,0.57,Muy alta
2018,22,Chaco,60-64,Varón,8933,3216.21,0.36,0.32,0.11,0.34,Muy alta
2018,22,Chaco,65-69,Mujer,2548,1054.75,0.41,0.19,0.09,0.47,Muy alta
2018,22,Chaco,65-69,Varón,2219,1079.09,0.49,0.14,0.07,0.49,Muy alta
2018,22,Chaco,70-74,Mujer,5405,1835.59,0.34,0.36,0.1,0.28,Alta
2018,22,Chaco,70-74,Varón,1207,596.94,0.49,0.15,0.09,0.55,Muy alta
2018,22,Chaco,75-79,Mujer,1516,581.16,0.38,0.19,0.08,0.43,Muy alta
2018,22,Chaco,75-79,Varón,209,194.91,0.93,0.1,0.08,0.8,Muy alta
2018,22,Chaco,80+,Mujer,3221,2142.2,0.67,0.45,0.21,0.47,Muy alta
2018,22,Chaco,80+,Varón,299,256.03,0.86,0.04,0.05,1.22,Muy alta
2018,26,Chubut,35-39,Mujer,3287,1073.97,0.33,0.17,0.05,0.3,Alta
2018,26,Chubut,35-39,Varón,2105,929.6,0.44,0.09,0.04,0.44,Muy alta
2018,26,Chubut,40-44,Mujer,748,510.16,0.68,0.04,0.03,0.67,Muy alta
2018,26,Chubut,40-44,Varón,2229,1194.01,0.54,0.1,0.05,0.53,Muy alta
2018,26,Chubut,45-49,Mujer,1323,778.97,0.59,0.1,0.06,0.62,Muy alta
2018,26,Chubut,45-49,Varón,2413,1291.62,0.54,0.13,0.06,0.5,Muy alta
2018,26,Chubut,50-54,Mujer,4773,2533.54,0.53,0.25,0.11,0.45,Muy alta
2018,26,Chubut,50-54,Varón,755,511.57,0.68,0.06,0.04,0.72,Muy alta
2018,26,Chubut,55-59,Mujer,1183,567.97,0.48,0.11,0.06,0.52,Muy alta
2018,26,Chubut,55-59,Varón,2487,1428.69,0.57,0.24,0.13,0.53,Muy alta
2018,26,Chubut,60-64,Mujer,2712,1024.63,0.38,0.32,0.09,0.28,Alta
2018,26,Chubut,60-64,Varón,767,520.75,0.68,0.09,0.06,0.72,Muy alta
2018,26,Chubut,65-69,Mujer,2318,1018.67,0.44,0.23,0.08,0.35,Muy alta
2018,26,Chubut,65-69,Varón,3065,1566.82,0.51,0.35,0.16,0.46,Muy alta
2018,26,Chubut,70-74,Mujer,501,396.23,0.79,0.13,0.1,0.76,Muy alta
2018,26,Chubut,70-74,Varón,1616,796.09,0.49,0.33,0.14,0.43,Muy alta
2018,26,Chubut,75-79,Mujer,200,160.26,0.8,0.1,0.1,0.95,Muy alta
2018,26,Chubut,75-79,Varón,0,0,NA,0,0,NA,NA
2018,26,Chubut,80+,Mujer,686,460.3,0.67,0.13,0.08,0.6,Muy alta
2018,26,Chubut,80+,Varón,2724,1344.44,0.49,0.42,0.17,0.42,Muy alta
2018,30,Entre Ríos,35-39,Mujer,5567,1565.8,0.28,0.12,0.03,0.26,Alta
2018,30,Entre Ríos,35-39,Varón,680,456.85,0.67,0.02,0.01,0.68,Muy alta
2018,30,Entre Ríos,40-44,Mujer,2235,805.35,0.36,0.07,0.02,0.33,Muy alta
2018,30,Entre Ríos,40-44,Varón,3015,1582.16,0.52,0.08,0.04,0.51,Muy alta
2018,30,Entre Ríos,45-49,Mujer,7171,2621.59,0.37,0.19,0.06,0.34,Muy alta
2018,30,Entre Ríos,45-49,Varón,2539,1406.21,0.55,0.1,0.05,0.51,Muy alta
2018,30,Entre Ríos,50-54,Mujer,3487,2055.5,0.59,0.12,0.06,0.54,Muy alta
2018,30,Entre Ríos,50-54,Varón,1628,771.34,0.47,0.06,0.03,0.49,Muy alta
2018,30,Entre Ríos,55-59,Mujer,9805,2889.93,0.29,0.31,0.07,0.21,Alta
2018,30,Entre Ríos,55-59,Varón,980,624.8,0.64,0.06,0.04,0.65,Muy alta
2018,30,Entre Ríos,60-64,Mujer,5700,1789.33,0.31,0.24,0.06,0.25,Alta
2018,30,Entre Ríos,60-64,Varón,5762,1873.94,0.33,0.2,0.06,0.29,Alta
2018,30,Entre Ríos,65-69,Mujer,4413,1619.3,0.37,0.15,0.05,0.34,Muy alta
2018,30,Entre Ríos,65-69,Varón,2428,982.34,0.4,0.17,0.07,0.39,Muy alta
2018,30,Entre Ríos,70-74,Mujer,2802,1043.69,0.37,0.19,0.06,0.32,Muy alta
2018,30,Entre Ríos,70-74,Varón,4180,1362.71,0.33,0.27,0.08,0.3,Alta
2018,30,Entre Ríos,75-79,Mujer,4334,1848.27,0.43,0.26,0.09,0.36,Muy alta
2018,30,Entre Ríos,75-79,Varón,2698,1089.5,0.4,0.24,0.08,0.34,Muy alta
2018,30,Entre Ríos,80+,Mujer,3240,909.3,0.28,0.21,0.06,0.28,Alta
2018,30,Entre Ríos,80+,Varón,1457,860.6,0.59,0.14,0.09,0.64,Muy alta
2018,34,Formosa,35-39,Mujer,1421,572.02,0.4,0.09,0.04,0.43,Muy alta
2018,34,Formosa,35-39,Varón,0,0,NA,0,0,NA,NA
2018,34,Formosa,40-44,Mujer,796,502.12,0.63,0.09,0.05,0.61,Muy alta
2018,34,Formosa,40-44,Varón,1124,801.84,0.71,0.08,0.06,0.73,Muy alta
2018,34,Formosa,45-49,Mujer,1962,871.18,0.44,0.16,0.07,0.44,Muy alta
2018,34,Formosa,45-49,Varón,1296,708.8,0.55,0.1,0.05,0.51,Muy alta
2018,34,Formosa,50-54,Mujer,3974,1341.46,0.34,0.31,0.09,0.29,Alta
2018,34,Formosa,50-54,Varón,2963,929.1,0.31,0.38,0.1,0.25,Alta
2018,34,Formosa,55-59,Mujer,1455,710.44,0.49,0.14,0.06,0.45,Muy alta
2018,34,Formosa,55-59,Varón,2084,764.21,0.37,0.19,0.08,0.39,Muy alta
2018,34,Formosa,60-64,Mujer,213,159.47,0.75,0.03,0.03,0.78,Muy alta
2018,34,Formosa,60-64,Varón,2101,777.64,0.37,0.26,0.09,0.34,Muy alta
2018,34,Formosa,65-69,Mujer,1046,428.51,0.41,0.18,0.07,0.38,Muy alta
2018,34,Formosa,65-69,Varón,1578,796.51,0.5,0.31,0.13,0.43,Muy alta
2018,34,Formosa,70-74,Mujer,1483,723.11,0.49,0.3,0.12,0.39,Muy alta
2018,34,Formosa,70-74,Varón,710,436.55,0.61,0.18,0.1,0.55,Muy alta
2018,34,Formosa,75-79,Mujer,869,370.08,0.43,0.18,0.07,0.37,Muy alta
2018,34,Formosa,75-79,Varón,1068,589.01,0.55,0.22,0.11,0.51,Muy alta
2018,34,Formosa,80+,Mujer,1884,596.09,0.32,0.52,0.11,0.22,Alta
2018,34,Formosa,80+,Varón,1098,581.32,0.53,0.31,0.15,0.48,Muy alta
2018,38,Jujuy,35-39,Mujer,4148,1864.89,0.45,0.16,0.07,0.43,Muy alta
2018,38,Jujuy,35-39,Varón,1708,1266.51,0.74,0.07,0.05,0.71,Muy alta
2018,38,Jujuy,40-44,Mujer,913,556.11,0.61,0.04,0.02,0.59,Muy alta
2018,38,Jujuy,40-44,Varón,1791,857.15,0.48,0.12,0.06,0.47,Muy alta
2018,38,Jujuy,45-49,Mujer,2496,1070.06,0.43,0.14,0.05,0.4,Muy alta
2018,38,Jujuy,45-49,Varón,1345,823.42,0.61,0.07,0.05,0.63,Muy alta
2018,38,Jujuy,50-54,Mujer,2608,1199.88,0.46,0.14,0.06,0.44,Muy alta
2018,38,Jujuy,50-54,Varón,2640,1124.81,0.43,0.14,0.06,0.45,Muy alta
2018,38,Jujuy,55-59,Mujer,2379,1171.86,0.49,0.19,0.1,0.52,Muy alta
2018,38,Jujuy,55-59,Varón,1234,621.78,0.5,0.1,0.06,0.58,Muy alta
2018,38,Jujuy,60-64,Mujer,3623,1123.8,0.31,0.32,0.08,0.25,Alta
2018,38,Jujuy,60-64,Varón,977,170.19,0.17,0.15,0.05,0.33,Muy alta
2018,38,Jujuy,65-69,Mujer,1384,762.76,0.55,0.13,0.07,0.52,Muy alta
2018,38,Jujuy,65-69,Varón,2188,1120.73,0.51,0.18,0.1,0.54,Muy alta
2018,38,Jujuy,70-74,Mujer,877,574.43,0.65,0.14,0.08,0.6,Muy alta
2018,38,Jujuy,70-74,Varón,480,369.99,0.77,0.05,0.04,0.79,Muy alta
2018,38,Jujuy,75-79,Mujer,328,246.79,0.75,0.08,0.06,0.79,Muy alta
2018,38,Jujuy,75-79,Varón,915,1047.3,1.14,0.13,0.14,1.1,Muy alta
2018,38,Jujuy,80+,Mujer,592,284.76,0.48,0.13,0.08,0.63,Muy alta
2018,38,Jujuy,80+,Varón,744,592.71,0.8,0.27,0.22,0.8,Muy alta
2018,42,La Pampa,35-39,Mujer,1751,820.3,0.47,0.18,0.08,0.44,Muy alta
2018,42,La Pampa,35-39,Varón,2025,883.52,0.44,0.27,0.12,0.45,Muy alta
2018,42,La Pampa,40-44,Mujer,50,51.91,1.04,0.01,0.01,1.12,Muy alta
2018,42,La Pampa,40-44,Varón,554,380.27,0.69,0.09,0.07,0.82,Muy alta
2018,42,La Pampa,45-49,Mujer,567,380.24,0.67,0.09,0.07,0.83,Muy alta
2018,42,La Pampa,45-49,Varón,2368,898.37,0.38,0.29,0.09,0.32,Muy alta
2018,42,La Pampa,50-54,Mujer,629,281.22,0.45,0.12,0.06,0.48,Muy alta
2018,42,La Pampa,50-54,Varón,287,216.16,0.75,0.07,0.07,1.02,Muy alta
2018,42,La Pampa,55-59,Mujer,39,36.92,0.95,0.01,0.01,1.09,Muy alta
2018,42,La Pampa,55-59,Varón,651,251.5,0.39,0.13,0.05,0.4,Muy alta
2018,42,La Pampa,60-64,Mujer,2629,904.5,0.34,0.51,0.12,0.24,Alta
2018,42,La Pampa,60-64,Varón,1866,719.65,0.39,0.29,0.1,0.37,Muy alta
2018,42,La Pampa,65-69,Mujer,695,274.89,0.4,0.14,0.06,0.43,Muy alta
2018,42,La Pampa,65-69,Varón,310,249.69,0.81,0.11,0.1,0.93,Muy alta
2018,42,La Pampa,70-74,Mujer,611,318.18,0.52,0.13,0.07,0.58,Muy alta
2018,42,La Pampa,70-74,Varón,1039,559.4,0.54,0.29,0.15,0.52,Muy alta
2018,42,La Pampa,75-79,Mujer,530,410.01,0.77,0.19,0.13,0.68,Muy alta
2018,42,La Pampa,75-79,Varón,1176,702.45,0.6,0.33,0.17,0.51,Muy alta
2018,42,La Pampa,80+,Mujer,407,183.92,0.45,0.18,0.11,0.61,Muy alta
2018,42,La Pampa,80+,Varón,575,348.44,0.61,0.34,0.17,0.5,Muy alta
2018,46,La Rioja,35-39,Mujer,1139,628.78,0.55,0.09,0.05,0.54,Muy alta
2018,46,La Rioja,35-39,Varón,1269,726.19,0.57,0.13,0.07,0.54,Muy alta
2018,46,La Rioja,40-44,Mujer,1621,903.65,0.56,0.13,0.07,0.56,Muy alta
2018,46,La Rioja,40-44,Varón,533,362,0.68,0.07,0.05,0.7,Muy alta
2018,46,La Rioja,45-49,Mujer,2247,1010.08,0.45,0.22,0.09,0.43,Muy alta
2018,46,La Rioja,45-49,Varón,37,40.77,1.1,0.01,0.01,1.28,Muy alta
2018,46,La Rioja,50-54,Mujer,2358,1137.95,0.48,0.34,0.13,0.39,Muy alta
2018,46,La Rioja,50-54,Varón,1271,764.21,0.6,0.17,0.11,0.62,Muy alta
2018,46,La Rioja,55-59,Mujer,2497,845.45,0.34,0.22,0.07,0.31,Muy alta
2018,46,La Rioja,55-59,Varón,1098,631.86,0.58,0.3,0.15,0.48,Muy alta
2018,46,La Rioja,60-64,Mujer,1215,639.56,0.53,0.34,0.12,0.34,Muy alta
2018,46,La Rioja,60-64,Varón,2530,1011.8,0.4,0.4,0.13,0.33,Muy alta
2018,46,La Rioja,65-69,Mujer,748,510.96,0.68,0.14,0.09,0.65,Muy alta
2018,46,La Rioja,65-69,Varón,2866,1167.33,0.41,0.46,0.16,0.34,Muy alta
2018,46,La Rioja,70-74,Mujer,1309,740.86,0.57,0.32,0.16,0.5,Muy alta
2018,46,La Rioja,70-74,Varón,1104,556.25,0.5,0.54,0.21,0.39,Muy alta
2018,46,La Rioja,75-79,Mujer,365,346.49,0.95,0.17,0.18,1.06,Muy alta
2018,46,La Rioja,75-79,Varón,447,466.35,1.04,0.33,0.27,0.8,Muy alta
2018,46,La Rioja,80+,Mujer,628,433.19,0.69,0.23,0.13,0.57,Muy alta
2018,46,La Rioja,80+,Varón,0,0,NA,0,0,NA,NA
2018,50,Mendoza,35-39,Mujer,6073,3439.98,0.57,0.14,0.07,0.49,Muy alta
2018,50,Mendoza,35-39,Varón,2071,2337.97,1.13,0.04,0.05,1.26,Muy alta
2018,50,Mendoza,40-44,Mujer,11282,4732.3,0.42,0.23,0.09,0.37,Muy alta
2018,50,Mendoza,40-44,Varón,5780,2778.21,0.48,0.12,0.06,0.48,Muy alta
2018,50,Mendoza,45-49,Mujer,4865,3132.41,0.64,0.11,0.07,0.62,Muy alta
2018,50,Mendoza,45-49,Varón,1645,1379.23,0.84,0.03,0.03,0.87,Muy alta
2018,50,Mendoza,50-54,Mujer,6414,3378.52,0.53,0.15,0.08,0.53,Muy alta
2018,50,Mendoza,50-54,Varón,2772,2492.82,0.9,0.07,0.06,0.87,Muy alta
2018,50,Mendoza,55-59,Mujer,3566,2295.03,0.64,0.13,0.07,0.52,Muy alta
2018,50,Mendoza,55-59,Varón,9273,3496.38,0.38,0.23,0.08,0.34,Muy alta
2018,50,Mendoza,60-64,Mujer,3019,1018.98,0.34,0.11,0.04,0.37,Muy alta
2018,50,Mendoza,60-64,Varón,11479,3296.7,0.29,0.36,0.1,0.27,Alta
2018,50,Mendoza,65-69,Mujer,5005,1564.6,0.31,0.17,0.06,0.37,Muy alta
2018,50,Mendoza,65-69,Varón,10927,4585.99,0.42,0.41,0.14,0.35,Muy alta
2018,50,Mendoza,70-74,Mujer,5814,1941.45,0.33,0.25,0.07,0.27,Alta
2018,50,Mendoza,70-74,Varón,6322,3501.18,0.55,0.26,0.13,0.51,Muy alta
2018,50,Mendoza,75-79,Mujer,1711,982.4,0.57,0.08,0.05,0.57,Muy alta
2018,50,Mendoza,75-79,Varón,6488,3307.02,0.51,0.3,0.13,0.45,Muy alta
2018,50,Mendoza,80+,Mujer,2184,1542.13,0.71,0.09,0.06,0.7,Muy alta
2018,50,Mendoza,80+,Varón,2305,1001.62,0.43,0.15,0.08,0.54,Muy alta
2018,54,Misiones,35-39,Mujer,4164,1679.01,0.4,0.11,0.04,0.33,Muy alta
2018,54,Misiones,35-39,Varón,1515,860.52,0.57,0.05,0.03,0.56,Muy alta
2018,54,Misiones,40-44,Mujer,6453,2814.57,0.44,0.2,0.08,0.42,Muy alta
2018,54,Misiones,40-44,Varón,1756,1295,0.74,0.09,0.06,0.72,Muy alta
2018,54,Misiones,45-49,Mujer,3609,1657.01,0.46,0.16,0.06,0.38,Muy alta
2018,54,Misiones,45-49,Varón,5229,1738.99,0.33,0.21,0.07,0.33,Muy alta
2018,54,Misiones,50-54,Mujer,3486,1143.48,0.33,0.17,0.06,0.33,Muy alta
2018,54,Misiones,50-54,Varón,2970,1994.05,0.67,0.14,0.09,0.63,Muy alta
2018,54,Misiones,55-59,Mujer,10588,2707.41,0.26,0.44,0.09,0.19,Moderada
2018,54,Misiones,55-59,Varón,1476,787.83,0.53,0.11,0.07,0.58,Muy alta
2018,54,Misiones,60-64,Mujer,3539,1236.21,0.35,0.22,0.06,0.29,Alta
2018,54,Misiones,60-64,Varón,3205,1465.24,0.46,0.15,0.06,0.44,Muy alta
2018,54,Misiones,65-69,Mujer,2655,824.93,0.31,0.17,0.05,0.29,Alta
2018,54,Misiones,65-69,Varón,3977,1288.81,0.32,0.29,0.09,0.3,Alta
2018,54,Misiones,70-74,Mujer,1033,558.21,0.54,0.1,0.06,0.57,Muy alta
2018,54,Misiones,70-74,Varón,2358,1711.88,0.73,0.24,0.14,0.59,Muy alta
2018,54,Misiones,75-79,Mujer,1259,793.03,0.63,0.18,0.11,0.61,Muy alta
2018,54,Misiones,75-79,Varón,256,249.34,0.97,0.12,0.28,2.39,Muy alta
2018,54,Misiones,80+,Mujer,3237,2101.32,0.65,0.31,0.16,0.51,Muy alta
2018,54,Misiones,80+,Varón,0,0,NA,0,0,NA,NA
2018,58,Neuquén,35-39,Mujer,4216,1506.85,0.36,0.18,0.06,0.33,Muy alta
2018,58,Neuquén,35-39,Varón,608,357.65,0.59,0.03,0.02,0.61,Muy alta
2018,58,Neuquén,40-44,Mujer,4251,1709.84,0.4,0.25,0.08,0.34,Muy alta
2018,58,Neuquén,40-44,Varón,1078,734.47,0.68,0.07,0.04,0.62,Muy alta
2018,58,Neuquén,45-49,Mujer,2161,1035.6,0.48,0.11,0.05,0.46,Muy alta
2018,58,Neuquén,45-49,Varón,1528,856.15,0.56,0.08,0.05,0.58,Muy alta
2018,58,Neuquén,50-54,Mujer,2052,806.65,0.39,0.13,0.06,0.41,Muy alta
2018,58,Neuquén,50-54,Varón,544,343.37,0.63,0.05,0.03,0.62,Muy alta
2018,58,Neuquén,55-59,Mujer,1656,951.66,0.57,0.19,0.1,0.55,Muy alta
2018,58,Neuquén,55-59,Varón,2324,899.46,0.39,0.21,0.08,0.37,Muy alta
2018,58,Neuquén,60-64,Mujer,5043,1756.05,0.35,0.28,0.08,0.28,Alta
2018,58,Neuquén,60-64,Varón,2912,1170.59,0.4,0.25,0.08,0.34,Muy alta
2018,58,Neuquén,65-69,Mujer,3256,1677.98,0.52,0.38,0.15,0.4,Muy alta
2018,58,Neuquén,65-69,Varón,2382,1134.58,0.48,0.28,0.13,0.46,Muy alta
2018,58,Neuquén,70-74,Mujer,1501,901.72,0.6,0.28,0.13,0.48,Muy alta
2018,58,Neuquén,70-74,Varón,2764,1529.16,0.55,0.36,0.18,0.51,Muy alta
2018,58,Neuquén,75-79,Mujer,629,398.46,0.63,0.08,0.06,0.76,Muy alta
2018,58,Neuquén,75-79,Varón,288,285.96,0.99,0.2,0.31,1.55,Muy alta
2018,58,Neuquén,80+,Mujer,2563,1090.26,0.43,0.57,0.13,0.22,Alta
2018,58,Neuquén,80+,Varón,0,0,NA,0,0,NA,NA
2018,62,Río Negro,35-39,Mujer,2586,989.71,0.38,0.12,0.05,0.42,Muy alta
2018,62,Río Negro,35-39,Varón,416,430.09,1.03,0.02,0.02,1.09,Muy alta
2018,62,Río Negro,40-44,Mujer,3371,968.41,0.29,0.17,0.04,0.26,Alta
2018,62,Río Negro,40-44,Varón,659,596.05,0.9,0.03,0.03,0.9,Muy alta
2018,62,Río Negro,45-49,Mujer,2633,1181.99,0.45,0.11,0.05,0.46,Muy alta
2018,62,Río Negro,45-49,Varón,2407,603.72,0.25,0.13,0.04,0.29,Alta
2018,62,Río Negro,50-54,Mujer,3566,1484.5,0.42,0.21,0.08,0.4,Muy alta
2018,62,Río Negro,50-54,Varón,1721,798.58,0.46,0.11,0.06,0.55,Muy alta
2018,62,Río Negro,55-59,Mujer,4219,2103.27,0.5,0.3,0.11,0.36,Muy alta
2018,62,Río Negro,55-59,Varón,3633,1280.42,0.35,0.36,0.09,0.27,Alta
2018,62,Río Negro,60-64,Mujer,3284,1120.53,0.34,0.3,0.08,0.27,Alta
2018,62,Río Negro,60-64,Varón,2458,870.34,0.35,0.14,0.05,0.38,Muy alta
2018,62,Río Negro,65-69,Mujer,1912,792.33,0.41,0.21,0.08,0.37,Muy alta
2018,62,Río Negro,65-69,Varón,3351,1070.42,0.32,0.29,0.08,0.26,Alta
2018,62,Río Negro,70-74,Mujer,1879,507.09,0.27,0.21,0.06,0.26,Alta
2018,62,Río Negro,70-74,Varón,2946,1038.84,0.35,0.22,0.06,0.28,Alta
2018,62,Río Negro,75-79,Mujer,514,287.3,0.56,0.06,0.03,0.55,Muy alta
2018,62,Río Negro,75-79,Varón,1114,533.34,0.48,0.24,0.13,0.52,Muy alta
2018,62,Río Negro,80+,Mujer,1512,702.03,0.46,0.31,0.12,0.38,Muy alta
2018,62,Río Negro,80+,Varón,195,220.33,1.13,0.11,0.11,1.06,Muy alta
2018,66,Salta,35-39,Mujer,5573,2330.11,0.42,0.13,0.05,0.4,Muy alta
2018,66,Salta,35-39,Varón,1902,995.14,0.52,0.05,0.03,0.49,Muy alta
2018,66,Salta,40-44,Mujer,7446,2621.13,0.35,0.2,0.06,0.31,Muy alta
2018,66,Salta,40-44,Varón,3807,1637.18,0.43,0.12,0.05,0.41,Muy alta
2018,66,Salta,45-49,Mujer,4635,2071.12,0.45,0.16,0.07,0.42,Muy alta
2018,66,Salta,45-49,Varón,5818,1911.72,0.33,0.14,0.05,0.32,Muy alta
2018,66,Salta,50-54,Mujer,5576,1753.3,0.31,0.17,0.05,0.29,Alta
2018,66,Salta,50-54,Varón,2846,1309.86,0.46,0.11,0.04,0.42,Muy alta
2018,66,Salta,55-59,Mujer,6292,2070.61,0.33,0.22,0.06,0.28,Alta
2018,66,Salta,55-59,Varón,3636,1378.92,0.38,0.19,0.08,0.41,Muy alta
2018,66,Salta,60-64,Mujer,4120,1734.07,0.42,0.21,0.07,0.35,Muy alta
2018,66,Salta,60-64,Varón,3493,1235.33,0.35,0.23,0.08,0.33,Muy alta
2018,66,Salta,65-69,Mujer,4918,1900.81,0.39,0.23,0.08,0.34,Muy alta
2018,66,Salta,65-69,Varón,2038,968.95,0.48,0.09,0.04,0.47,Muy alta
2018,66,Salta,70-74,Mujer,3070,1724.11,0.56,0.2,0.1,0.49,Muy alta
2018,66,Salta,70-74,Varón,1161,671.32,0.58,0.07,0.05,0.65,Muy alta
2018,66,Salta,75-79,Mujer,2262,1029.88,0.46,0.28,0.11,0.39,Muy alta
2018,66,Salta,75-79,Varón,1142,1060.89,0.93,0.27,0.19,0.71,Muy alta
2018,66,Salta,80+,Mujer,1053,780.29,0.74,0.13,0.1,0.74,Muy alta
2018,66,Salta,80+,Varón,2623,1520.25,0.58,0.39,0.18,0.46,Muy alta
2018,70,San Juan,35-39,Mujer,394,325.94,0.83,0.02,0.02,0.9,Muy alta
2018,70,San Juan,35-39,Varón,3947,2032.48,0.51,0.25,0.1,0.42,Muy alta
2018,70,San Juan,40-44,Mujer,4245,1819.04,0.43,0.19,0.07,0.38,Muy alta
2018,70,San Juan,40-44,Varón,2735,1469.93,0.54,0.14,0.07,0.52,Muy alta
2018,70,San Juan,45-49,Mujer,8425,2569.93,0.31,0.36,0.1,0.27,Alta
2018,70,San Juan,45-49,Varón,744,715.81,0.96,0.05,0.05,1,Muy alta
2018,70,San Juan,50-54,Mujer,3062,1384.22,0.45,0.15,0.05,0.37,Muy alta
2018,70,San Juan,50-54,Varón,3795,1526.88,0.4,0.28,0.11,0.4,Muy alta
2018,70,San Juan,55-59,Mujer,3549,1719.17,0.48,0.31,0.12,0.39,Muy alta
2018,70,San Juan,55-59,Varón,3650,1920.49,0.53,0.38,0.14,0.37,Muy alta
2018,70,San Juan,60-64,Mujer,2021,1155.74,0.57,0.13,0.08,0.59,Muy alta
2018,70,San Juan,60-64,Varón,3954,2229.91,0.56,0.34,0.16,0.45,Muy alta
2018,70,San Juan,65-69,Mujer,5933,1906.14,0.32,0.47,0.12,0.26,Alta
2018,70,San Juan,65-69,Varón,1324,830.42,0.63,0.09,0.06,0.63,Muy alta
2018,70,San Juan,70-74,Mujer,3942,1585.93,0.4,0.31,0.11,0.36,Muy alta
2018,70,San Juan,70-74,Varón,3967,1699.96,0.43,0.54,0.16,0.3,Alta
2018,70,San Juan,75-79,Mujer,3573,1548.99,0.43,0.49,0.16,0.32,Muy alta
2018,70,San Juan,75-79,Varón,915,603.01,0.66,0.34,0.21,0.61,Muy alta
2018,70,San Juan,80+,Mujer,466,381.61,0.82,0.08,0.07,0.91,Muy alta
2018,70,San Juan,80+,Varón,917,723.6,0.79,0.2,0.17,0.87,Muy alta
2018,74,San Luis,35-39,Mujer,957,421.12,0.44,0.06,0.03,0.46,Muy alta
2018,74,San Luis,35-39,Varón,748,536.53,0.72,0.05,0.03,0.76,Muy alta
2018,74,San Luis,40-44,Mujer,4030,1282.16,0.32,0.33,0.09,0.28,Alta
2018,74,San Luis,40-44,Varón,2131,1118.53,0.52,0.13,0.07,0.53,Muy alta
2018,74,San Luis,45-49,Mujer,1757,800.21,0.46,0.12,0.05,0.42,Muy alta
2018,74,San Luis,45-49,Varón,863,951.64,1.1,0.09,0.09,1.01,Muy alta
2018,74,San Luis,50-54,Mujer,1629,859.67,0.53,0.11,0.05,0.48,Muy alta
2018,74,San Luis,50-54,Varón,0,0,NA,0,0,NA,NA
2018,74,San Luis,55-59,Mujer,1683,680.04,0.4,0.15,0.06,0.4,Muy alta
2018,74,San Luis,55-59,Varón,2099,961.68,0.46,0.31,0.12,0.37,Muy alta
2018,74,San Luis,60-64,Mujer,1201,470.36,0.39,0.21,0.08,0.38,Muy alta
2018,74,San Luis,60-64,Varón,5422,1461.73,0.27,0.47,0.1,0.21,Alta
2018,74,San Luis,65-69,Mujer,2621,838.04,0.32,0.29,0.08,0.26,Alta
2018,74,San Luis,65-69,Varón,1968,845.19,0.43,0.31,0.12,0.38,Muy alta
2018,74,San Luis,70-74,Mujer,736,320.3,0.44,0.13,0.05,0.42,Muy alta
2018,74,San Luis,70-74,Varón,3646,1254.13,0.34,0.42,0.13,0.31,Muy alta
2018,74,San Luis,75-79,Mujer,1607,887.43,0.55,0.43,0.19,0.43,Muy alta
2018,74,San Luis,75-79,Varón,1731,715.15,0.41,0.47,0.16,0.34,Muy alta
2018,74,San Luis,80+,Mujer,1365,537,0.39,0.28,0.09,0.34,Muy alta
2018,74,San Luis,80+,Varón,762,595.98,0.78,0.47,0.25,0.53,Muy alta
2018,78,Santa Cruz,35-39,Mujer,1163,547.08,0.47,0.09,0.04,0.49,Muy alta
2018,78,Santa Cruz,35-39,Varón,782,505.72,0.65,0.05,0.04,0.7,Muy alta
2018,78,Santa Cruz,40-44,Mujer,2513,901.41,0.36,0.17,0.06,0.37,Muy alta
2018,78,Santa Cruz,40-44,Varón,161,179.92,1.12,0.01,0.02,1.16,Muy alta
2018,78,Santa Cruz,45-49,Mujer,2840,764.45,0.27,0.3,0.09,0.28,Alta
2018,78,Santa Cruz,45-49,Varón,433,433.03,1,0.05,0.05,1.01,Muy alta
2018,78,Santa Cruz,50-54,Mujer,650,454.4,0.7,0.13,0.09,0.68,Muy alta
2018,78,Santa Cruz,50-54,Varón,1382,590.33,0.43,0.16,0.08,0.49,Muy alta
2018,78,Santa Cruz,55-59,Mujer,1273,613.68,0.48,0.19,0.09,0.48,Muy alta
2018,78,Santa Cruz,55-59,Varón,1007,676.9,0.67,0.14,0.08,0.59,Muy alta
2018,78,Santa Cruz,60-64,Mujer,2284,1149.46,0.5,0.48,0.16,0.34,Muy alta
2018,78,Santa Cruz,60-64,Varón,1498,516.29,0.34,0.21,0.07,0.33,Muy alta
2018,78,Santa Cruz,65-69,Mujer,378,104.13,0.28,0.07,0.03,0.37,Muy alta
2018,78,Santa Cruz,65-69,Varón,3261,1220.03,0.37,0.47,0.15,0.31,Muy alta
2018,78,Santa Cruz,70-74,Mujer,440,397.04,0.9,0.33,0.21,0.62,Muy alta
2018,78,Santa Cruz,70-74,Varón,1681,957.14,0.57,0.9,0.18,0.2,Moderada
2018,78,Santa Cruz,75-79,Mujer,545,339.74,0.62,0.27,0.14,0.51,Muy alta
2018,78,Santa Cruz,75-79,Varón,314,311.66,0.99,0.57,0.37,0.65,Muy alta
2018,78,Santa Cruz,80+,Mujer,477,420.64,0.88,0.35,0.23,0.65,Muy alta
2018,78,Santa Cruz,80+,Varón,237,202.43,0.85,0.18,0.2,1.11,Muy alta
2018,82,Santa Fe,35-39,Mujer,7568,2891.75,0.38,0.08,0.03,0.4,Muy alta
2018,82,Santa Fe,35-39,Varón,8212,3595.24,0.44,0.07,0.03,0.47,Muy alta
2018,82,Santa Fe,40-44,Mujer,12967,4953.96,0.38,0.12,0.04,0.36,Muy alta
2018,82,Santa Fe,40-44,Varón,5064,3016.97,0.6,0.05,0.03,0.6,Muy alta
2018,82,Santa Fe,45-49,Mujer,5058,2792.34,0.55,0.05,0.03,0.56,Muy alta
2018,82,Santa Fe,45-49,Varón,18604,5505.83,0.3,0.24,0.07,0.3,Alta
2018,82,Santa Fe,50-54,Mujer,15236,5520.73,0.36,0.23,0.07,0.31,Muy alta
2018,82,Santa Fe,50-54,Varón,20870,7236.49,0.35,0.26,0.08,0.32,Muy alta
2018,82,Santa Fe,55-59,Mujer,13453,5351.01,0.4,0.17,0.06,0.35,Muy alta
2018,82,Santa Fe,55-59,Varón,9021,2835.22,0.31,0.18,0.06,0.34,Muy alta
2018,82,Santa Fe,60-64,Mujer,17480,5665.43,0.32,0.25,0.07,0.29,Alta
2018,82,Santa Fe,60-64,Varón,15459,6914.83,0.45,0.2,0.08,0.41,Muy alta
2018,82,Santa Fe,65-69,Mujer,17550,5766.02,0.33,0.26,0.08,0.3,Alta
2018,82,Santa Fe,65-69,Varón,22971,8944.58,0.39,0.37,0.11,0.31,Muy alta
2018,82,Santa Fe,70-74,Mujer,10575,5753.15,0.54,0.28,0.11,0.41,Muy alta
2018,82,Santa Fe,70-74,Varón,11007,3630.63,0.33,0.27,0.09,0.32,Muy alta
2018,82,Santa Fe,75-79,Mujer,8499,3326.32,0.39,0.17,0.07,0.4,Muy alta
2018,82,Santa Fe,75-79,Varón,4400,2411.37,0.55,0.15,0.07,0.48,Muy alta
2018,82,Santa Fe,80+,Mujer,9637,4698.01,0.49,0.19,0.09,0.44,Muy alta
2018,82,Santa Fe,80+,Varón,4888,2969.94,0.61,0.15,0.09,0.56,Muy alta
2018,86,Santiago del Estero,35-39,Mujer,3223,1509.07,0.47,0.15,0.06,0.41,Muy alta
2018,86,Santiago del Estero,35-39,Varón,1599,979.01,0.61,0.06,0.05,0.73,Muy alta
2018,86,Santiago del Estero,40-44,Mujer,6030,2389.69,0.4,0.24,0.09,0.37,Muy alta
2018,86,Santiago del Estero,40-44,Varón,351,399.06,1.14,0.02,0.02,1.32,Muy alta
2018,86,Santiago del Estero,45-49,Mujer,4440,2023.53,0.46,0.21,0.08,0.39,Muy alta
2018,86,Santiago del Estero,45-49,Varón,2642,1227.45,0.46,0.21,0.09,0.44,Muy alta
2018,86,Santiago del Estero,50-54,Mujer,2273,1271.86,0.56,0.2,0.12,0.6,Muy alta
2018,86,Santiago del Estero,50-54,Varón,6075,2643.04,0.44,0.27,0.12,0.46,Muy alta
2018,86,Santiago del Estero,55-59,Mujer,3002,1688.82,0.56,0.21,0.11,0.52,Muy alta
2018,86,Santiago del Estero,55-59,Varón,2995,1683.31,0.56,0.22,0.12,0.54,Muy alta
2018,86,Santiago del Estero,60-64,Mujer,2582,1111.71,0.43,0.21,0.09,0.41,Muy alta
2018,86,Santiago del Estero,60-64,Varón,573,555.3,0.97,0.08,0.08,1.03,Muy alta
2018,86,Santiago del Estero,65-69,Mujer,1830,1008.62,0.55,0.22,0.13,0.61,Muy alta
2018,86,Santiago del Estero,65-69,Varón,5362,1827.5,0.34,0.58,0.16,0.28,Alta
2018,86,Santiago del Estero,70-74,Mujer,3395,1604.28,0.47,0.25,0.11,0.43,Muy alta
2018,86,Santiago del Estero,70-74,Varón,1090,823.62,0.76,0.19,0.17,0.89,Muy alta
2018,86,Santiago del Estero,75-79,Mujer,0,0,NA,0,0,NA,NA
2018,86,Santiago del Estero,75-79,Varón,0,0,NA,0,0,NA,NA
2018,86,Santiago del Estero,80+,Mujer,361,351.83,0.97,0.05,0.04,0.84,Muy alta
2018,86,Santiago del Estero,80+,Varón,1834,1286.27,0.7,0.29,0.19,0.65,Muy alta
2018,90,Tucumán,35-39,Mujer,6436,2069.59,0.32,0.14,0.04,0.32,Muy alta
2018,90,Tucumán,35-39,Varón,1280,1171.73,0.92,0.02,0.02,0.98,Muy alta
2018,90,Tucumán,40-44,Mujer,5862,2290.6,0.39,0.17,0.06,0.37,Muy alta
2018,90,Tucumán,40-44,Varón,5801,2639.76,0.46,0.16,0.07,0.42,Muy alta
2018,90,Tucumán,45-49,Mujer,6139,2915.79,0.47,0.16,0.08,0.48,Muy alta
2018,90,Tucumán,45-49,Varón,3419,2768.42,0.81,0.09,0.07,0.81,Muy alta
2018,90,Tucumán,50-54,Mujer,5020,1665.68,0.33,0.17,0.06,0.34,Muy alta
2018,90,Tucumán,50-54,Varón,7977,3306.14,0.41,0.26,0.1,0.37,Muy alta
2018,90,Tucumán,55-59,Mujer,3113,1483.46,0.48,0.19,0.08,0.44,Muy alta
2018,90,Tucumán,55-59,Varón,9355,3218.67,0.34,0.38,0.12,0.31,Muy alta
2018,90,Tucumán,60-64,Mujer,9838,2839.81,0.29,0.27,0.07,0.26,Alta
2018,90,Tucumán,60-64,Varón,9967,4183.11,0.42,0.31,0.11,0.36,Muy alta
2018,90,Tucumán,65-69,Mujer,3100,1262.49,0.41,0.15,0.06,0.43,Muy alta
2018,90,Tucumán,65-69,Varón,3754,2028.55,0.54,0.14,0.08,0.58,Muy alta
2018,90,Tucumán,70-74,Mujer,2422,1105.09,0.46,0.11,0.05,0.47,Muy alta
2018,90,Tucumán,70-74,Varón,143,158.45,1.11,0.01,0.02,1.22,Muy alta
2018,90,Tucumán,75-79,Mujer,5005,2210.17,0.44,0.33,0.12,0.35,Muy alta
2018,90,Tucumán,75-79,Varón,1609,1272.92,0.79,0.18,0.17,0.95,Muy alta
2018,90,Tucumán,80+,Mujer,500,529.24,1.06,0.04,0.04,1.06,Muy alta
2018,90,Tucumán,80+,Varón,340,391.47,1.15,0.03,0.04,1.27,Muy alta
2018,94,Tierra del Fuego,35-39,Mujer,319,348.77,1.09,0.04,0.05,1.16,Muy alta
2018,94,Tierra del Fuego,35-39,Varón,529,455.59,0.86,0.07,0.06,0.85,Muy alta
2018,94,Tierra del Fuego,40-44,Mujer,1401,646.92,0.46,0.25,0.13,0.49,Muy alta
2018,94,Tierra del Fuego,40-44,Varón,2092,435.17,0.21,0.33,0.12,0.37,Muy alta
2018,94,Tierra del Fuego,45-49,Mujer,492,420.53,0.85,0.11,0.09,0.85,Muy alta
2018,94,Tierra del Fuego,45-49,Varón,531,457.31,0.86,0.12,0.11,0.97,Muy alta
2018,94,Tierra del Fuego,50-54,Mujer,1143,523.44,0.46,0.49,0.23,0.47,Muy alta
2018,94,Tierra del Fuego,50-54,Varón,722,470.06,0.65,0.19,0.15,0.79,Muy alta
2018,94,Tierra del Fuego,55-59,Mujer,1075,644.65,0.6,0.19,0.1,0.51,Muy alta
2018,94,Tierra del Fuego,55-59,Varón,1340,611.73,0.46,0.62,0.19,0.3,Alta
2018,94,Tierra del Fuego,60-64,Mujer,622,427.61,0.69,0.18,0.12,0.68,Muy alta
2018,94,Tierra del Fuego,60-64,Varón,468,409.4,0.87,0.1,0.1,1.02,Muy alta
2018,94,Tierra del Fuego,65-69,Mujer,939,574.19,0.61,0.47,0.27,0.58,Muy alta
2018,94,Tierra del Fuego,65-69,Varón,340,382.43,1.12,0.19,0.29,1.56,Muy alta
2018,94,Tierra del Fuego,70-74,Mujer,0,0,NA,0,0,NA,NA
2018,94,Tierra del Fuego,70-74,Varón,953,671.33,0.7,0.61,0.25,0.41,Muy alta
2018,94,Tierra del Fuego,75-79,Mujer,290,234.9,0.81,0.4,0.34,0.84,Muy alta
2018,94,Tierra del Fuego,75-79,Varón,192,224.3,1.17,0.17,0.27,1.56,Muy alta
2018,94,Tierra del Fuego,80+,Mujer,0,0,NA,0,0,NA,NA
2018,94,Tierra del Fuego,80+,Varón,122,164.03,1.34,0.26,0.38,1.47,Muy alta
